JvmtiExport can_access_local_variables 0
JvmtiExport can_hotswap_or_post_breakpoint 0
JvmtiExport can_post_on_exceptions 0
# 435 ciObject found
ciMethod java/lang/Object <init> ()V 4097 1 547579 0 0
ciMethod java/lang/Object getClass ()Ljava/lang/Class; 2049 1 256 0 -1
ciMethod java/lang/Object hashCode ()I 2049 1 256 0 -1
ciMethod java/lang/Object equals (Ljava/lang/Object;)Z 705 1 61 0 -1
ciMethod java/lang/String <init> ([CII)V 2689 1 27517 0 736
ciMethod java/lang/String length ()I 4097 1 201507 0 0
ciMethod java/lang/String charAt (I)C 4097 1 526321 0 160
ciMethod java/lang/String equals (Ljava/lang/Object;)Z 31721 44785 5688 0 -1
ciMethod java/lang/String lastIndexOf (I)I 2049 1 11189 0 -1
ciMethod java/lang/String lastIndexOf (Ljava/lang/String;)I 7169 1 10075 0 0
ciMethod java/lang/String lastIndexOf (Ljava/lang/String;I)I 7161 1 10077 0 0
ciMethod java/lang/String lastIndexOf ([CII[CIII)I 7113 81921 9794 0 608
ciMethod java/lang/String substring (I)Ljava/lang/String; 107345 1 12077 0 960
ciMethod java/lang/String substring (II)Ljava/lang/String; 2457 1 21285 0 -1
ciMethod java/lang/Class isInstance (Ljava/lang/Object;)Z 2049 1 256 0 -1
ciMethod java/lang/Class isAssignableFrom (Ljava/lang/Class;)Z 2049 1 256 0 -1
ciMethod java/lang/Class isArray ()Z 2049 1 256 0 -1
ciMethod java/lang/Class getName ()Ljava/lang/String; 2225 1 11989 0 0
ciMethod java/lang/Class getName0 ()Ljava/lang/String; 953 1 119 0 -1
ciMethod java/lang/Class getClassLoader ()Ljava/lang/ClassLoader; 2977 1 372 0 -1
ciMethod java/lang/Class getClassLoader0 ()Ljava/lang/ClassLoader; 2681 1 335 0 0
ciMethod java/lang/Class getSuperclass ()Ljava/lang/Class; 2049 1 256 0 -1
ciMethod java/lang/Class getInterfaces ()[Ljava/lang/Class; 0 0 37 0 -1
ciMethod java/lang/Class getComponentType ()Ljava/lang/Class; 241 1 29 0 -1
ciMethod java/lang/Class getEnclosingMethod0 ()[Ljava/lang/Object; 3073 1 384 0 -1
ciMethod java/lang/Class getEnclosingMethodInfo ()Ljava/lang/Class$EnclosingMethodInfo; 4097 1 5904 0 -1
ciMethod java/lang/Class getDeclaringClass ()Ljava/lang/Class; 2049 1 6009 0 0
ciMethod java/lang/Class getDeclaringClass0 ()Ljava/lang/Class; 2049 1 256 0 -1
ciMethod java/lang/Class getEnclosingClass ()Ljava/lang/Class; 2777 1 5902 0 0
ciMethod java/lang/Class getSimpleName ()Ljava/lang/String; 2097 1 5501 0 0
ciMethod java/lang/Class isAsciiDigit (C)Z 2121 1 5820 0 0
ciMethod java/lang/Class getSimpleBinaryName ()Ljava/lang/String; 2153 1 5900 0 0
ciMethod java/lang/Class getDeclaredFields ()[Ljava/lang/reflect/Field; 489 1 61 0 -1
ciMethod java/lang/Class checkPackageAccess (Ljava/lang/ClassLoader;Z)V 2049 1 9076 0 96
ciMethod java/lang/Class cast (Ljava/lang/Object;)Ljava/lang/Object; 4097 1 5028 0 0
ciMethod java/lang/Class cannotCastMsg (Ljava/lang/Object;)Ljava/lang/String; 0 0 1 0 -1
ciMethod java/lang/ClassLoader getParent ()Ljava/lang/ClassLoader; 17 1 2 0 -1
ciMethod java/lang/ClassLoader getClassLoader (Ljava/lang/Class;)Ljava/lang/ClassLoader; 49 1 11662 0 64
ciMethod java/lang/ClassLoader checkClassLoaderPermission (Ljava/lang/ClassLoader;Ljava/lang/Class;)V 0 0 1 0 -1
ciMethod java/lang/System getSecurityManager ()Ljava/lang/SecurityManager; 3081 1 14285 0 0
ciMethod java/lang/System arraycopy (Ljava/lang/Object;ILjava/lang/Object;II)V 5121 1 640 0 -1
ciMethod java/lang/System identityHashCode (Ljava/lang/Object;)I 2049 1 256 0 -1
ciMethod java/lang/Throwable getMessage ()Ljava/lang/String; 0 0 1 0 0
ciMethod java/lang/SecurityManager checkPackageAccess (Ljava/lang/String;)V 0 0 1 0 -1
ciMethod java/lang/ClassCastException <init> (Ljava/lang/String;)V 0 0 1 0 -1
ciMethod java/lang/OutOfMemoryError <init> (Ljava/lang/String;)V 0 0 1 0 -1
ciMethod java/util/Map put (Ljava/lang/Object;Ljava/lang/Object;)Ljava/lang/Object; 0 0 1 0 -1
ciMethod java/lang/reflect/AccessibleObject checkAccess (Ljava/lang/Class;Ljava/lang/Class;Ljava/lang/Object;I)V 0 0 1 0 -1
ciMethod java/lang/reflect/Field getDeclaringClass ()Ljava/lang/Class; 1457 1 182 0 0
ciMethod java/lang/reflect/Field getName ()Ljava/lang/String; 2049 1 256 0 -1
ciMethod java/lang/reflect/Field getModifiers ()I 1049 1 131 0 -1
ciMethod java/lang/reflect/Field getType ()Ljava/lang/Class; 1041 1 130 0 -1
ciMethod java/lang/reflect/Field getGenericType ()Ljava/lang/reflect/Type; 65 1 8 0 -1
ciMethod java/lang/reflect/Field get (Ljava/lang/Object;)Ljava/lang/Object; 4097 1 6010 0 384
ciMethod java/lang/reflect/Field getFieldAccessor (Ljava/lang/Object;)Lsun/reflect/FieldAccessor; 4097 1 6012 0 0
ciMethod java/lang/reflect/Field acquireFieldAccessor (Z)Lsun/reflect/FieldAccessor; 561 1 70 0 0
ciMethod java/lang/reflect/Field getFieldAccessor (Z)Lsun/reflect/FieldAccessor; 561 1 70 0 -1
ciMethod java/lang/reflect/Field setFieldAccessor (Lsun/reflect/FieldAccessor;Z)V 1121 1 140 0 -1
ciMethod sun/reflect/UnsafeFieldAccessorImpl ensureObj (Ljava/lang/Object;)V 4097 1 5975 0 0
ciMethod sun/reflect/UnsafeFieldAccessorImpl throwSetIllegalArgumentException (Ljava/lang/Object;)V 0 0 1 0 -1
ciMethod sun/reflect/FieldAccessor get (Ljava/lang/Object;)Ljava/lang/Object; 0 0 1 0 -1
ciMethod java/lang/StringBuilder <init> ()V 617 1 23436 0 -1
ciMethod java/lang/StringBuilder append (Ljava/lang/String;)Ljava/lang/StringBuilder; 969 1 45289 0 -1
ciMethod java/lang/StringBuilder append (I)Ljava/lang/StringBuilder; 0 0 39 0 -1
ciMethod java/lang/StringBuilder toString ()Ljava/lang/String; 617 1 22770 0 -1
ciMethod sun/misc/Unsafe getObject (Ljava/lang/Object;J)Ljava/lang/Object; 10241 1 1280 0 -1
ciMethod java/util/Collection iterator ()Ljava/util/Iterator; 0 0 1 0 -1
ciMethod java/util/Collection toArray ()[Ljava/lang/Object; 0 0 1 0 -1
ciMethod java/util/Collection add (Ljava/lang/Object;)Z 0 0 1 0 -1
ciMethod java/util/List size ()I 0 0 1 0 -1
ciMethod java/util/List iterator ()Ljava/util/Iterator; 0 0 1 0 -1
ciMethod java/util/List toArray ([Ljava/lang/Object;)[Ljava/lang/Object; 0 0 1 0 -1
ciMethod java/util/List addAll (Ljava/util/Collection;)Z 0 0 1 0 -1
ciMethod java/util/AbstractList <init> ()V 321 1 12793 0 0
ciMethod java/util/AbstractCollection <init> ()V 281 1 192852 0 0
ciMethod sun/reflect/ReflectionFactory newFieldAccessor (Ljava/lang/reflect/Field;Z)Lsun/reflect/FieldAccessor; 561 1 70 0 -1
ciMethod sun/reflect/ReflectionFactory checkInitted ()V 1169 1 146 0 -1
ciMethod java/util/ArrayList <init> ()V 113 1 11604 0 64
ciMethod java/util/ArrayList ensureCapacityInternal (I)V 665 1 91017 0 576
ciMethod java/util/ArrayList ensureExplicitCapacity (I)V 665 1 91017 0 0
ciMethod java/util/ArrayList grow (I)V 97 1 4749 0 0
ciMethod java/util/ArrayList hugeCapacity (I)I 0 0 1 0 -1
ciMethod java/util/ArrayList size ()I 1209 1 151 0 0
ciMethod java/util/ArrayList toArray ()[Ljava/lang/Object; 34489 1 10829 0 416
ciMethod java/util/ArrayList toArray ([Ljava/lang/Object;)[Ljava/lang/Object; 145 1 444 0 0
ciMethod java/util/ArrayList add (Ljava/lang/Object;)Z 665 1 84787 0 768
ciMethod java/util/ArrayList addAll (Ljava/util/Collection;)Z 1 1 6808 0 0
ciMethod sun/reflect/Reflection getCallerClass ()Ljava/lang/Class; 3073 1 384 0 -1
ciMethod sun/reflect/Reflection quickCheckMemberAccess (Ljava/lang/Class;I)Z 609 1 78 0 -1
ciMethod java/lang/Math max (II)I 281 1 74500 0 -1
ciMethod java/lang/Math min (II)I 4049 1 38961 0 -1
ciMethod java/util/Iterator hasNext ()Z 0 0 1 0 -1
ciMethod java/util/Iterator next ()Ljava/lang/Object; 0 0 1 0 -1
ciMethod java/lang/reflect/Modifier isStatic (I)Z 2073 1 259 0 -1
ciMethod sun/reflect/misc/ReflectUtil checkPackageAccess (Ljava/lang/Class;)V 0 0 1 0 -1
ciMethod sun/reflect/misc/ReflectUtil isAncestor (Ljava/lang/ClassLoader;Ljava/lang/ClassLoader;)Z 0 0 1 0 -1
ciMethod sun/reflect/misc/ReflectUtil needsPackageAccessCheck (Ljava/lang/ClassLoader;Ljava/lang/ClassLoader;)Z 0 0 1 0 -1
ciMethod sun/reflect/misc/ReflectUtil checkProxyPackageAccess (Ljava/lang/ClassLoader;[Ljava/lang/Class;)V 0 0 1 0 -1
ciMethod sun/reflect/misc/ReflectUtil isNonPublicProxyClass (Ljava/lang/Class;)Z 0 0 1 0 -1
ciMethod java/util/Arrays copyOf ([Ljava/lang/Object;I)[Ljava/lang/Object; 11265 1 11061 0 384
ciMethod java/util/Arrays copyOf ([Ljava/lang/Object;ILjava/lang/Class;)[Ljava/lang/Object; 74297 1 14606 0 -1
ciMethod java/util/Arrays copyOfRange ([CII)[C 2705 1 5659 0 512
ciMethod java/lang/Enum ordinal ()I 1105 1 138 0 0
ciMethodData java/lang/Object <init> ()V 2 547614 orig 264 72 34 184 106 0 0 0 0 128 4 79 24 0 0 0 0 32 1 0 0 0 0 0 0 0 0 0 0 0 0 0 0 0 0 0 0 0 0 0 0 0 0 0 0 0 0 0 0 0 0 0 0 0 0 0 0 0 0 0 0 0 0 0 0 0 0 0 0 0 0 0 0 0 0 0 0 0 0 0 0 77 68 79 32 101 120 116 114 97 32 100 97 116 97 32 108 111 99 107 0 0 0 0 0 0 0 0 0 0 0 0 0 0 0 0 0 0 0 0 0 0 0 0 0 0 0 0 0 0 0 0 0 0 0 0 0 0 0 0 0 0 0 0 0 0 0 0 0 0 0 0 0 0 0 0 0 0 0 0 0 0 0 0 0 0 0 0 0 0 0 0 0 0 0 0 0 0 0 0 0 0 0 0 0 1 0 0 0 0 0 0 0 1 0 0 0 0 0 0 0 1 0 0 0 0 0 0 0 0 0 0 0 0 0 0 0 0 2 0 0 241 200 66 0 1 0 0 0 0 0 0 0 0 0 0 0 2 0 0 0 0 0 3 0 1 0 0 0 0 0 0 0 255 255 255 255 0 0 0 0 0 0 0 0 data 0 oops 0
ciMethod java/lang/IllegalArgumentException <init> (Ljava/lang/String;)V 0 0 1 0 -1
ciMethodData java/lang/String charAt (I)C 2 526496 orig 264 72 34 184 106 0 0 0 0 104 61 79 24 0 0 0 0 120 1 0 0 32 0 0 0 0 0 0 0 0 0 0 0 0 0 0 0 0 0 0 0 0 0 0 0 0 0 0 0 0 0 0 0 0 0 0 0 0 0 0 0 0 0 0 0 0 0 0 0 0 0 0 0 0 0 0 0 0 0 0 0 77 68 79 32 101 120 116 114 97 32 100 97 116 97 32 108 111 99 107 0 0 0 0 0 0 0 0 0 0 0 0 0 0 0 0 0 0 0 0 0 0 0 0 0 0 0 0 0 0 0 0 0 0 0 0 0 0 0 0 0 0 0 0 0 0 0 0 0 0 0 0 0 0 0 0 0 0 0 0 0 0 0 0 0 0 0 0 0 0 0 0 0 0 0 0 0 0 0 0 0 0 0 0 0 0 0 0 0 0 0 0 0 0 0 0 0 0 0 0 0 0 0 0 0 0 0 0 0 0 0 0 0 0 0 0 0 0 2 0 0 1 53 64 0 1 0 0 0 0 0 0 0 0 0 0 0 2 0 0 0 0 0 8 0 2 0 0 0 80 0 0 0 255 255 255 255 7 0 1 0 0 0 0 0 data 10 0x10007 0x0 0x40 0x806a0 0xa0007 0x806a0 0x30 0x0 0x120002 0x0 oops 0
ciMethod java/util/concurrent/ConcurrentMap putIfAbsent (Ljava/lang/Object;Ljava/lang/Object;)Ljava/lang/Object; 0 0 1 0 -1
ciMethod java/util/concurrent/ConcurrentMap get (Ljava/lang/Object;)Ljava/lang/Object; 0 0 1 0 -1
ciMethod java/util/concurrent/ConcurrentHashMap spread (I)I 2089 1 8719 0 -1
ciMethod java/util/concurrent/ConcurrentHashMap tabAt ([Ljava/util/concurrent/ConcurrentHashMap$Node;I)Ljava/util/concurrent/ConcurrentHashMap$Node; 3073 1 15671 0 -1
ciMethod java/util/concurrent/ConcurrentHashMap casTabAt ([Ljava/util/concurrent/ConcurrentHashMap$Node;ILjava/util/concurrent/ConcurrentHashMap$Node;Ljava/util/concurrent/ConcurrentHashMap$Node;)Z 2065 1 2396 0 -1
ciMethod java/util/concurrent/ConcurrentHashMap get (Ljava/lang/Object;)Ljava/lang/Object; 2049 161 5433 0 2848
ciMethod java/util/concurrent/ConcurrentHashMap putVal (Ljava/lang/Object;Ljava/lang/Object;Z)Ljava/lang/Object; 2057 217 3372 0 -1
ciMethod java/util/concurrent/ConcurrentHashMap putIfAbsent (Ljava/lang/Object;Ljava/lang/Object;)Ljava/lang/Object; 2057 1 3142 0 0
ciMethod java/util/concurrent/ConcurrentHashMap initTable ()[Ljava/util/concurrent/ConcurrentHashMap$Node; 49 1 20 0 -1
ciMethod java/util/concurrent/ConcurrentHashMap addCount (JI)V 1777 49 2456 0 -1
ciMethod java/util/concurrent/ConcurrentHashMap helpTransfer ([Ljava/util/concurrent/ConcurrentHashMap$Node;Ljava/util/concurrent/ConcurrentHashMap$Node;)[Ljava/util/concurrent/ConcurrentHashMap$Node; 0 0 1 0 -1
ciMethod java/util/concurrent/ConcurrentHashMap treeifyBin ([Ljava/util/concurrent/ConcurrentHashMap$Node;I)V 0 0 1 0 -1
ciMethod java/util/concurrent/ConcurrentHashMap$Node <init> (ILjava/lang/Object;Ljava/lang/Object;Ljava/util/concurrent/ConcurrentHashMap$Node;)V 2073 1 3059 0 -1
ciMethod java/util/concurrent/ConcurrentHashMap$Node find (ILjava/lang/Object;)Ljava/util/concurrent/ConcurrentHashMap$Node; 0 0 1 0 -1
ciMethodData java/util/Arrays copyOfRange ([CII)[C 2 5659 orig 264 72 34 184 106 0 0 0 0 32 104 98 24 0 0 0 0 120 2 0 0 240 0 0 0 0 0 0 0 0 0 0 0 0 0 0 0 0 0 0 0 0 0 0 0 0 0 0 0 0 0 0 0 0 0 0 0 0 0 0 0 0 0 0 0 0 0 0 0 0 0 0 0 0 0 0 0 0 0 0 0 77 68 79 32 101 120 116 114 97 32 100 97 116 97 32 108 111 99 107 0 0 0 0 0 0 0 0 0 0 0 0 0 0 0 0 0 0 0 0 0 0 0 0 0 0 0 0 0 0 0 0 0 0 0 0 0 0 0 0 0 0 0 0 0 0 0 0 0 0 0 0 0 0 0 0 0 0 0 0 0 0 0 0 0 0 0 0 0 0 0 0 0 0 0 0 0 0 0 0 0 0 0 0 0 0 0 0 0 0 0 0 0 0 0 0 0 0 0 0 0 0 0 0 0 0 0 0 0 0 0 0 0 0 0 0 0 82 1 0 0 73 166 0 0 1 0 0 0 0 0 0 0 0 0 0 0 2 0 0 0 0 0 9 0 2 0 0 0 32 1 0 0 255 255 255 255 7 0 5 0 0 0 0 0 data 36 0x50007 0x14c9 0x100 0x0 0x100002 0x0 0x140005 0x0 0x0 0x0 0x0 0x0 0x190005 0x0 0x0 0x0 0x0 0x0 0x1d0005 0x0 0x0 0x0 0x0 0x0 0x200005 0x0 0x0 0x0 0x0 0x0 0x230002 0x0 0x360002 0x14c9 0x390002 0x14c9 oops 0
ciMethodData java/lang/String <init> ([CII)V 2 27517 orig 264 72 34 184 106 0 0 0 0 88 49 79 24 0 0 0 0 80 2 0 0 64 0 0 0 0 0 0 0 0 0 0 0 0 0 0 0 0 0 0 0 0 0 0 0 0 0 0 0 0 0 0 0 0 0 0 0 0 0 0 0 0 0 0 0 0 0 0 0 0 0 0 0 0 0 0 0 0 0 0 0 77 68 79 32 101 120 116 114 97 32 100 97 116 97 32 108 111 99 107 0 0 0 0 0 0 0 0 0 0 0 0 0 0 0 0 0 0 0 0 0 0 0 0 0 0 0 0 0 0 0 0 0 0 0 0 0 0 0 0 0 0 0 0 0 1 0 0 0 0 0 0 0 0 0 0 0 0 0 0 0 0 0 0 0 0 0 0 0 0 0 0 0 0 0 0 0 0 0 0 1 0 0 0 0 0 0 0 0 0 0 0 0 0 0 0 0 0 0 0 0 0 0 0 0 0 0 0 0 0 0 0 0 0 0 0 0 80 1 0 0 105 81 3 0 1 0 0 0 0 20 0 0 0 0 0 0 2 0 0 0 0 0 14 0 2 0 0 0 240 0 0 0 255 255 255 255 2 0 1 0 0 0 0 0 data 30 0x10002 0x6a2d 0x50007 0x6a2d 0x30 0x0 0xd0002 0x0 0x12e007 0x68d5 0x70 0x159 0x160007 0x159 0x30 0x0 0x1e0002 0x0 0x250007 0x0 0x20 0x159 0x370007 0x68d5 0x30 0x0 0x410002 0x0 0x4b0002 0x68d5 oops 0
ciMethodData java/lang/String length ()I 2 201541 orig 264 72 34 184 106 0 0 0 0 24 60 79 24 0 0 0 0 32 1 0 0 0 0 0 0 0 0 0 0 0 0 0 0 0 0 0 0 0 0 0 0 0 0 0 0 0 0 0 0 0 0 0 0 0 0 0 0 0 0 0 0 0 0 0 0 0 0 0 0 0 0 0 0 0 0 0 0 0 0 0 0 77 68 79 32 101 120 116 114 97 32 100 97 116 97 32 108 111 99 107 0 0 0 0 0 0 0 0 0 0 0 0 0 0 0 0 0 0 0 0 0 0 0 0 0 0 0 0 0 0 0 0 0 0 0 0 0 0 0 0 0 0 0 0 0 0 0 0 0 0 0 0 0 0 0 0 0 0 0 0 0 0 0 0 0 0 0 0 0 0 0 0 0 0 0 0 0 0 0 0 0 0 0 0 0 0 0 0 0 0 0 0 0 0 0 0 0 0 0 0 0 0 0 0 0 0 0 0 0 0 0 0 0 0 0 0 0 0 2 0 0 41 138 24 0 1 0 0 0 0 0 0 0 0 0 0 0 2 0 0 0 0 0 3 0 1 0 0 0 0 0 0 0 255 255 255 255 0 0 0 0 0 0 0 0 data 0 oops 0
ciMethodData java/util/ArrayList add (Ljava/lang/Object;)Z 2 84787 orig 264 72 34 184 106 0 0 0 0 32 219 91 24 0 0 0 0 144 1 0 0 0 0 0 0 0 0 0 0 0 0 0 0 0 0 0 0 0 0 0 0 0 0 0 0 0 0 0 0 0 0 0 0 0 0 0 0 0 0 0 0 0 0 0 0 0 0 0 0 0 0 0 0 0 0 0 0 0 0 0 0 77 68 79 32 101 120 116 114 97 32 100 97 116 97 32 108 111 99 107 0 0 0 0 0 0 0 0 0 0 0 0 0 0 0 0 0 0 0 0 0 0 0 0 0 0 0 0 0 0 0 0 0 0 0 0 0 0 0 0 0 0 0 0 0 0 0 0 0 0 0 0 0 0 0 0 0 0 0 0 0 0 0 0 0 0 0 0 0 0 0 0 0 0 0 0 0 0 0 0 0 0 0 0 0 17 0 0 0 0 0 0 0 0 0 0 0 0 0 0 0 1 0 0 0 0 0 0 0 0 0 0 0 0 0 0 0 83 0 0 0 1 87 10 0 1 0 0 0 0 0 0 0 0 0 0 0 2 0 0 0 0 0 15 0 2 0 0 0 64 0 0 0 255 255 255 255 2 0 7 0 0 0 0 0 data 8 0x70002 0x14ae0 0x1a0004 0x0 0x20c93d0 0x53 0x18e3a300 0xa0 oops 2 4 java/lang/String 6 java/net/URL
ciMethodData java/util/ArrayList ensureCapacityInternal (I)V 2 91017 orig 264 72 34 184 106 0 0 0 0 152 208 91 24 0 0 0 0 144 1 0 0 32 0 0 0 0 0 0 0 0 0 0 0 0 0 0 0 0 0 0 0 0 0 0 0 0 0 0 0 0 0 0 0 0 0 0 0 0 0 0 0 0 0 0 0 0 0 0 0 0 0 0 0 0 0 0 0 0 0 0 0 77 68 79 32 101 120 116 114 97 32 100 97 116 97 32 108 111 99 107 0 0 0 0 0 0 0 0 0 0 0 0 0 0 0 0 0 0 0 0 0 0 0 0 0 0 0 0 0 0 0 0 0 0 0 0 0 0 0 0 0 0 0 0 0 0 0 0 0 0 0 0 0 0 0 0 0 0 0 0 0 0 0 0 0 0 0 0 0 0 0 0 0 0 0 0 0 0 0 0 0 0 0 0 0 17 0 0 0 0 0 0 0 0 0 0 0 0 0 0 0 1 0 0 0 0 0 0 0 0 0 0 0 0 0 0 0 83 0 0 0 177 25 11 0 1 0 0 0 0 0 0 0 0 0 0 0 2 0 0 0 0 0 14 0 2 0 0 0 64 0 0 0 255 255 255 255 7 0 7 0 0 0 0 0 data 8 0x70007 0x15548 0x30 0xdee 0xd0002 0xdee 0x130002 0x16336 oops 0
ciMethodData java/util/ArrayList ensureExplicitCapacity (I)V 2 91017 orig 264 72 34 184 106 0 0 0 0 72 209 91 24 0 0 0 0 88 1 0 0 0 0 0 0 0 0 0 0 0 0 0 0 0 0 0 0 0 0 0 0 0 0 0 0 0 0 0 0 0 0 0 0 0 0 0 0 0 0 0 0 0 0 0 0 0 0 0 0 0 0 0 0 0 0 0 0 0 0 0 0 77 68 79 32 101 120 116 114 97 32 100 97 116 97 32 108 111 99 107 0 0 0 0 0 0 0 0 0 0 0 0 0 0 0 0 0 0 0 0 0 0 0 0 0 0 0 0 0 0 0 0 0 0 0 0 0 0 0 0 0 0 0 0 0 0 0 0 0 0 0 0 0 0 0 0 0 0 0 0 0 0 0 0 0 0 0 0 0 0 0 0 0 0 0 0 0 0 0 0 0 0 0 0 0 17 0 0 0 0 0 0 0 0 0 0 0 0 0 0 0 1 0 0 0 0 0 0 0 0 0 0 0 0 0 0 0 83 0 0 0 177 25 11 0 1 0 0 0 0 0 0 0 0 0 0 0 2 0 0 0 0 0 6 0 2 0 0 0 48 0 0 0 255 255 255 255 7 0 17 0 0 0 0 0 data 6 0x110007 0x150b5 0x30 0x1281 0x160002 0x1281 oops 0
ciMethodData java/util/ArrayList grow (I)V 2 4749 orig 264 72 34 184 106 0 0 0 0 16 210 91 24 0 0 0 0 176 1 0 0 64 0 0 0 0 0 0 0 0 0 0 0 0 0 0 0 0 0 0 0 0 0 0 0 0 0 0 0 0 0 0 0 0 0 0 0 0 0 0 0 0 0 0 0 0 0 0 0 0 0 0 0 0 0 0 0 0 0 0 0 77 68 79 32 101 120 116 114 97 32 100 97 116 97 32 108 111 99 107 0 0 0 0 0 0 0 0 0 0 0 0 0 0 0 0 0 0 0 0 0 0 0 0 0 0 0 0 0 0 0 0 0 0 0 0 0 0 0 0 0 0 0 0 0 0 0 0 0 0 0 0 0 0 0 0 0 0 0 0 0 0 0 0 0 0 0 0 0 0 0 0 0 0 0 0 0 0 0 0 0 0 0 0 0 17 0 0 0 0 0 0 0 0 0 0 0 0 0 0 0 1 0 0 0 0 0 0 0 0 0 0 0 0 0 0 0 12 0 0 0 9 148 0 0 1 0 0 0 0 0 0 0 0 0 0 0 2 0 0 0 0 0 15 0 2 0 0 0 96 0 0 0 255 255 255 255 7 0 15 0 0 0 0 0 data 12 0xf0007 0x493 0x20 0xdee 0x180007 0x1281 0x30 0x0 0x1c0002 0x0 0x260002 0x1281 oops 0
ciMethodData java/util/AbstractCollection <init> ()V 2 192868 orig 264 72 34 184 106 0 0 0 0 240 96 91 24 0 0 0 0 48 1 0 0 0 0 0 0 0 0 0 0 0 0 0 0 0 0 0 0 0 0 0 0 0 0 0 0 0 0 0 0 0 0 0 0 0 0 0 0 0 0 0 0 0 0 0 0 0 0 0 0 0 0 0 0 0 0 0 0 0 0 0 0 77 68 79 32 101 120 116 114 97 32 100 97 116 97 32 108 111 99 107 0 0 0 0 0 0 0 0 0 0 0 0 0 0 0 0 0 0 0 0 0 0 0 0 0 0 0 0 0 0 0 0 0 0 0 0 0 0 0 0 0 0 0 0 0 0 0 0 0 0 0 0 0 0 0 0 0 0 0 0 0 0 0 0 0 0 0 0 0 0 0 0 0 0 0 0 0 0 0 0 0 0 0 0 0 0 0 0 0 0 0 0 0 0 0 0 0 0 0 0 0 0 0 0 0 0 0 0 0 0 0 0 0 0 0 0 0 35 0 0 0 9 138 23 0 1 0 0 0 0 0 0 0 0 0 0 0 2 0 0 0 0 0 3 0 2 0 0 0 16 0 0 0 255 255 255 255 2 0 1 0 0 0 0 0 data 2 0x10002 0x2f141 oops 0
ciMethodData java/util/concurrent/ConcurrentHashMap putVal (Ljava/lang/Object;Ljava/lang/Object;Z)Ljava/lang/Object; 2 3375 orig 264 72 34 184 106 0 0 0 0 224 138 104 24 0 0 0 0 152 6 0 0 128 0 0 0 0 0 0 0 0 0 0 0 0 0 0 0 0 0 0 0 0 0 0 0 0 0 0 0 0 0 0 0 0 0 0 0 0 0 0 0 0 0 0 0 0 0 0 0 0 0 0 0 0 0 0 0 0 0 0 0 77 68 79 32 101 120 116 114 97 32 100 97 116 97 32 108 111 99 107 0 0 0 0 0 0 0 0 0 0 0 0 0 0 0 0 0 0 0 0 0 0 0 0 0 0 0 0 0 0 0 0 0 0 0 0 0 0 0 0 0 0 0 0 0 0 0 0 0 0 0 0 0 0 0 0 0 0 0 0 0 0 0 0 0 0 0 0 0 0 0 0 0 0 0 0 0 0 0 0 0 0 0 0 0 0 0 0 0 0 0 0 0 0 0 0 0 0 0 0 0 0 0 0 0 0 0 0 0 0 0 0 0 0 0 0 0 1 1 0 0 113 97 0 0 161 16 0 0 0 0 0 0 0 0 0 0 2 0 0 0 2 0 61 0 2 0 0 0 56 5 0 0 255 255 255 255 7 0 1 0 0 0 0 0 data 167 0x10007 0x0 0x40 0xc2e 0x50007 0xc2e 0x30 0x0 0xc0002 0x0 0x110005 0xee 0x20c93d0 0xb3f 0x1c0b3610 0x1 0x140002 0xc2e 0x240007 0xe 0x40 0xc2e 0x2d0007 0xc2e 0x48 0x0 0x310002 0xe 0x360003 0xe 0x430 0x450002 0xc2e 0x4b0007 0x701 0x78 0x52d 0x5c0002 0x52d 0x5f0002 0x52d 0x620007 0x0 0x3c8 0x52d 0x650003 0x52d 0x3c0 0x710007 0x701 0x68 0x0 0x790005 0x0 0x0 0x0 0x0 0x0 0x7e0003 0x0 0x340 0x8e0002 0x701 0x930007 0x0 0x290 0x701 0x980007 0x0 0x180 0x701 0xa90007 0x598 0xe8 0x36f 0xb50007 0x0 0x90 0x36f 0xba0007 0x0 0xa8 0x36f 0xc00005 0x0 0x20c93d0 0x36f 0x0 0x0 0xc30007 0x0 0x58 0x36f 0xce0007 0x36f 0x98 0x0 0xd70003 0x0 0x78 0xe60007 0x206 0x48 0x392 0xf40002 0x392 0xfa0003 0x392 0x30 0x1000003 0x206 0xfffffffffffffed0 0x1030003 0x701 0x108 0x1080004 0x0 0x0 0x0 0x0 0x0 0x10b0007 0x0 0xc0 0x0 0x1130004 0x0 0x0 0x0 0x0 0x0 0x11a0005 0x0 0x0 0x0 0x0 0x0 0x1200007 0x0 0x40 0x0 0x12b0007 0x0 0x20 0x0 0x1370003 0x701 0x18 0x1440007 0x0 0x70 0x701 0x14b0007 0x701 0x30 0x0 0x1530002 0x0 0x1580007 0x392 0x38 0x36f 0x15e0003 0xe 0xfffffffffffffb80 0x1650002 0x8bf oops 3 12 java/lang/String 14 sun/util/locale/BaseLocale 85 java/lang/String
ciMethodData java/lang/System getSecurityManager ()Ljava/lang/SecurityManager; 2 14285 orig 264 72 34 184 106 0 0 0 0 0 149 80 24 0 0 0 0 24 1 0 0 0 0 0 0 0 0 0 0 0 0 0 0 0 0 0 0 0 0 0 0 0 0 0 0 0 0 0 0 0 0 0 0 0 0 0 0 0 0 0 0 0 0 0 0 0 0 0 0 0 0 0 0 0 0 0 0 0 0 0 0 77 68 79 32 101 120 116 114 97 32 100 97 116 97 32 108 111 99 107 0 0 0 0 0 0 0 0 0 0 0 0 0 0 0 0 0 0 0 0 0 0 0 0 0 0 0 0 0 0 0 0 0 0 0 0 0 0 0 0 0 0 0 0 0 0 0 0 0 0 0 0 0 0 0 0 0 0 0 0 0 0 0 0 0 0 0 0 0 0 0 0 0 0 0 0 0 0 0 0 0 0 0 0 0 0 0 0 0 0 0 0 0 0 0 0 0 0 0 0 0 0 0 0 0 0 0 0 0 0 0 0 0 0 0 0 0 129 1 0 0 97 178 1 0 1 0 0 0 0 0 0 0 0 0 0 0 2 0 0 0 0 0 3 0 1 0 0 0 0 0 0 0 255 255 255 255 0 0 0 0 0 0 0 0 data 0 oops 0
ciMethodData java/util/concurrent/ConcurrentHashMap putIfAbsent (Ljava/lang/Object;Ljava/lang/Object;)Ljava/lang/Object; 2 3142 orig 264 72 34 184 106 0 0 0 0 120 154 104 24 0 0 0 0 136 1 0 0 0 0 0 0 0 0 0 0 0 0 0 0 0 0 0 0 0 0 0 0 0 0 0 0 0 0 0 0 0 0 0 0 0 0 0 0 0 0 0 0 0 0 0 0 0 0 0 0 0 0 0 0 0 0 0 0 0 0 0 0 77 68 79 32 101 120 116 114 97 32 100 97 116 97 32 108 111 99 107 0 0 0 0 0 0 0 0 0 0 0 0 0 0 0 0 0 0 0 0 0 0 0 0 0 0 0 0 0 0 0 0 0 0 0 0 0 0 0 0 0 0 0 0 0 0 0 0 0 0 0 0 0 0 0 0 0 0 0 0 0 0 0 0 0 0 0 0 0 0 0 0 0 0 0 0 0 0 0 0 0 0 0 0 0 0 0 0 0 0 0 0 0 0 0 0 0 0 0 0 0 0 0 0 0 0 0 0 0 0 0 0 0 0 0 0 0 1 1 0 0 41 90 0 0 1 0 0 0 0 0 0 0 0 0 0 0 2 0 0 0 0 0 3 0 2 0 0 0 48 0 0 0 255 255 255 255 5 0 4 0 0 0 0 0 data 6 0x40005 0x3 0x1b9538a0 0xb42 0x0 0x0 oops 1 2 java/util/concurrent/ConcurrentHashMap
ciMethodData java/lang/String substring (I)Ljava/lang/String; 2 12077 orig 264 72 34 184 106 0 0 0 0 136 91 79 24 0 0 0 0 208 1 0 0 128 0 0 0 0 0 0 0 0 0 0 0 0 0 0 0 0 0 0 0 0 0 0 0 0 0 0 0 0 0 0 0 0 0 0 0 0 0 0 0 0 0 0 0 0 0 0 0 0 0 0 0 0 0 0 0 0 0 0 0 77 68 79 32 101 120 116 114 97 32 100 97 116 97 32 108 111 99 107 0 0 0 0 0 0 0 0 0 0 0 0 0 0 0 0 0 0 0 0 0 0 0 0 0 0 0 0 0 0 0 0 0 0 0 0 0 0 0 0 0 0 0 0 0 0 0 0 0 0 0 0 0 0 0 0 0 0 0 0 0 0 0 0 0 0 0 0 0 0 0 0 0 0 0 0 0 0 0 0 0 0 0 0 0 0 0 0 0 0 0 0 0 0 0 0 0 0 0 0 0 0 0 0 0 0 0 0 0 0 0 0 0 0 0 0 0 0 1 0 0 105 113 1 0 1 0 0 0 0 0 0 0 0 0 0 0 2 0 0 0 0 0 10 0 2 0 0 0 168 0 0 0 255 255 255 255 7 0 1 0 0 0 0 0 data 21 0x10007 0x2e2d 0x30 0x0 0x90002 0x0 0x160007 0x2e2d 0x30 0x0 0x1e0002 0x0 0x230007 0x2e2d 0x38 0x0 0x270003 0x0 0x28 0x340002 0x2e2d oops 0
ciMethodData java/util/ArrayList <init> ()V 2 12139 orig 264 72 34 184 106 0 0 0 0 160 205 91 24 0 0 0 0 48 1 0 0 0 0 0 0 0 0 0 0 0 0 0 0 0 0 0 0 0 0 0 0 0 0 0 0 0 0 0 0 0 0 0 0 0 0 0 0 0 0 0 0 0 0 0 0 0 0 0 0 0 0 0 0 0 0 0 0 0 0 0 0 77 68 79 32 101 120 116 114 97 32 100 97 116 97 32 108 111 99 107 0 0 0 0 0 0 0 0 0 0 0 0 0 0 0 0 0 0 0 0 0 0 0 0 0 0 0 0 0 0 0 0 0 0 0 0 0 0 0 0 0 0 0 0 0 0 0 0 0 0 0 0 0 0 0 0 0 0 0 0 0 0 0 0 0 0 0 0 0 0 0 0 0 0 0 0 0 0 0 0 0 0 0 0 0 0 0 0 0 0 0 0 0 0 0 0 0 0 0 0 0 0 0 0 0 0 0 0 0 0 0 0 0 0 0 0 0 14 0 0 0 225 122 1 0 1 0 0 0 0 0 0 0 0 0 0 0 2 0 0 0 0 0 3 0 2 0 0 0 16 0 0 0 255 255 255 255 2 0 1 0 0 0 0 0 data 2 0x10002 0x2f5c oops 0
ciMethodData java/util/AbstractList <init> ()V 2 12826 orig 264 72 34 184 106 0 0 0 0 136 77 91 24 0 0 0 0 48 1 0 0 0 0 0 0 0 0 0 0 0 0 0 0 0 0 0 0 0 0 0 0 0 0 0 0 0 0 0 0 0 0 0 0 0 0 0 0 0 0 0 0 0 0 0 0 0 0 0 0 0 0 0 0 0 0 0 0 0 0 0 0 77 68 79 32 101 120 116 114 97 32 100 97 116 97 32 108 111 99 107 0 0 0 0 0 0 0 0 0 0 0 0 0 0 0 0 0 0 0 0 0 0 0 0 0 0 0 0 0 0 0 0 0 0 0 0 0 0 0 0 0 0 0 0 0 0 0 0 0 0 0 0 0 0 0 0 0 0 0 0 0 0 0 0 0 0 0 0 0 0 0 0 0 0 0 0 0 0 0 0 0 0 0 0 0 0 0 0 0 0 0 0 0 0 0 0 0 0 0 0 0 0 0 0 0 0 0 0 0 0 0 0 0 0 0 0 0 40 0 0 0 145 143 1 0 1 0 0 0 0 0 0 0 0 0 0 0 2 0 0 0 0 0 3 0 2 0 0 0 16 0 0 0 255 255 255 255 2 0 1 0 0 0 0 0 data 2 0x10002 0x31f2 oops 0
ciMethodData java/util/ArrayList addAll (Ljava/util/Collection;)Z 2 6808 orig 264 72 34 184 106 0 0 0 0 32 224 91 24 0 0 0 0 216 1 0 0 0 0 0 0 0 0 0 0 0 0 0 0 0 0 0 0 0 0 0 0 0 0 0 0 0 0 0 0 0 0 0 0 0 0 0 0 0 0 0 0 0 0 0 0 0 0 0 0 0 0 0 0 0 0 0 0 0 0 0 0 77 68 79 32 101 120 116 114 97 32 100 97 116 97 32 108 111 99 107 0 0 0 0 0 0 0 0 0 0 0 0 0 0 0 0 0 0 0 0 0 0 0 0 0 0 0 0 0 0 0 0 0 0 0 0 0 0 0 0 0 0 0 0 0 0 0 0 0 0 0 0 0 0 0 0 0 0 0 0 0 0 0 0 0 0 0 0 0 0 0 0 0 0 0 0 0 0 0 0 0 0 0 0 0 0 0 0 0 0 0 0 0 0 0 0 0 0 0 0 0 0 0 0 0 0 0 0 0 0 0 0 0 0 0 0 0 0 0 0 0 193 212 0 0 1 0 0 0 0 0 0 0 0 0 0 0 2 0 0 0 0 0 18 0 2 0 0 0 136 0 0 0 255 255 255 255 5 0 1 0 0 0 0 0 data 17 0x10005 0x0 0x1bd0a4f0 0x1a98 0x0 0x0 0x110002 0x1a98 0x1f0002 0x1a98 0x2d0007 0x908 0x38 0x1190 0x310003 0x1190 0x18 oops 1 2 java/util/ArrayList
ciMethodData java/util/ArrayList toArray ([Ljava/lang/Object;)[Ljava/lang/Object; 1 444 orig 264 72 34 184 106 0 0 0 0 144 216 91 24 0 0 0 0 64 2 0 0 96 0 0 0 0 0 0 0 0 0 0 0 0 0 0 0 0 0 0 0 0 0 0 0 0 0 0 0 0 0 0 0 0 0 0 0 0 0 0 0 0 0 0 0 0 0 0 0 0 0 0 0 0 0 0 0 0 0 0 0 77 68 79 32 101 120 116 114 97 32 100 97 116 97 32 108 111 99 107 0 0 0 0 0 0 0 0 0 0 0 0 0 0 0 0 0 0 0 0 0 0 0 0 0 0 0 0 0 0 0 0 0 0 0 0 0 0 0 0 0 0 0 0 0 0 0 0 0 0 0 0 0 0 0 0 0 0 0 0 0 0 0 0 0 0 0 0 0 0 0 0 0 0 0 0 0 0 0 0 0 0 0 0 0 0 0 0 0 0 0 0 0 0 0 0 0 0 0 0 0 0 0 0 0 0 0 0 0 0 0 0 0 0 0 0 0 18 0 0 0 81 13 0 0 1 0 0 0 0 0 0 0 0 0 0 0 2 0 0 0 0 0 8 0 2 0 0 0 240 0 0 0 255 255 255 255 7 0 6 0 0 0 0 0 data 30 0x60007 0x1aa 0x90 0x0 0x120005 0x0 0x0 0x0 0x0 0x0 0x150002 0x0 0x180004 0x0 0x0 0x0 0x0 0x0 0x270002 0x1aa 0x300007 0x1aa 0x50 0x0 0x390004 0x0 0x0 0x0 0x0 0x0 oops 0
ciMethodData java/util/concurrent/ConcurrentHashMap get (Ljava/lang/Object;)Ljava/lang/Object; 2 5433 orig 264 72 34 184 106 0 0 0 0 136 134 104 24 0 0 0 0 8 4 0 0 208 1 0 0 0 0 0 0 0 0 0 0 0 0 0 0 0 0 0 0 0 0 0 0 0 0 0 0 0 0 0 0 0 0 0 0 0 0 0 0 0 0 0 0 0 0 0 0 0 0 0 0 0 0 0 0 0 0 0 0 77 68 79 32 101 120 116 114 97 32 100 97 116 97 32 108 111 99 107 0 0 0 0 0 0 0 0 0 0 0 0 0 0 0 0 0 0 0 0 0 0 0 0 0 0 0 0 0 0 0 0 0 0 0 0 0 0 0 0 0 0 0 0 0 0 0 0 0 0 0 0 0 0 0 0 0 0 0 0 0 0 0 0 0 0 0 0 0 0 0 0 0 0 0 0 0 0 0 0 0 0 0 0 0 0 0 0 0 0 0 0 0 0 0 0 0 0 0 0 0 0 0 0 0 0 0 0 0 0 0 0 0 0 0 0 0 0 1 0 0 201 161 0 0 33 26 0 0 0 0 0 0 0 0 0 0 2 0 0 0 1 0 36 0 2 0 0 0 184 2 0 0 255 255 255 255 5 0 1 0 0 0 0 0 data 87 0x10005 0xc69 0x18e3a1e0 0x7cc 0x1a68ee90 0x4 0x40002 0x1439 0xf0007 0x8 0x278 0x1431 0x170007 0x0 0x258 0x1431 0x220002 0x1431 0x270007 0x8f 0x228 0x13a2 0x330007 0x244 0xb0 0x115e 0x3e0007 0xeba 0x90 0x2a4 0x430007 0x0 0xf8 0x2a4 0x490005 0x281 0x1a68ef40 0x11 0x1a68eff0 0x12 0x4c0007 0x0 0xa8 0x2a4 0x560007 0x244 0x88 0x0 0x5d0005 0x0 0x0 0x0 0x0 0x0 0x630007 0x0 0x38 0x0 0x6b0003 0x0 0x18 0x760007 0x4d 0xd0 0x292 0x7f0007 0x9b 0xffffffffffffffe0 0x1f7 0x8a0007 0x19e 0x90 0x59 0x8f0007 0x0 0xffffffffffffffa0 0x59 0x950005 0x0 0x18e3a1e0 0x45 0x1a68f0a0 0x14 0x980007 0x0 0xffffffffffffff50 0x59 oops 6 2 java/io/File 4 java/util/ResourceBundle$CacheKey 36 java/lang/reflect/WeakCache$CacheKey 38 java/lang/reflect/Proxy$Key1 79 java/io/File 81 java/net/URI
ciMethodData java/lang/ClassLoader getClassLoader (Ljava/lang/Class;)Ljava/lang/ClassLoader; 2 11662 orig 264 72 34 184 106 0 0 0 0 56 104 80 24 0 0 0 0 152 1 0 0 0 0 0 0 0 0 0 0 0 0 0 0 0 0 0 0 0 0 0 0 0 0 0 0 0 0 0 0 0 0 0 0 0 0 0 0 0 0 0 0 0 0 0 0 0 0 0 0 0 0 0 0 0 0 0 0 0 0 0 0 77 68 79 32 101 120 116 114 97 32 100 97 116 97 32 108 111 99 107 0 0 0 0 0 0 0 0 0 0 0 0 0 0 0 0 0 0 0 0 0 0 0 0 0 0 0 0 0 0 0 0 0 0 0 0 0 0 0 0 0 0 0 0 0 0 0 0 0 0 0 0 0 0 0 0 0 0 0 0 0 0 0 0 0 0 0 0 0 0 0 0 0 0 0 0 0 0 0 0 0 0 0 0 0 0 0 0 0 0 0 0 0 0 0 0 0 0 0 0 0 0 0 0 0 0 0 0 0 0 0 0 0 0 0 0 0 6 0 0 0 65 108 1 0 1 0 0 0 0 0 0 0 0 0 0 0 2 0 0 0 0 0 5 0 2 0 0 0 80 0 0 0 255 255 255 255 7 0 1 0 0 0 0 0 data 10 0x10007 0x2d88 0x20 0x0 0x70005 0x100 0x20c9460 0x2c88 0x0 0x0 oops 1 6 java/lang/Class
ciMethod java/lang/StringIndexOutOfBoundsException <init> (I)V 0 0 1 0 -1
ciMethodData java/lang/String lastIndexOf ([CII[CIII)I 2 135673 orig 264 72 34 184 106 0 0 0 0 184 90 79 24 0 0 0 0 136 2 0 0 64 0 0 0 0 0 0 0 0 0 0 0 0 0 0 0 0 0 0 0 0 0 0 0 0 0 0 0 0 0 0 0 0 0 0 0 0 0 0 0 0 0 0 0 0 0 0 0 0 0 0 0 0 0 0 0 0 0 0 0 77 68 79 32 101 120 116 114 97 32 100 97 116 97 32 108 111 99 107 0 0 0 0 0 0 0 0 0 0 0 0 0 0 0 0 0 0 0 0 0 0 0 0 0 0 0 0 0 0 0 0 0 0 0 0 0 0 0 0 0 0 0 0 0 0 0 0 0 0 0 0 0 0 0 0 0 0 0 0 0 0 0 0 0 0 0 0 0 0 0 0 0 0 0 0 0 0 0 0 0 0 0 0 0 0 0 0 0 0 0 0 0 0 0 0 0 0 0 0 0 0 0 0 0 0 0 0 0 0 0 0 0 0 0 0 0 0 40 0 0 73 22 1 0 201 79 15 0 0 0 0 0 0 0 0 0 2 0 0 0 2 0 23 0 2 0 0 0 48 1 0 0 255 255 255 255 7 0 8 0 0 0 0 0 data 38 0x80007 0x22c9 0x20 0x0 0x110007 0x0 0x20 0x22c9 0x1a0007 0x22c9 0x20 0x0 0x420007 0x0 0x58 0x20cb3 0x4b0007 0x22c9 0x38 0x1e9ea 0x510003 0x1e9ea 0xffffffffffffffc0 0x580007 0x22c9 0x20 0x0 0x760007 0x22c9 0x58 0x0 0x870007 0x0 0xffffffffffffffe0 0x0 0x8d0003 0x0 0xffffffffffffff48 oops 0
ciMethodData java/lang/String lastIndexOf (Ljava/lang/String;)I 2 10077 orig 264 72 34 184 106 0 0 0 0 48 88 79 24 0 0 0 0 128 1 0 0 0 0 0 0 0 0 0 0 0 0 0 0 0 0 0 0 0 0 0 0 0 0 0 0 0 0 0 0 0 0 0 0 0 0 0 0 0 0 0 0 0 0 0 0 0 0 0 0 0 0 0 0 0 0 0 0 0 0 0 0 77 68 79 32 101 120 116 114 97 32 100 97 116 97 32 108 111 99 107 0 0 0 0 0 0 0 0 0 0 0 0 0 0 0 0 0 0 0 0 0 0 0 0 0 0 0 0 0 0 0 0 0 0 0 0 0 0 0 0 0 0 0 0 0 0 0 0 0 0 0 0 0 0 0 0 0 0 0 0 0 0 0 0 0 0 0 0 0 0 0 0 0 0 0 0 0 0 0 0 0 0 0 0 0 0 0 0 0 0 0 0 0 0 0 0 0 0 0 0 0 0 0 0 0 0 0 0 0 0 0 0 0 0 0 0 0 128 3 0 0 233 30 1 0 1 0 0 0 0 0 0 0 0 0 0 0 2 0 0 0 0 0 3 0 2 0 0 0 48 0 0 0 255 255 255 255 5 0 7 0 0 0 0 0 data 6 0x70005 0x0 0x20c93d0 0x23dd 0x0 0x0 oops 1 2 java/lang/String
ciMethodData java/lang/String lastIndexOf (Ljava/lang/String;I)I 2 10077 orig 264 72 34 184 106 0 0 0 0 216 88 79 24 0 0 0 0 104 1 0 0 0 0 0 0 0 0 0 0 0 0 0 0 0 0 0 0 0 0 0 0 0 0 0 0 0 0 0 0 0 0 0 0 0 0 0 0 0 0 0 0 0 0 0 0 0 0 0 0 0 0 0 0 0 0 0 0 0 0 0 0 77 68 79 32 101 120 116 114 97 32 100 97 116 97 32 108 111 99 107 0 0 0 0 0 0 0 0 0 0 0 0 0 0 0 0 0 0 0 0 0 0 0 0 0 0 0 0 0 0 0 0 0 0 0 0 0 0 0 0 0 0 0 0 0 0 0 0 0 0 0 0 0 0 0 0 0 0 0 0 0 0 0 0 0 0 0 0 0 0 0 0 0 0 0 0 0 0 0 0 0 0 0 0 0 0 0 0 0 0 0 0 0 0 0 0 0 0 0 0 0 0 0 0 0 0 0 0 0 0 0 0 0 0 0 0 0 127 3 0 0 241 30 1 0 1 0 0 0 0 0 0 0 0 0 0 0 2 0 0 0 0 0 0 0 0 0 0 0 16 0 0 0 255 255 255 255 2 0 21 0 0 0 0 0 data 2 0x150002 0x23de oops 0
ciMethodData java/lang/Class getName ()Ljava/lang/String; 2 11989 orig 264 72 34 184 106 0 0 0 0 248 198 79 24 0 0 0 0 80 1 0 0 0 0 0 0 0 0 0 0 0 0 0 0 0 0 0 0 0 0 0 0 0 0 0 0 0 0 0 0 0 0 0 0 0 0 0 0 0 0 0 0 0 0 0 0 0 0 0 0 0 0 0 0 0 0 0 0 0 0 0 0 77 68 79 32 101 120 116 114 97 32 100 97 116 97 32 108 111 99 107 0 0 0 0 0 0 0 0 0 0 0 0 0 0 0 0 0 0 0 0 0 0 0 0 0 0 0 0 0 0 0 0 0 0 0 0 0 0 0 0 0 0 0 0 0 0 0 0 0 0 0 0 0 0 0 0 0 0 0 0 0 0 0 0 0 0 0 0 0 0 0 0 0 0 0 0 0 0 0 0 0 0 0 0 0 0 0 0 0 0 0 0 0 0 0 0 0 0 0 0 0 0 0 0 0 0 0 0 0 0 0 0 0 0 0 0 0 22 1 0 0 249 109 1 0 1 0 0 0 0 0 0 0 0 0 0 0 2 0 0 0 0 0 6 0 2 0 0 0 48 0 0 0 255 255 255 255 7 0 6 0 0 0 0 0 data 6 0x60007 0x2d5d 0x30 0x62 0xb0002 0x62 oops 0
ciMethod sun/reflect/UnsafeFieldAccessorFactory newFieldAccessor (Ljava/lang/reflect/Field;Z)Lsun/reflect/FieldAccessor; 561 1 70 0 -1
ciMethod java/util/IdentityHashMap maskNull (Ljava/lang/Object;)Ljava/lang/Object; 2153 1 8873 0 0
ciMethod java/util/IdentityHashMap hash (Ljava/lang/Object;I)I 2049 1 21109 0 128
ciMethod java/util/IdentityHashMap nextKeyIndex (II)I 3257 1 14451 0 64
ciMethod java/util/IdentityHashMap put (Ljava/lang/Object;Ljava/lang/Object;)Ljava/lang/Object; 2521 2529 8863 0 928
ciMethod java/util/IdentityHashMap resize (I)Z 49 4017 274 0 0
ciMethod sun/reflect/UnsafeObjectFieldAccessorImpl get (Ljava/lang/Object;)Ljava/lang/Object; 4097 1 5973 0 256
ciMethod java/lang/reflect/Proxy isProxyClass (Ljava/lang/Class;)Z 0 0 1 0 -1
ciMethod java/lang/reflect/WeakCache containsValue (Ljava/lang/Object;)Z 0 0 1 0 -1
ciMethod com/sun/tools/javac/util/List emptyIterator ()Ljava/util/Iterator; 961 1 7168 0 0
ciMethod com/sun/tools/javac/util/List iterator ()Ljava/util/Iterator; 2049 1 9739 0 192
ciMethod com/sun/tools/javac/util/List$3 <init> (Lcom/sun/tools/javac/util/List;)V 1081 1 2590 0 0
ciMethod com/sun/tools/javac/tree/JCTree getPreferredPosition ()I 0 0 1 0 -1
ciMethodData com/sun/tools/javac/util/List iterator ()Ljava/util/Iterator; 2 9758 orig 264 72 34 184 106 0 0 0 0 112 223 145 24 0 0 0 0 136 1 0 0 32 0 0 0 0 0 0 0 0 0 0 0 0 0 0 0 0 0 0 0 0 0 0 0 0 0 0 0 0 0 0 0 0 0 0 0 0 0 0 0 0 0 0 0 0 0 0 0 0 0 0 0 0 0 0 0 0 0 0 0 77 68 79 32 101 120 116 114 97 32 100 97 116 97 32 108 111 99 107 0 0 0 0 0 0 0 0 0 0 0 0 0 0 0 0 0 0 0 0 0 0 0 0 0 0 0 0 0 0 0 0 0 0 0 0 0 0 0 0 0 0 0 0 0 0 0 0 0 0 0 0 0 0 0 0 0 0 0 0 0 0 0 0 0 0 0 0 0 0 0 0 0 0 0 0 0 0 0 0 0 0 0 0 0 0 0 0 0 0 0 0 0 0 0 0 0 0 0 0 0 0 0 0 0 0 0 0 0 0 0 0 0 0 0 0 0 0 1 0 0 241 40 1 0 1 0 0 0 0 0 0 0 0 0 0 0 2 0 0 0 0 0 5 0 2 0 0 0 64 0 0 0 255 255 255 255 7 0 4 0 0 0 0 0 data 8 0x40007 0x997 0x30 0x1b87 0x70002 0x1b87 0x100002 0x997 oops 0
ciMethodData com/sun/tools/javac/util/List emptyIterator ()Ljava/util/Iterator; 2 7168 orig 264 72 34 184 106 0 0 0 0 200 222 145 24 0 0 0 0 24 1 0 0 0 0 0 0 0 0 0 0 0 0 0 0 0 0 0 0 0 0 0 0 0 0 0 0 0 0 0 0 0 0 0 0 0 0 0 0 0 0 0 0 0 0 0 0 0 0 0 0 0 0 0 0 0 0 0 0 0 0 0 0 77 68 79 32 101 120 116 114 97 32 100 97 116 97 32 108 111 99 107 0 0 0 0 0 0 0 0 0 0 0 0 0 0 0 0 0 0 0 0 0 0 0 0 0 0 0 0 0 0 0 0 0 0 0 0 0 0 0 0 0 0 0 0 0 0 0 0 0 0 0 0 0 0 0 0 0 0 0 0 0 0 0 0 0 0 0 0 0 0 0 0 0 0 0 0 0 0 0 0 0 0 0 0 0 0 0 0 0 0 0 0 0 0 0 0 0 0 0 0 0 0 0 0 0 0 0 0 0 0 0 0 0 0 0 0 0 120 0 0 0 65 220 0 0 1 0 0 0 0 0 0 0 0 0 0 0 2 0 0 0 0 0 0 0 0 0 0 0 0 0 0 0 255 255 255 255 0 0 0 0 0 0 0 0 data 0 oops 0
ciMethodData com/sun/tools/javac/util/List$3 <init> (Lcom/sun/tools/javac/util/List;)V 2 2590 orig 264 72 34 184 106 0 0 0 0 240 182 146 24 0 0 0 0 56 1 0 0 0 0 0 0 0 0 0 0 0 0 0 0 0 0 0 0 0 0 0 0 0 0 0 0 0 0 0 0 0 0 0 0 0 0 0 0 0 0 0 0 0 0 0 0 0 0 0 0 0 0 0 0 0 0 0 0 0 0 0 0 77 68 79 32 101 120 116 114 97 32 100 97 116 97 32 108 111 99 107 0 0 0 0 0 0 0 0 0 0 0 0 0 0 0 0 0 0 0 0 0 0 0 0 0 0 0 0 0 0 0 0 0 0 0 0 0 0 0 0 0 0 0 0 0 0 0 0 0 0 0 0 0 0 0 0 0 0 0 0 0 0 0 0 0 0 0 0 0 0 0 0 0 0 0 0 0 0 0 0 0 0 0 0 0 0 0 0 0 0 0 0 0 0 0 0 0 0 0 0 0 0 0 0 0 0 0 0 0 0 0 0 0 0 0 0 0 135 0 0 0 185 76 0 0 1 0 0 0 0 0 0 0 0 0 0 0 2 0 0 0 0 0 0 0 0 0 0 0 16 0 0 0 255 255 255 255 2 0 6 0 0 0 0 0 data 2 0x60002 0x997 oops 0
ciMethod lombok/permit/Permit setAccessible (Ljava/lang/reflect/AccessibleObject;)Ljava/lang/reflect/AccessibleObject; 1553 1 164 0 -1
ciMethod lombok/core/LombokNode <init> (Ljava/lang/Object;Ljava/util/List;Llombok/core/AST$Kind;)V 4097 3913 7176 0 0
ciMethod lombok/core/LombokNode calculateIsStructurallySignificant (Ljava/lang/Object;)Z 0 0 1 0 -1
ciMethod lombok/core/LombokNode get ()Ljava/lang/Object; 1129 1 141 0 0
ciMethodData java/lang/ClassLoader getParent ()Ljava/lang/ClassLoader; 1 2 orig 264 72 34 184 106 0 0 0 0 56 100 80 24 0 0 0 0 184 1 0 0 32 0 0 0 0 0 0 0 0 0 0 0 0 0 0 0 0 0 0 0 0 0 0 0 0 0 0 0 0 0 0 0 0 0 0 0 0 0 0 0 0 0 0 0 0 0 0 0 0 0 0 0 0 0 0 0 0 0 0 0 77 68 79 32 101 120 116 114 97 32 100 97 116 97 32 108 111 99 107 0 0 0 0 0 0 0 0 0 0 0 0 0 0 0 0 0 0 0 0 0 0 0 0 0 0 0 0 0 0 0 0 0 0 0 0 0 0 0 0 0 0 0 0 0 0 0 0 0 0 0 0 0 0 0 0 0 0 0 0 0 0 0 0 0 0 0 0 0 0 0 0 0 0 0 0 0 0 0 0 0 0 0 0 0 0 0 0 0 0 0 0 0 0 0 0 0 0 0 0 0 0 0 0 0 0 0 0 0 0 0 0 0 0 0 0 0 2 0 0 0 1 0 0 0 1 0 0 0 0 0 0 0 0 0 0 0 2 0 0 0 0 0 0 0 0 0 0 0 112 0 0 0 255 255 255 255 7 0 4 0 0 0 0 0 data 14 0x40007 0x0 0x20 0x0 0x90002 0x0 0xe0007 0x0 0x40 0x0 0x150002 0x0 0x180002 0x0 oops 0
ciMethodData java/lang/reflect/Proxy isProxyClass (Ljava/lang/Class;)Z 1 0 orig 264 72 34 184 106 0 0 0 0 24 227 139 24 0 0 0 0 0 2 0 0 0 0 0 0 0 0 0 0 0 0 0 0 0 0 0 0 0 0 0 0 0 0 0 0 0 0 0 0 0 0 0 0 0 0 0 0 0 0 0 0 0 0 0 0 0 0 0 0 0 0 0 0 0 0 0 0 0 0 0 0 77 68 79 32 101 120 116 114 97 32 100 97 116 97 32 108 111 99 107 0 0 0 0 0 0 0 0 0 0 0 0 0 0 0 0 0 0 0 0 0 0 0 0 0 0 0 0 0 0 0 0 0 0 0 0 0 0 0 0 0 0 0 0 0 0 0 0 0 0 0 0 0 0 0 0 0 0 0 0 0 0 0 0 0 0 0 0 0 0 0 0 0 0 0 0 0 0 0 0 0 0 0 0 0 0 0 0 0 0 0 0 0 0 0 0 0 0 0 0 0 0 0 0 0 0 0 0 0 0 0 0 0 0 0 0 0 0 0 0 0 1 0 0 0 1 0 0 0 0 0 0 0 0 0 0 0 2 0 0 0 0 0 0 0 0 0 0 0 184 0 0 0 255 255 255 255 5 0 3 0 0 0 0 0 data 23 0x30005 0x0 0x0 0x0 0x0 0x0 0x60007 0x0 0x88 0x0 0xd0005 0x0 0x0 0x0 0x0 0x0 0x100007 0x0 0x38 0x0 0x140003 0x0 0x18 oops 0
ciMethodData sun/reflect/misc/ReflectUtil checkProxyPackageAccess (Ljava/lang/ClassLoader;[Ljava/lang/Class;)V 1 0 orig 264 72 34 184 106 0 0 0 0 176 100 96 24 0 0 0 0 40 2 0 0 16 0 0 0 0 0 0 0 0 0 0 0 0 0 0 0 0 0 0 0 0 0 0 0 0 0 0 0 0 0 0 0 0 0 0 0 0 0 0 0 0 0 0 0 0 0 0 0 0 0 0 0 0 0 0 0 0 0 0 0 77 68 79 32 101 120 116 114 97 32 100 97 116 97 32 108 111 99 107 0 0 0 0 0 0 0 0 0 0 0 0 0 0 0 0 0 0 0 0 0 0 0 0 0 0 0 0 0 0 0 0 0 0 0 0 0 0 0 0 0 0 0 0 0 0 0 0 0 0 0 0 0 0 0 0 0 0 0 0 0 0 0 0 0 0 0 0 0 0 0 0 0 0 0 0 0 0 0 0 0 0 0 0 0 0 0 0 0 0 0 0 0 0 0 0 0 0 0 0 0 0 0 0 0 0 0 0 0 0 0 0 0 0 0 0 0 0 0 0 0 1 0 0 0 1 0 0 0 0 0 0 0 0 0 0 0 2 0 0 0 0 0 0 0 0 0 0 0 216 0 0 0 255 255 255 255 2 0 0 0 0 0 0 0 data 27 0x2 0x0 0x50007 0x0 0xc8 0x0 0x150007 0x0 0xa8 0x0 0x200005 0x0 0x0 0x0 0x0 0x0 0x280002 0x0 0x2b0007 0x0 0x30 0x0 0x300002 0x0 0x360003 0x0 0xffffffffffffff70 oops 0
ciMethodData java/lang/Class checkPackageAccess (Ljava/lang/ClassLoader;Z)V 2 9076 orig 264 72 34 184 106 0 0 0 0 160 239 79 24 0 0 0 0 184 3 0 0 160 1 0 0 0 0 0 0 0 0 0 0 0 0 0 0 0 0 0 0 0 0 0 0 0 0 0 0 0 0 0 0 0 0 0 0 0 0 0 0 0 0 0 0 0 0 0 0 0 0 0 0 0 0 0 0 0 0 0 0 77 68 79 32 101 120 116 114 97 32 100 97 116 97 32 108 111 99 107 0 0 0 0 0 0 0 0 0 0 0 0 0 0 0 0 0 0 0 0 0 0 0 0 0 0 0 0 0 0 0 0 0 0 0 0 0 0 0 0 0 0 0 0 0 0 0 0 0 0 0 0 0 0 0 0 0 0 0 0 0 0 0 0 0 0 0 0 0 0 0 0 0 0 0 0 0 0 0 0 0 0 0 0 0 0 0 0 0 0 0 0 0 0 0 0 0 0 0 0 0 0 0 0 0 0 0 0 0 0 0 0 0 0 0 0 0 0 1 0 0 161 19 1 0 1 0 0 0 0 0 0 0 0 0 0 0 2 0 0 0 1 0 63 0 2 0 0 0 96 2 0 0 255 255 255 255 2 0 0 0 0 0 0 0 data 76 0x2 0x2274 0x50007 0x2274 0x250 0x0 0x90005 0x0 0x0 0x0 0x0 0x0 0x110002 0x0 0x140007 0x0 0x160 0x0 0x180005 0x0 0x0 0x0 0x0 0x0 0x210005 0x0 0x0 0x0 0x0 0x0 0x290007 0x0 0xe0 0x0 0x310005 0x0 0x0 0x0 0x0 0x0 0x370002 0x0 0x3a0007 0x0 0x50 0x0 0x3e0002 0x0 0x410007 0x0 0x50 0x0 0x470005 0x0 0x0 0x0 0x0 0x0 0x4b0007 0x0 0x90 0x0 0x4f0002 0x0 0x520007 0x0 0x60 0x0 0x570005 0x0 0x0 0x0 0x0 0x0 0x5a0002 0x0 oops 0
ciMethodData java/util/Arrays copyOf ([Ljava/lang/Object;I)[Ljava/lang/Object; 2 11061 orig 264 72 34 184 106 0 0 0 0 72 92 98 24 0 0 0 0 192 1 0 0 0 0 0 0 0 0 0 0 0 0 0 0 0 0 0 0 0 0 0 0 0 0 0 0 0 0 0 0 0 0 0 0 0 0 0 0 0 0 0 0 0 0 0 0 0 0 0 0 0 0 0 0 0 0 0 0 0 0 0 0 77 68 79 32 101 120 116 114 97 32 100 97 116 97 32 108 111 99 107 0 0 0 0 0 0 0 0 0 0 0 0 0 0 0 0 0 0 0 0 0 0 0 0 0 0 0 0 0 0 0 0 0 0 0 0 0 0 0 0 0 0 0 0 0 0 0 0 0 0 0 0 0 0 0 0 0 0 0 0 0 0 0 0 0 0 0 0 0 0 0 0 0 0 0 0 0 0 0 0 0 0 0 0 0 0 0 0 0 0 0 0 0 0 0 0 0 0 0 0 0 0 0 0 0 0 0 0 0 0 0 0 0 0 0 0 0 128 5 0 0 169 45 1 0 1 0 0 0 0 0 0 0 0 0 0 0 2 0 0 0 0 0 3 0 2 0 0 0 112 0 0 0 255 255 255 255 5 0 3 0 0 0 0 0 data 14 0x30005 0x8 0x1b645030 0x25ad 0x0 0x0 0x60002 0x25b5 0x90004 0x0 0x1b645030 0x8 0x0 0x0 oops 2 2 [Ljava/lang/Object; 10 [Ljava/lang/Object;
ciMethodData sun/reflect/misc/ReflectUtil needsPackageAccessCheck (Ljava/lang/ClassLoader;Ljava/lang/ClassLoader;)Z 1 0 orig 264 72 34 184 106 0 0 0 0 8 99 96 24 0 0 0 0 248 1 0 0 64 0 0 0 0 0 0 0 0 0 0 0 0 0 0 0 0 0 0 0 0 0 0 0 0 0 0 0 0 0 0 0 0 0 0 0 0 0 0 0 0 0 0 0 0 0 0 0 0 0 0 0 0 0 0 0 0 0 0 0 77 68 79 32 101 120 116 114 97 32 100 97 116 97 32 108 111 99 107 0 0 0 0 0 0 0 0 0 0 0 0 0 0 0 0 0 0 0 0 0 0 0 0 0 0 0 0 0 0 0 0 0 0 0 0 0 0 0 0 0 0 0 0 0 0 0 0 0 0 0 0 0 0 0 0 0 0 0 0 0 0 0 0 0 0 0 0 0 0 0 0 0 0 0 0 0 0 0 0 0 0 0 0 0 0 0 0 0 0 0 0 0 0 0 0 0 0 0 0 0 0 0 0 0 0 0 0 0 0 0 0 0 0 0 0 0 0 0 0 0 1 0 0 0 1 0 0 0 0 0 0 0 0 0 0 0 2 0 0 0 0 0 0 0 0 0 0 0 168 0 0 0 255 255 255 255 7 0 1 0 0 0 0 0 data 21 0x10007 0x0 0x40 0x0 0x60007 0x0 0x20 0x0 0xc0007 0x0 0x20 0x0 0x130002 0x0 0x160007 0x0 0x38 0x0 0x1a0003 0x0 0x18 oops 0
ciMethodData sun/reflect/misc/ReflectUtil isAncestor (Ljava/lang/ClassLoader;Ljava/lang/ClassLoader;)Z 1 0 orig 264 72 34 184 106 0 0 0 0 88 98 96 24 0 0 0 0 192 1 0 0 48 0 0 0 0 0 0 0 0 0 0 0 0 0 0 0 0 0 0 0 0 0 0 0 0 0 0 0 0 0 0 0 0 0 0 0 0 0 0 0 0 0 0 0 0 0 0 0 0 0 0 0 0 0 0 0 0 0 0 0 77 68 79 32 101 120 116 114 97 32 100 97 116 97 32 108 111 99 107 0 0 0 0 0 0 0 0 0 0 0 0 0 0 0 0 0 0 0 0 0 0 0 0 0 0 0 0 0 0 0 0 0 0 0 0 0 0 0 0 0 0 0 0 0 0 0 0 0 0 0 0 0 0 0 0 0 0 0 0 0 0 0 0 0 0 0 0 0 0 0 0 0 0 0 0 0 0 0 0 0 0 0 0 0 0 0 0 0 0 0 0 0 0 0 0 0 0 0 0 0 0 0 0 0 0 0 0 0 0 0 0 0 0 0 0 0 0 0 0 0 1 0 0 0 1 0 0 0 0 0 0 0 0 0 0 0 2 0 0 0 0 0 0 0 0 0 0 0 112 0 0 0 255 255 255 255 5 0 3 0 0 0 0 0 data 14 0x30005 0x0 0x0 0x0 0x0 0x0 0x90007 0x0 0x20 0x0 0xf0007 0x0 0xffffffffffffffb0 0x0 oops 0
ciMethod lombok/javac/JavacNode <init> (Llombok/javac/JavacAST;Lcom/sun/tools/javac/tree/JCTree;Ljava/util/List;Llombok/core/AST$Kind;)V 4097 1 6710 0 0
ciMethod lombok/javac/JavacNode calculateIsStructurallySignificant (Lcom/sun/tools/javac/tree/JCTree;)Z 4065 1 6652 0 0
ciMethod lombok/javac/JavacNode calculateIsStructurallySignificant (Ljava/lang/Object;)Z 4065 1 6652 0 224
ciMethod lombok/javac/JavacAST buildTree (Lcom/sun/tools/javac/tree/JCTree;Llombok/core/AST$Kind;)Llombok/javac/JavacNode; 4097 1 4904 0 0
ciMethod lombok/javac/JavacAST buildCompilationUnit (Lcom/sun/tools/javac/tree/JCTree$JCCompilationUnit;)Llombok/javac/JavacNode; 345 4209 80 0 0
ciMethod lombok/javac/JavacAST buildType (Lcom/sun/tools/javac/tree/JCTree$JCClassDecl;)Llombok/javac/JavacNode; 377 2521 84 0 0
ciMethod lombok/javac/JavacAST buildField (Lcom/sun/tools/javac/tree/JCTree$JCVariableDecl;)Llombok/javac/JavacNode; 529 193 128 0 0
ciMethod lombok/javac/JavacAST buildLocalVar (Lcom/sun/tools/javac/tree/JCTree$JCVariableDecl;Llombok/core/AST$Kind;)Llombok/javac/JavacNode; 1961 265 435 0 0
ciMethod lombok/javac/JavacAST getResourcesForTryNode (Lcom/sun/tools/javac/tree/JCTree$JCTry;)Ljava/util/List; 177 1 16 0 -1
ciMethod lombok/javac/JavacAST buildTry (Lcom/sun/tools/javac/tree/JCTree$JCTry;)Llombok/javac/JavacNode; 81 121 16 0 0
ciMethod lombok/javac/JavacAST buildInitializer (Lcom/sun/tools/javac/tree/JCTree$JCBlock;)Llombok/javac/JavacNode; 0 0 1 0 0
ciMethod lombok/javac/JavacAST buildMethod (Lcom/sun/tools/javac/tree/JCTree$JCMethodDecl;)Llombok/javac/JavacNode; 1793 7945 256 0 0
ciMethod lombok/javac/JavacAST buildAnnotation (Lcom/sun/tools/javac/tree/JCTree$JCAnnotation;Z)Llombok/javac/JavacNode; 1897 1 431 0 0
ciMethod lombok/javac/JavacAST buildExpression (Lcom/sun/tools/javac/tree/JCTree$JCExpression;)Llombok/javac/JavacNode; 3073 1 558 0 0
ciMethod lombok/javac/JavacAST buildStatement (Lcom/sun/tools/javac/tree/JCTree$JCStatement;)Llombok/javac/JavacNode; 4097 1 760 0 -1
ciMethod lombok/javac/JavacAST buildStatementOrExpression (Lcom/sun/tools/javac/tree/JCTree;)Llombok/javac/JavacNode; 4097 1 5828 0 0
ciMethod lombok/javac/JavacAST buildLambda (Lcom/sun/tools/javac/tree/JCTree;)Llombok/javac/JavacNode; 0 0 1 0 -1
ciMethod lombok/javac/JavacAST drill (Lcom/sun/tools/javac/tree/JCTree;)Llombok/javac/JavacNode; 4097 4817 5300 0 0
ciMethod lombok/javac/JavacAST addIfNotNull (Ljava/util/Collection;Llombok/javac/JavacNode;)V 4097 1 2437 0 0
ciMethod lombok/javac/JavacAST buildTree (Ljava/lang/Object;Llombok/core/AST$Kind;)Llombok/core/LombokNode; 4097 1 4888 0 0
ciMethod lombok/core/AST putInMap (Llombok/core/LombokNode;)Llombok/core/LombokNode; 4097 1 6633 0 0
ciMethod lombok/core/AST setAndGetAsHandled (Ljava/lang/Object;)Z 4097 1 6633 0 0
ciMethod lombok/core/AST getFileName ()Ljava/lang/String; 0 0 1 0 -1
ciMethod lombok/core/AST buildTree (Ljava/lang/Object;Llombok/core/AST$Kind;)Llombok/core/LombokNode; 0 0 1 0 -1
ciMethod lombok/core/AST fieldsOf (Ljava/lang/Class;)[Llombok/core/AST$FieldAccess; 4097 1 5696 0 0
ciMethod lombok/core/AST getFields (Ljava/lang/Class;Ljava/util/Collection;)V 649 793 81 0 0
ciMethod lombok/core/AST getComponentType (Ljava/lang/reflect/Type;)Ljava/lang/Class; 65 1 8 0 -1
ciMethod lombok/core/AST shouldDrill (Ljava/lang/Class;Ljava/lang/Class;Ljava/lang/String;)Z 729 1881 91 0 -1
ciMethod lombok/core/AST buildWithField (Ljava/lang/Class;Ljava/lang/Object;Llombok/core/AST$FieldAccess;)Ljava/util/Collection; 4097 1 6808 0 0
ciMethod lombok/core/AST buildWithField0 (Ljava/lang/Class;Ljava/lang/Object;Llombok/core/AST$FieldAccess;Ljava/util/Collection;)V 4097 1 6808 0 0
ciMethod lombok/core/AST buildWithArray (Ljava/lang/Class;Ljava/lang/Object;Ljava/util/Collection;I)V 0 0 1 0 -1
ciMethod lombok/core/AST buildWithCollection (Ljava/lang/Class;Ljava/lang/Object;Ljava/util/Collection;I)V 4097 1697 2776 0 0
ciMethod lombok/core/LombokImmutableList of ()Llombok/core/LombokImmutableList; 1825 1 456 0 -1
ciMethod lombok/core/LombokImmutableList copyOf (Ljava/util/Collection;)Llombok/core/LombokImmutableList; 4097 1 6720 0 0
ciMethod lombok/core/LombokImmutableList <init> ([Ljava/lang/Object;)V 4097 1 6721 0 0
ciMethod lombok/core/LombokImmutableList iterator ()Ljava/util/Iterator; 4097 1 14747 0 0
ciMethod lombok/core/LombokImmutableList access$0 (Llombok/core/LombokImmutableList;)[Ljava/lang/Object; 1025 1 128 0 0
ciMethod lombok/core/LombokImmutableList$1 <init> (Llombok/core/LombokImmutableList;)V 4097 1 14747 0 0
ciMethod lombok/core/LombokImmutableList$1 hasNext ()Z 4097 1 25984 0 96
ciMethod lombok/core/LombokImmutableList$1 next ()Ljava/lang/Object; 34921 1 12047 0 160
ciMethod lombok/core/AST$FieldAccess <init> (Ljava/lang/reflect/Field;I)V 241 1 30 0 -1
ciMethodData lombok/core/LombokImmutableList$1 hasNext ()Z 2 25984 orig 264 72 34 184 106 0 0 0 0 112 128 248 28 0 0 0 0 120 1 0 0 0 0 0 0 0 0 0 0 0 0 0 0 0 0 0 0 0 0 0 0 0 0 0 0 0 0 0 0 0 0 0 0 0 0 0 0 0 0 0 0 0 0 0 0 0 0 0 0 0 0 0 0 0 0 0 0 0 0 0 0 77 68 79 32 101 120 116 114 97 32 100 97 116 97 32 108 111 99 107 0 0 0 0 0 0 0 0 0 0 0 0 0 0 0 0 0 0 0 0 0 0 0 0 0 0 0 0 0 0 0 0 0 0 0 0 0 0 0 0 0 0 0 0 0 0 0 0 0 0 0 0 0 0 0 0 0 0 0 0 0 0 0 0 0 0 0 0 0 0 0 0 0 0 0 0 0 0 0 0 0 0 0 0 0 0 0 0 0 0 0 0 0 0 0 0 0 0 0 0 0 0 0 0 0 0 0 0 0 0 0 0 0 0 0 0 0 0 2 0 0 1 28 3 0 1 0 0 0 0 0 0 0 0 0 0 0 2 0 0 0 0 0 5 0 2 0 0 0 48 0 0 0 255 255 255 255 2 0 8 0 0 0 0 0 data 6 0x80002 0x6380 0xc0007 0x30f7 0x20 0x3289 oops 0
ciMethodData lombok/javac/JavacNode calculateIsStructurallySignificant (Ljava/lang/Object;)Z 2 6652 orig 264 72 34 184 106 0 0 0 0 176 42 240 28 0 0 0 0 176 1 0 0 0 0 0 0 0 0 0 0 0 0 0 0 0 0 0 0 0 0 0 0 0 0 0 0 0 0 0 0 0 0 0 0 0 0 0 0 0 0 0 0 0 0 0 0 0 0 0 0 0 0 0 0 0 0 0 0 0 0 0 0 77 68 79 32 101 120 116 114 97 32 100 97 116 97 32 108 111 99 107 0 0 0 0 0 0 0 0 0 0 0 0 0 0 0 0 0 0 0 0 0 0 0 0 0 0 0 0 0 0 0 0 0 0 0 0 0 0 0 0 0 0 0 0 0 0 0 0 0 0 0 0 0 0 0 0 0 0 0 0 0 0 0 0 0 0 0 0 0 0 0 0 0 0 0 0 0 0 0 0 0 0 0 0 0 0 0 0 0 0 0 0 0 0 0 0 0 0 0 0 0 0 0 0 0 0 0 0 0 0 0 0 0 0 0 0 0 252 1 0 0 1 192 0 0 1 0 0 0 0 0 0 0 0 0 0 0 2 0 0 0 0 0 3 0 2 0 0 0 96 0 0 0 255 255 255 255 4 1 2 0 0 0 0 0 data 12 0x20104 0x0 0x1bbe8280 0x3e5 0x1bbe8330 0xef 0x50005 0x0 0x1c2dd830 0x1800 0x0 0x0 oops 3 2 com/sun/tools/javac/tree/JCTree$JCMethodInvocation 4 com/sun/tools/javac/tree/JCTree$JCExpressionStatement 8 lombok/javac/JavacNode
ciMethodData lombok/javac/JavacNode calculateIsStructurallySignificant (Lcom/sun/tools/javac/tree/JCTree;)Z 2 6652 orig 264 72 34 184 106 0 0 0 0 144 24 240 28 0 0 0 0 16 3 0 0 32 1 0 0 0 0 0 0 0 0 0 0 0 0 0 0 0 0 0 0 0 0 0 0 0 0 0 0 0 0 0 0 0 0 0 0 0 0 0 0 0 0 0 0 0 0 0 0 0 0 0 0 0 0 0 0 0 0 0 0 77 68 79 32 101 120 116 114 97 32 100 97 116 97 32 108 111 99 107 0 0 0 0 0 0 0 0 0 0 0 0 0 0 0 0 0 0 0 0 0 0 0 0 0 0 0 0 0 0 0 0 0 0 0 0 0 0 0 0 0 0 0 0 0 0 0 0 0 0 0 0 0 0 0 0 0 0 0 0 0 0 0 0 0 0 0 0 0 0 0 0 0 0 0 0 0 0 0 0 0 0 0 0 0 0 0 0 0 0 0 0 0 0 0 0 0 0 0 0 0 0 0 0 0 0 0 0 0 0 0 0 0 0 0 0 0 252 1 0 0 1 192 0 0 1 0 0 0 0 0 0 0 0 0 0 0 2 0 0 0 0 0 13 0 2 0 0 0 192 1 0 0 255 255 255 255 4 0 4 0 0 0 0 0 data 56 0x40004 0xffffffffffffe885 0x1c2de0a0 0xd8 0x1c2dde90 0x2ce 0x70007 0x177b 0x20 0x85 0x100004 0xffffffffffffea45 0x1c2de0a0 0xd8 0x1c2dde90 0x2ce 0x130007 0x15bb 0x20 0x1c0 0x1c0004 0xffffffffffffebe6 0x1c2de0a0 0xd8 0x1c2dde90 0x2ce 0x1f0007 0x141a 0x20 0x1a1 0x280004 0xffffffffffffec09 0x1c2de0a0 0xd8 0x1c2dde90 0x2ce 0x2b0007 0x13f7 0x20 0x23 0x340004 0xffffffffffffec6d 0x1c2de0a0 0xd8 0x1c2dde90 0x2ce 0x370007 0x1393 0x50 0x64 0x3b0104 0xffffffffffffffbf 0x1c149270 0x41 0x0 0x0 oops 11 2 com/sun/tools/javac/tree/JCTree$JCLiteral 4 com/sun/tools/javac/tree/JCTree$JCIdent 12 com/sun/tools/javac/tree/JCTree$JCLiteral 14 com/sun/tools/javac/tree/JCTree$JCIdent 22 com/sun/tools/javac/tree/JCTree$JCLiteral 24 com/sun/tools/javac/tree/JCTree$JCIdent 32 com/sun/tools/javac/tree/JCTree$JCLiteral 34 com/sun/tools/javac/tree/JCTree$JCIdent 42 com/sun/tools/javac/tree/JCTree$JCLiteral 44 com/sun/tools/javac/tree/JCTree$JCIdent 52 com/sun/tools/javac/tree/JCTree$JCBlock
ciMethodData lombok/javac/JavacNode <init> (Llombok/javac/JavacAST;Lcom/sun/tools/javac/tree/JCTree;Ljava/util/List;Llombok/core/AST$Kind;)V 2 7176 orig 264 72 34 184 106 0 0 0 0 128 15 240 28 0 0 0 0 80 1 0 0 0 0 0 0 0 0 0 0 0 0 0 0 0 0 0 0 0 0 0 0 0 0 0 0 0 0 0 0 0 0 0 0 0 0 0 0 0 0 0 0 0 0 0 0 0 0 0 0 0 0 0 0 0 0 0 0 0 0 0 0 77 68 79 32 101 120 116 114 97 32 100 97 116 97 32 108 111 99 107 0 0 0 0 0 0 0 0 0 0 0 0 0 0 0 0 0 0 0 0 0 0 0 0 0 0 0 0 0 0 0 0 0 0 0 0 0 0 0 0 0 0 0 0 0 0 0 0 0 0 0 0 0 0 0 0 0 0 0 0 0 0 0 0 0 0 0 0 0 0 0 0 0 0 0 0 0 0 0 0 0 0 0 0 0 0 0 0 0 0 0 0 0 0 0 0 0 0 0 0 0 0 0 0 0 0 0 0 0 0 0 0 0 0 0 0 0 0 2 0 0 65 208 0 0 1 0 0 0 0 0 0 0 0 0 0 0 2 0 0 0 0 0 3 0 2 0 0 0 16 0 0 0 255 255 255 255 2 0 5 0 0 0 0 0 data 2 0x50002 0x1a08 oops 0
ciMethodData lombok/core/LombokNode <init> (Ljava/lang/Object;Ljava/util/List;Llombok/core/AST$Kind;)V 2 10710 orig 264 72 34 184 106 0 0 0 0 168 84 205 24 0 0 0 0 64 3 0 0 152 0 0 0 0 0 0 0 0 0 0 0 0 0 0 0 0 0 0 0 0 0 0 0 0 0 0 0 0 0 0 0 0 0 0 0 0 0 0 0 0 0 0 0 0 0 0 0 0 0 0 0 0 0 0 0 0 0 0 0 77 68 79 32 101 120 116 114 97 32 100 97 116 97 32 108 111 99 107 0 0 0 0 0 0 0 0 0 0 0 0 0 0 0 0 0 0 0 0 0 0 0 0 0 0 0 0 0 0 0 0 0 0 0 0 0 0 0 0 0 0 0 0 0 0 0 0 0 0 0 0 0 0 0 0 0 0 0 0 0 0 0 0 0 0 0 0 0 0 0 0 0 0 0 0 0 0 0 0 0 0 0 0 0 0 0 0 0 0 0 0 0 0 0 0 0 0 0 0 0 0 0 0 0 0 0 0 0 0 0 0 0 0 0 0 0 0 2 0 0 65 208 0 0 105 63 1 0 0 0 0 0 0 0 0 0 2 0 0 0 1 0 14 0 2 0 0 0 224 1 0 0 255 255 255 255 2 0 1 0 0 0 0 0 data 60 0x10002 0x1a08 0x100007 0x19a 0x48 0x186e 0x140002 0x186e 0x170003 0x186e 0x28 0x1a0002 0x19a 0x240005 0xbea 0x1b944a50 0xe1e 0x0 0x0 0x290003 0x1a08 0xc8 0x2e0005 0x0 0x1b946750 0x19ce 0x0 0x0 0x330004 0x0 0x1c2dd830 0x19ce 0x0 0x0 0x430007 0x34d 0x50 0x1681 0x4a0005 0x0 0x1c2dd830 0x1681 0x0 0x0 0x520005 0x0 0x1b946750 0x33d6 0x0 0x0 0x570007 0x19ce 0xffffffffffffff20 0x1a08 0x5d0005 0x0 0x1c2dd830 0x1a08 0x0 0x0 oops 6 15 lombok/core/LombokImmutableList 24 lombok/core/LombokImmutableList$1 30 lombok/javac/JavacNode 40 lombok/javac/JavacNode 46 lombok/core/LombokImmutableList$1 56 lombok/javac/JavacNode
ciMethodData lombok/core/LombokImmutableList iterator ()Ljava/util/Iterator; 2 14747 orig 264 72 34 184 106 0 0 0 0 88 118 248 28 0 0 0 0 48 1 0 0 0 0 0 0 0 0 0 0 0 0 0 0 0 0 0 0 0 0 0 0 0 0 0 0 0 0 0 0 0 0 0 0 0 0 0 0 0 0 0 0 0 0 0 0 0 0 0 0 0 0 0 0 0 0 0 0 0 0 0 0 77 68 79 32 101 120 116 114 97 32 100 97 116 97 32 108 111 99 107 0 0 0 0 0 0 0 0 0 0 0 0 0 0 0 0 0 0 0 0 0 0 0 0 0 0 0 0 0 0 0 0 0 0 0 0 0 0 0 0 0 0 0 0 0 0 0 0 0 0 0 0 0 0 0 0 0 0 0 0 0 0 0 0 0 0 0 0 0 0 0 0 0 0 0 0 0 0 0 0 0 0 0 0 0 0 0 0 0 0 0 0 0 0 0 0 0 0 0 0 0 0 0 0 0 0 0 0 0 0 0 0 0 0 0 0 0 0 2 0 0 217 188 1 0 1 0 0 0 0 0 0 0 0 0 0 0 2 0 0 0 0 0 3 0 2 0 0 0 16 0 0 0 255 255 255 255 2 0 5 0 0 0 0 0 data 2 0x50002 0x379b oops 0
ciMethodData lombok/core/LombokImmutableList$1 <init> (Llombok/core/LombokImmutableList;)V 2 14747 orig 264 72 34 184 106 0 0 0 0 192 127 248 28 0 0 0 0 56 1 0 0 0 0 0 0 0 0 0 0 0 0 0 0 0 0 0 0 0 0 0 0 0 0 0 0 0 0 0 0 0 0 0 0 0 0 0 0 0 0 0 0 0 0 0 0 0 0 0 0 0 0 0 0 0 0 0 0 0 0 0 0 77 68 79 32 101 120 116 114 97 32 100 97 116 97 32 108 111 99 107 0 0 0 0 0 0 0 0 0 0 0 0 0 0 0 0 0 0 0 0 0 0 0 0 0 0 0 0 0 0 0 0 0 0 0 0 0 0 0 0 0 0 0 0 0 0 0 0 0 0 0 0 0 0 0 0 0 0 0 0 0 0 0 0 0 0 0 0 0 0 0 0 0 0 0 0 0 0 0 0 0 0 0 0 0 0 0 0 0 0 0 0 0 0 0 0 0 0 0 0 0 0 0 0 0 0 0 0 0 0 0 0 0 0 0 0 0 0 2 0 0 217 188 1 0 1 0 0 0 0 0 0 0 0 0 0 0 2 0 0 0 0 0 3 0 2 0 0 0 16 0 0 0 255 255 255 255 2 0 6 0 0 0 0 0 data 2 0x60002 0x379b oops 0
ciMethodData lombok/core/AST setAndGetAsHandled (Ljava/lang/Object;)Z 2 6633 orig 264 72 34 184 106 0 0 0 0 56 132 247 28 0 0 0 0 160 1 0 0 0 0 0 0 0 0 0 0 0 0 0 0 0 0 0 0 0 0 0 0 0 0 0 0 0 0 0 0 0 0 0 0 0 0 0 0 0 0 0 0 0 0 0 0 0 0 0 0 0 0 0 0 0 0 0 0 0 0 0 0 77 68 79 32 101 120 116 114 97 32 100 97 116 97 32 108 111 99 107 0 0 0 0 0 0 0 0 0 0 0 0 0 0 0 0 0 0 0 0 0 0 0 0 0 0 0 0 0 0 0 0 0 0 0 0 0 0 0 0 0 0 0 0 0 0 0 0 0 0 0 0 0 0 0 0 0 0 0 0 0 0 0 0 0 0 0 0 0 0 0 0 0 0 0 0 0 0 0 0 0 0 0 0 0 0 0 0 0 0 0 0 0 0 0 0 0 0 0 0 0 0 0 0 0 0 0 0 0 0 0 0 0 0 0 0 0 0 2 0 0 73 191 0 0 1 0 0 0 0 0 0 0 0 0 0 0 2 0 0 0 0 0 5 0 2 0 0 0 80 0 0 0 255 255 255 255 5 0 6 0 0 0 0 0 data 10 0x60005 0x0 0x1bd0fdc0 0x17e9 0x0 0x0 0xb0007 0x17e9 0x20 0x0 oops 1 2 java/util/IdentityHashMap
ciMethodData lombok/core/AST putInMap (Llombok/core/LombokNode;)Llombok/core/LombokNode; 2 7096 orig 264 72 34 184 106 0 0 0 0 24 130 247 28 0 0 0 0 64 2 0 0 0 0 0 0 0 0 0 0 0 0 0 0 0 0 0 0 0 0 0 0 0 0 0 0 0 0 0 0 0 0 0 0 0 0 0 0 0 0 0 0 0 0 0 0 0 0 0 0 0 0 0 0 0 0 0 0 0 0 0 0 77 68 79 32 101 120 116 114 97 32 100 97 116 97 32 108 111 99 107 0 0 0 0 0 0 0 0 0 0 0 0 0 0 0 0 0 0 0 0 0 0 0 0 0 0 0 0 0 0 0 0 0 0 0 0 0 0 0 0 0 0 0 0 0 0 0 0 0 0 0 0 0 0 0 0 0 0 0 0 0 0 0 0 0 0 0 0 0 0 0 0 0 0 0 0 0 0 0 0 0 0 0 0 0 0 0 0 0 0 0 0 0 0 0 0 0 0 0 0 0 0 0 0 0 0 0 0 0 0 0 0 0 0 0 0 0 0 2 0 0 193 205 0 0 1 0 0 0 0 0 0 0 0 0 0 0 2 0 0 0 0 0 3 0 2 0 0 0 240 0 0 0 255 255 255 255 5 0 5 0 0 0 0 0 data 30 0x50005 0x0 0x1c2dd830 0x19b8 0x0 0x0 0x90005 0x0 0x1bd0fdc0 0x19b8 0x0 0x0 0x140005 0x0 0x1c2dd830 0x19b8 0x0 0x0 0x180005 0x0 0x1c2dd830 0x19b8 0x0 0x0 0x1b0005 0x0 0x1bd0fdc0 0x19b8 0x0 0x0 oops 5 2 lombok/javac/JavacNode 8 java/util/IdentityHashMap 14 lombok/javac/JavacNode 20 lombok/javac/JavacNode 26 java/util/IdentityHashMap
ciMethodData lombok/core/LombokImmutableList$1 next ()Ljava/lang/Object; 2 12047 orig 264 72 34 184 106 0 0 0 0 64 129 248 28 0 0 0 0 152 1 0 0 48 0 0 0 0 0 0 0 0 0 0 0 0 0 0 0 0 0 0 0 0 0 0 0 0 0 0 0 0 0 0 0 0 0 0 0 0 0 0 0 0 0 0 0 0 0 0 0 0 0 0 0 0 0 0 0 0 0 0 0 77 68 79 32 101 120 116 114 97 32 100 97 116 97 32 108 111 99 107 0 0 0 0 0 0 0 0 0 0 0 0 0 0 0 0 0 0 0 0 0 0 0 0 0 0 0 0 0 0 0 0 0 0 0 0 0 0 0 0 0 0 0 0 0 0 0 0 0 0 0 0 0 0 0 0 0 0 0 0 0 0 0 0 0 0 0 0 0 0 0 0 0 0 0 0 0 0 0 0 0 0 0 0 0 0 0 0 0 0 0 0 0 0 0 0 0 0 0 0 0 0 0 0 0 0 0 0 0 0 0 0 0 0 0 0 0 0 2 0 0 17 240 0 0 1 0 0 0 0 0 0 0 0 0 0 0 2 0 0 0 0 0 5 0 2 0 0 0 80 0 0 0 255 255 255 255 2 0 8 0 0 0 0 0 data 10 0x80002 0x1e02 0xc0007 0x0 0x30 0x1e02 0x130002 0x1e02 0x270002 0x0 oops 0
ciMethodData lombok/core/LombokImmutableList <init> ([Ljava/lang/Object;)V 2 6721 orig 264 72 34 184 106 0 0 0 0 224 108 248 28 0 0 0 0 56 1 0 0 0 0 0 0 0 0 0 0 0 0 0 0 0 0 0 0 0 0 0 0 0 0 0 0 0 0 0 0 0 0 0 0 0 0 0 0 0 0 0 0 0 0 0 0 0 0 0 0 0 0 0 0 0 0 0 0 0 0 0 0 77 68 79 32 101 120 116 114 97 32 100 97 116 97 32 108 111 99 107 0 0 0 0 0 0 0 0 0 0 0 0 0 0 0 0 0 0 0 0 0 0 0 0 0 0 0 0 0 0 0 0 0 0 0 0 0 0 0 0 0 0 0 0 0 0 0 0 0 0 0 0 0 0 0 0 0 0 0 0 0 0 0 0 0 0 0 0 0 0 0 0 0 0 0 0 0 0 0 0 0 0 0 0 0 0 0 0 0 0 0 0 0 0 0 0 0 0 0 0 0 0 0 0 0 0 0 0 0 0 0 0 0 0 0 0 0 0 2 0 0 9 194 0 0 1 0 0 0 0 0 0 0 0 0 0 0 2 0 0 0 0 0 3 0 2 0 0 0 16 0 0 0 255 255 255 255 2 0 1 0 0 0 0 0 data 2 0x10002 0x1841 oops 0
ciMethodData lombok/core/LombokImmutableList copyOf (Ljava/util/Collection;)Llombok/core/LombokImmutableList; 2 6720 orig 264 72 34 184 106 0 0 0 0 112 106 248 28 0 0 0 0 136 1 0 0 0 0 0 0 0 0 0 0 0 0 0 0 0 0 0 0 0 0 0 0 0 0 0 0 0 0 0 0 0 0 0 0 0 0 0 0 0 0 0 0 0 0 0 0 0 0 0 0 0 0 0 0 0 0 0 0 0 0 0 0 77 68 79 32 101 120 116 114 97 32 100 97 116 97 32 108 111 99 107 0 0 0 0 0 0 0 0 0 0 0 0 0 0 0 0 0 0 0 0 0 0 0 0 0 0 0 0 0 0 0 0 0 0 0 0 0 0 0 0 0 0 0 0 0 0 0 0 0 0 0 0 0 0 0 0 0 0 0 0 0 0 0 0 0 0 0 0 0 0 0 0 0 0 0 0 0 0 0 0 0 0 0 0 0 0 0 0 0 0 0 0 0 0 0 0 0 0 0 0 0 0 0 0 0 0 0 0 0 0 0 0 0 0 0 0 0 0 2 0 0 1 194 0 0 1 0 0 0 0 0 0 0 0 0 0 0 2 0 0 0 0 0 3 0 2 0 0 0 64 0 0 0 255 255 255 255 5 0 5 0 0 0 0 0 data 8 0x50005 0x0 0x1bd0a4f0 0x1840 0x0 0x0 0xa0002 0x1840 oops 1 2 java/util/ArrayList
ciMethodData lombok/core/AST buildWithField (Ljava/lang/Class;Ljava/lang/Object;Llombok/core/AST$FieldAccess;)Ljava/util/Collection; 2 6808 orig 264 72 34 184 106 0 0 0 0 240 142 247 28 0 0 0 0 88 1 0 0 0 0 0 0 0 0 0 0 0 0 0 0 0 0 0 0 0 0 0 0 0 0 0 0 0 0 0 0 0 0 0 0 0 0 0 0 0 0 0 0 0 0 0 0 0 0 0 0 0 0 0 0 0 0 0 0 0 0 0 0 77 68 79 32 101 120 116 114 97 32 100 97 116 97 32 108 111 99 107 0 0 0 0 0 0 0 0 0 0 0 0 0 0 0 0 0 0 0 0 0 0 0 0 0 0 0 0 0 0 0 0 0 0 0 0 0 0 0 0 0 0 0 0 0 0 0 0 0 0 0 0 0 0 0 0 0 0 0 0 0 0 0 0 0 0 0 0 0 0 0 0 0 0 0 0 0 0 0 0 0 0 0 0 0 0 0 0 0 0 0 0 0 0 0 0 0 0 0 0 0 0 0 0 0 0 0 0 0 0 0 0 0 0 0 0 0 0 2 0 0 193 196 0 0 1 0 0 0 0 0 0 0 0 0 0 0 2 0 0 0 0 0 3 0 2 0 0 0 32 0 0 0 255 255 255 255 2 0 4 0 0 0 0 0 data 4 0x40002 0x1898 0xf0002 0x1898 oops 0
ciMethodData lombok/core/AST buildWithField0 (Ljava/lang/Class;Ljava/lang/Object;Llombok/core/AST$FieldAccess;Ljava/util/Collection;)V 2 6808 orig 264 72 34 184 106 0 0 0 0 8 151 247 28 0 0 0 0 0 4 0 0 248 1 0 0 0 0 0 0 0 0 0 0 0 0 0 0 0 0 0 0 0 0 0 0 0 0 0 0 0 0 0 0 0 0 0 0 0 0 0 0 0 0 0 0 0 0 0 0 0 0 0 0 0 0 0 0 0 0 0 0 77 68 79 32 101 120 116 114 97 32 100 97 116 97 32 108 111 99 107 0 0 0 0 0 0 0 0 0 0 0 0 0 0 0 0 0 0 0 0 0 0 0 0 0 0 0 0 0 0 0 0 0 0 0 0 0 0 0 0 0 0 0 0 0 0 0 0 0 0 0 0 0 0 0 0 0 0 0 0 0 0 0 0 0 0 0 0 0 0 0 0 0 0 0 0 0 0 0 0 0 0 0 0 0 0 0 0 0 0 0 0 0 0 0 0 0 0 0 0 0 0 0 0 0 0 0 0 0 0 0 0 0 0 0 0 0 0 2 0 0 193 196 0 0 1 0 0 0 0 0 0 0 0 0 0 0 2 0 0 0 0 0 22 0 2 0 0 0 152 2 0 0 255 255 255 255 5 0 5 0 0 0 0 0 data 83 0x50005 0xbd0 0x20ca970 0xcc8 0x0 0x0 0xc0007 0x177b 0x20 0x11d 0x140007 0xa08 0x118 0xd73 0x1d0005 0x0 0x1c2dd530 0xd73 0x0 0x0 0x240007 0x0 0x1f8 0xd73 0x2c0005 0x674 0x20c9460 0x6ff 0x0 0x0 0x2f0004 0x0 0x1c2dd830 0x674 0x0 0x0 0x320005 0x0 0x1bd0a4f0 0xd73 0x0 0x0 0x380003 0xd73 0x148 0x3d0005 0x4cf 0x1bd0a950 0x16e 0x1bd0db10 0x3cb 0x400005 0x4cf 0x20c9460 0x539 0x0 0x0 0x430007 0xa08 0x48 0x0 0x500002 0x0 0x530003 0x0 0xa0 0x5a0005 0x4cf 0x20c9460 0x539 0x0 0x0 0x5d0007 0x0 0x58 0xa08 0x6a0002 0xa08 0x6d0003 0xa08 0x28 0x740002 0x0 oops 9 2 java/lang/reflect/Field 16 lombok/javac/JavacAST 26 java/lang/Class 32 lombok/javac/JavacNode 38 java/util/ArrayList 47 com/sun/tools/javac/util/List 49 com/sun/tools/javac/util/List$1 53 java/lang/Class 68 java/lang/Class
ciMethodData lombok/javac/JavacAST buildStatementOrExpression (Lcom/sun/tools/javac/tree/JCTree;)Llombok/javac/JavacNode; 2 5828 orig 264 72 34 184 106 0 0 0 0 152 88 247 28 0 0 0 0 144 4 0 0 16 3 0 0 0 0 0 0 0 0 0 0 0 0 0 0 0 0 0 0 0 0 0 0 0 0 0 0 0 0 0 0 0 0 0 0 0 0 0 0 0 0 0 0 0 0 0 0 0 0 0 0 0 0 0 0 0 0 0 0 77 68 79 32 101 120 116 114 97 32 100 97 116 97 32 108 111 99 107 0 0 0 0 0 0 0 0 0 0 0 0 0 0 0 0 0 0 0 0 0 0 0 0 0 0 0 0 0 0 0 0 0 0 0 0 0 0 0 0 0 0 0 0 0 0 0 0 0 0 0 0 0 0 0 0 0 0 0 0 0 0 0 0 0 0 0 0 0 0 0 0 0 0 0 0 0 0 0 0 0 0 0 0 0 0 0 0 0 0 0 0 0 0 0 0 0 0 0 0 0 0 0 0 0 0 0 0 0 0 0 0 0 0 0 0 0 0 2 0 0 33 166 0 0 1 0 0 0 0 0 0 0 0 0 0 0 2 0 0 0 0 0 26 0 2 0 0 0 64 3 0 0 255 255 255 255 7 0 1 0 0 0 0 0 data 104 0x10007 0x1391 0x20 0x133 0x70004 0xffffffffffffec6f 0x1c2ddde0 0x205 0x1c2dde90 0x2b8 0xa0007 0x1391 0x20 0x0 0x100004 0xffffffffffffec6f 0x1c2ddde0 0x205 0x1c2dde90 0x2b8 0x130007 0x1391 0x60 0x0 0x180004 0x0 0x0 0x0 0x0 0x0 0x1b0002 0x0 0x200004 0xffffffffffffed07 0x1c2ddde0 0x205 0x1c2dde90 0x2b8 0x230007 0x12f9 0x60 0x98 0x280004 0x0 0x1c2ddf40 0x98 0x0 0x0 0x2e0002 0x98 0x330004 0xffffffffffffed15 0x1c2ddde0 0x205 0x1c2dde90 0x2b8 0x360007 0x12eb 0x60 0xe 0x3b0004 0x0 0x1c2ddff0 0xe 0x0 0x0 0x3e0002 0xe 0x430005 0xfa8 0x1c2de0a0 0xc0 0x1c2dde90 0x283 0x460005 0x9d1 0x20c9460 0x91a 0x0 0x0 0x4b0005 0x9d1 0x20c93d0 0x91a 0x0 0x0 0x4e0007 0x12eb 0x30 0x0 0x530002 0x0 0x590005 0x0 0x1c2dd530 0x12eb 0x0 0x0 0x5c0007 0x12eb 0x20 0x0 0x630002 0x12eb oops 15 6 com/sun/tools/javac/tree/JCTree$JCFieldAccess 8 com/sun/tools/javac/tree/JCTree$JCIdent 16 com/sun/tools/javac/tree/JCTree$JCFieldAccess 18 com/sun/tools/javac/tree/JCTree$JCIdent 34 com/sun/tools/javac/tree/JCTree$JCFieldAccess 36 com/sun/tools/javac/tree/JCTree$JCIdent 44 com/sun/tools/javac/tree/JCTree$JCVariableDecl 52 com/sun/tools/javac/tree/JCTree$JCFieldAccess 54 com/sun/tools/javac/tree/JCTree$JCIdent 62 com/sun/tools/javac/tree/JCTree$JCTry 70 com/sun/tools/javac/tree/JCTree$JCLiteral 72 com/sun/tools/javac/tree/JCTree$JCIdent 76 java/lang/Class 82 java/lang/String 94 lombok/javac/JavacAST
ciMethodData lombok/javac/JavacAST drill (Lcom/sun/tools/javac/tree/JCTree;)Llombok/javac/JavacNode; 2 6808 orig 264 72 34 184 106 0 0 0 0 24 93 247 28 0 0 0 0 184 4 0 0 168 1 0 0 0 0 0 0 0 0 0 0 0 0 0 0 0 0 0 0 0 0 0 0 0 0 0 0 0 0 0 0 0 0 0 0 0 0 0 0 0 0 0 0 0 0 0 0 0 0 0 0 0 0 0 0 0 0 0 0 77 68 79 32 101 120 116 114 97 32 100 97 116 97 32 108 111 99 107 0 0 0 0 0 0 0 0 0 0 0 0 0 0 0 0 0 0 0 0 0 0 0 0 0 0 0 0 0 0 0 0 0 0 0 0 0 0 0 0 0 0 0 0 0 0 0 0 0 0 0 0 0 0 0 0 0 0 0 0 0 0 0 0 0 0 0 0 0 0 0 0 0 0 0 0 0 0 0 0 0 0 0 0 0 0 0 0 0 0 0 0 0 0 0 0 0 0 0 0 0 0 0 0 0 0 0 0 0 0 0 0 0 0 0 0 0 90 2 0 0 1 162 0 0 241 193 0 0 0 0 0 0 0 0 0 0 2 0 0 0 1 0 11 0 2 0 0 0 104 3 0 0 255 255 255 255 2 0 4 0 0 0 0 0 data 109 0x40002 0x1440 0xa0005 0x10dc 0x1bbe8330 0x100 0x1bbe8280 0x264 0xd0005 0x0 0x1c2dd530 0x1440 0x0 0x0 0x1c0007 0x1440 0x98 0x183a 0x2c0005 0x0 0x1c2dd530 0x183a 0x0 0x0 0x2f0005 0x0 0x1bd0a4f0 0x183a 0x0 0x0 0x380003 0x183a 0xffffffffffffff80 0x460002 0x1440 0x490005 0x0 0x1c2dd530 0x1440 0x0 0x0 0x4c0004 0x0 0x1c2dd830 0x920 0x0 0x0 0x520005 0x0 0x0 0x0 0x0 0x0 0x570007 0x0 0x20 0x0 0x650002 0x0 0x690005 0x0 0x0 0x0 0x0 0x0 0x6c0005 0x0 0x0 0x0 0x0 0x0 0x710005 0x0 0x0 0x0 0x0 0x0 0x750005 0x0 0x0 0x0 0x0 0x0 0x780005 0x0 0x0 0x0 0x0 0x0 0x7d0005 0x0 0x0 0x0 0x0 0x0 0x810005 0x0 0x0 0x0 0x0 0x0 0x840005 0x0 0x0 0x0 0x0 0x0 0x870002 0x0 oops 7 4 com/sun/tools/javac/tree/JCTree$JCExpressionStatement 6 com/sun/tools/javac/tree/JCTree$JCMethodInvocation 10 lombok/javac/JavacAST 20 lombok/javac/JavacAST 26 java/util/ArrayList 37 lombok/javac/JavacAST 43 lombok/javac/JavacNode
ciMethodData lombok/core/AST fieldsOf (Ljava/lang/Class;)[Llombok/core/AST$FieldAccess; 2 5696 orig 264 72 34 184 106 0 0 0 0 128 138 247 28 0 0 0 0 16 3 0 0 96 0 0 0 0 0 0 0 0 0 0 0 0 0 0 0 0 0 0 0 0 0 0 0 0 0 0 0 0 0 0 0 0 0 0 0 0 0 0 0 0 0 0 0 0 0 0 0 0 0 0 0 0 0 0 0 0 0 0 0 77 68 79 32 101 120 116 114 97 32 100 97 116 97 32 108 111 99 107 0 0 0 0 0 0 0 0 0 0 0 0 0 0 0 0 0 0 0 0 0 0 0 0 0 0 0 0 0 0 0 0 0 0 0 0 0 0 0 0 0 0 0 0 0 0 0 0 0 0 0 0 0 0 0 0 0 0 0 0 0 0 0 0 0 0 0 0 0 0 0 0 0 0 0 0 0 0 0 0 0 0 0 0 0 0 0 0 0 0 0 0 0 0 0 0 0 0 0 0 0 0 0 0 0 0 0 0 0 0 0 0 0 0 0 0 0 0 2 0 0 1 162 0 0 1 0 0 0 0 0 0 0 0 0 0 0 2 0 0 0 0 0 5 0 2 0 0 0 192 1 0 0 255 255 255 255 5 0 4 0 0 0 0 0 data 56 0x40005 0x0 0x1b9538a0 0x1440 0x0 0x0 0x90104 0x0 0x1c1ee3e0 0x143d 0x0 0x0 0xe0007 0x3 0x20 0x143d 0x170002 0x3 0x1e0002 0x3 0x270005 0x0 0x1bd0a4f0 0x3 0x0 0x0 0x2f0005 0x0 0x1bd0a4f0 0x3 0x0 0x0 0x340004 0x0 0x1c1ee3e0 0x3 0x0 0x0 0x370005 0x0 0x1b9538a0 0x3 0x0 0x0 0x410005 0x0 0x1b9538a0 0x3 0x0 0x0 0x460004 0x0 0x1c1ee3e0 0x3 0x0 0x0 oops 8 2 java/util/concurrent/ConcurrentHashMap 8 [Llombok/core/AST$FieldAccess; 22 java/util/ArrayList 28 java/util/ArrayList 34 [Llombok/core/AST$FieldAccess; 40 java/util/concurrent/ConcurrentHashMap 46 java/util/concurrent/ConcurrentHashMap 52 [Llombok/core/AST$FieldAccess;
ciMethodData lombok/javac/JavacAST buildTree (Lcom/sun/tools/javac/tree/JCTree;Llombok/core/AST$Kind;)Llombok/javac/JavacNode; 2 4904 orig 264 72 34 184 106 0 0 0 0 160 73 247 28 0 0 0 0 248 4 0 0 224 2 0 0 0 0 0 0 0 0 0 0 0 0 0 0 0 0 0 0 0 0 0 0 0 0 0 0 0 0 0 0 0 0 0 0 0 0 0 0 0 0 0 0 0 0 0 0 0 0 0 0 0 0 0 0 0 0 0 0 77 68 79 32 101 120 116 114 97 32 100 97 116 97 32 108 111 99 107 0 0 0 0 0 0 0 0 0 0 0 0 0 0 0 0 0 0 0 0 0 0 0 0 0 0 0 0 0 0 0 0 0 0 0 0 0 0 0 0 0 0 0 0 0 0 0 0 0 0 0 0 0 0 0 0 0 0 0 0 0 0 0 0 0 0 0 0 0 0 0 0 0 0 0 0 0 0 0 0 0 0 0 0 0 0 0 0 0 0 0 0 0 0 0 0 0 0 0 0 0 0 0 0 0 0 0 0 0 0 0 0 0 0 0 0 0 0 2 0 0 65 137 0 0 1 0 0 0 0 0 0 0 0 0 0 0 2 0 0 0 0 0 18 0 2 0 0 0 160 3 0 0 255 255 255 255 5 0 4 0 0 0 0 0 data 116 0x40005 0x7fb 0x1c2e1df0 0x92d 0x0 0x0 0x80008 0x14 0x0 0x2c0 0x0 0xb0 0x0 0xf0 0x0 0x130 0x0 0x170 0x0 0x1b0 0x0 0x1f0 0x0 0x230 0x7fb 0x270 0x0 0x280 0x3e0004 0x0 0x0 0x0 0x0 0x0 0x410002 0x0 0x470004 0x0 0x0 0x0 0x0 0x0 0x4a0002 0x0 0x500004 0x0 0x0 0x0 0x0 0x0 0x530002 0x0 0x590004 0x0 0x0 0x0 0x0 0x0 0x5c0002 0x0 0x620004 0x0 0x0 0x0 0x0 0x0 0x650002 0x0 0x6b0004 0x0 0x0 0x0 0x0 0x0 0x6f0002 0x0 0x750004 0x0 0x0 0x0 0x0 0x0 0x790002 0x0 0x7f0002 0x1128 0x850004 0x0 0x0 0x0 0x0 0x0 0x890002 0x0 0x950002 0x0 0x9a0005 0x0 0x0 0x0 0x0 0x0 0x9e0005 0x0 0x0 0x0 0x0 0x0 0xa10005 0x0 0x0 0x0 0x0 0x0 0xa40002 0x0 oops 1 2 lombok/core/AST$Kind
ciMethodData lombok/javac/JavacAST buildTree (Ljava/lang/Object;Llombok/core/AST$Kind;)Llombok/core/LombokNode; 2 4888 orig 264 72 34 184 106 0 0 0 0 56 104 247 28 0 0 0 0 184 1 0 0 0 0 0 0 0 0 0 0 0 0 0 0 0 0 0 0 0 0 0 0 0 0 0 0 0 0 0 0 0 0 0 0 0 0 0 0 0 0 0 0 0 0 0 0 0 0 0 0 0 0 0 0 0 0 0 0 0 0 0 0 77 68 79 32 101 120 116 114 97 32 100 97 116 97 32 108 111 99 107 0 0 0 0 0 0 0 0 0 0 0 0 0 0 0 0 0 0 0 0 0 0 0 0 0 0 0 0 0 0 0 0 0 0 0 0 0 0 0 0 0 0 0 0 0 0 0 0 0 0 0 0 0 0 0 0 0 0 0 0 0 0 0 0 0 0 0 0 0 0 0 0 0 0 0 0 0 0 0 0 0 0 0 0 0 0 0 0 0 0 0 0 0 0 0 0 0 0 0 0 0 0 0 0 0 0 0 0 0 0 0 0 0 0 0 0 0 0 2 0 0 193 136 0 0 1 0 0 0 0 0 0 0 0 0 0 0 2 0 0 0 0 0 3 0 2 0 0 0 96 0 0 0 255 255 255 255 4 0 2 0 0 0 0 0 data 12 0x20004 0x0 0x1bbe8280 0x3ff 0x1c2ddde0 0x422 0x60005 0x0 0x1c2dd530 0x1118 0x0 0x0 oops 3 2 com/sun/tools/javac/tree/JCTree$JCMethodInvocation 4 com/sun/tools/javac/tree/JCTree$JCFieldAccess 8 lombok/javac/JavacAST
ciMethodData java/lang/Class getDeclaringClass ()Ljava/lang/Class; 2 6009 orig 264 72 34 184 106 0 0 0 0 40 214 79 24 0 0 0 0 168 1 0 0 0 0 0 0 0 0 0 0 0 0 0 0 0 0 0 0 0 0 0 0 0 0 0 0 0 0 0 0 0 0 0 0 0 0 0 0 0 0 0 0 0 0 0 0 0 0 0 0 0 0 0 0 0 0 0 0 0 0 0 0 77 68 79 32 101 120 116 114 97 32 100 97 116 97 32 108 111 99 107 0 0 0 0 0 0 0 0 0 0 0 0 0 0 0 0 0 0 0 0 0 0 0 0 0 0 0 0 0 0 0 0 0 0 0 0 0 0 0 0 0 0 0 0 0 0 0 0 0 0 0 0 0 0 0 0 0 0 0 0 0 0 0 0 0 0 0 0 0 0 0 0 0 0 0 0 0 0 0 0 0 0 0 0 0 0 0 0 0 0 0 0 0 0 0 0 0 0 0 0 0 0 0 0 0 0 0 0 0 0 0 0 0 0 0 0 0 0 1 0 0 201 179 0 0 1 0 0 0 0 0 0 0 0 0 0 0 2 0 0 0 0 0 9 0 2 0 0 0 96 0 0 0 255 255 255 255 2 0 1 0 0 0 0 0 data 12 0x10002 0x1679 0x60007 0x50 0x50 0x1629 0xa0002 0x1629 0xd0002 0x1629 0x110002 0x1629 oops 0
ciMethodData java/util/IdentityHashMap hash (Ljava/lang/Object;I)I 2 21109 orig 264 72 34 184 106 0 0 0 0 112 59 136 24 0 0 0 0 96 1 0 0 0 0 0 0 0 0 0 0 0 0 0 0 0 0 0 0 0 0 0 0 0 0 0 0 0 0 0 0 0 0 0 0 0 0 0 0 0 0 0 0 0 0 0 0 0 0 0 0 0 0 0 0 0 0 0 0 0 0 0 0 77 68 79 32 101 120 116 114 97 32 100 97 116 97 32 108 111 99 107 0 0 0 0 0 0 0 0 0 0 0 0 0 0 0 0 0 0 0 0 0 0 0 0 0 0 0 0 0 0 0 0 0 0 0 0 0 0 0 0 0 0 0 0 0 0 0 0 0 0 0 0 0 0 0 0 0 0 0 0 0 0 0 0 0 0 0 0 0 0 0 0 0 0 0 0 0 0 0 0 0 0 0 0 0 0 0 0 0 0 0 0 0 0 0 0 0 0 0 0 0 0 0 0 0 0 0 0 0 0 0 0 0 0 0 0 0 0 1 0 0 169 139 2 0 1 0 0 0 0 0 0 0 0 0 0 0 2 0 0 0 0 0 3 0 2 0 0 0 16 0 0 0 255 255 255 255 2 0 1 0 0 0 0 0 data 2 0x10002 0x5175 oops 0
ciMethodData java/util/IdentityHashMap maskNull (Ljava/lang/Object;)Ljava/lang/Object; 2 8873 orig 264 72 34 184 106 0 0 0 0 152 53 136 24 0 0 0 0 88 1 0 0 0 0 0 0 0 0 0 0 0 0 0 0 0 0 0 0 0 0 0 0 0 0 0 0 0 0 0 0 0 0 0 0 0 0 0 0 0 0 0 0 0 0 0 0 0 0 0 0 0 0 0 0 0 0 0 0 0 0 0 0 77 68 79 32 101 120 116 114 97 32 100 97 116 97 32 108 111 99 107 0 0 0 0 0 0 0 0 0 0 0 0 0 0 0 0 0 0 0 0 0 0 0 0 0 0 0 0 0 0 0 0 0 0 0 0 0 0 0 0 0 0 0 0 0 0 0 0 0 0 0 0 0 0 0 0 0 0 0 0 0 0 0 0 0 0 0 0 0 0 0 0 0 0 0 0 0 0 0 0 0 0 0 0 0 0 0 0 0 0 0 0 0 0 0 0 0 0 0 0 0 0 0 0 0 0 0 0 0 0 0 0 0 0 0 0 0 11 1 0 0 225 12 1 0 1 0 0 0 0 0 0 0 0 0 0 0 2 0 0 0 0 0 6 0 2 0 0 0 56 0 0 0 255 255 255 255 7 0 1 0 0 0 0 0 data 7 0x10007 0x219c 0x38 0x0 0x70003 0x0 0x18 oops 0
ciMethodData java/util/IdentityHashMap put (Ljava/lang/Object;Ljava/lang/Object;)Ljava/lang/Object; 2 10675 orig 264 72 34 184 106 0 0 0 0 136 64 136 24 0 0 0 0 216 2 0 0 0 0 0 0 0 0 0 0 0 0 0 0 0 0 0 0 0 0 0 0 0 0 0 0 0 0 0 0 0 0 0 0 0 0 0 0 0 0 0 0 0 0 0 0 0 0 0 0 0 0 0 0 0 0 0 0 0 0 0 0 77 68 79 32 101 120 116 114 97 32 100 97 116 97 32 108 111 99 107 0 0 0 0 0 0 0 0 0 0 0 0 0 0 0 0 0 0 0 0 0 0 0 0 0 0 0 0 0 0 0 0 0 0 0 0 0 0 0 0 0 0 0 0 0 0 0 0 0 0 0 0 0 0 0 0 0 0 0 0 0 0 0 0 0 0 0 0 0 0 0 0 0 0 0 0 0 0 0 0 0 0 0 0 0 0 0 0 0 0 0 0 0 0 0 0 0 0 0 0 0 0 0 0 0 0 0 0 0 0 0 0 0 0 0 0 0 57 1 0 0 33 11 1 0 185 67 1 0 0 0 0 0 0 0 0 0 2 0 0 0 2 0 22 0 2 0 0 0 128 1 0 0 255 255 255 255 2 0 1 0 0 0 0 0 data 48 0x10002 0x2164 0x130002 0x21da 0x200007 0x16a6 0x98 0x3335 0x260007 0x2801 0x50 0xb34 0x390004 0x0 0x1c2ddf40 0xef 0x1c2dde90 0x275 0x410002 0x2801 0x460003 0x2801 0xffffffffffffff80 0x5a0007 0x1630 0x68 0x76 0x600002 0x76 0x630007 0x0 0x38 0x76 0x660003 0x76 0xffffffffffffff08 0x780004 0x0 0x1b647b80 0xe 0x1c2ddf40 0x1de 0x800004 0x0 0x1b647b80 0x7 0x1c2ddf40 0xef oops 6 14 com/sun/tools/javac/tree/JCTree$JCVariableDecl 16 com/sun/tools/javac/tree/JCTree$JCIdent 38 com/sun/tools/javac/tree/JCTree$JCCatch 40 com/sun/tools/javac/tree/JCTree$JCVariableDecl 44 com/sun/tools/javac/tree/JCTree$JCCatch 46 com/sun/tools/javac/tree/JCTree$JCVariableDecl
ciMethodData java/util/IdentityHashMap nextKeyIndex (II)I 2 14476 orig 264 72 34 184 106 0 0 0 0 16 60 136 24 0 0 0 0 96 1 0 0 0 0 0 0 0 0 0 0 0 0 0 0 0 0 0 0 0 0 0 0 0 0 0 0 0 0 0 0 0 0 0 0 0 0 0 0 0 0 0 0 0 0 0 0 0 0 0 0 0 0 0 0 0 0 0 0 0 0 0 0 77 68 79 32 101 120 116 114 97 32 100 97 116 97 32 108 111 99 107 0 0 0 0 0 0 0 0 0 0 0 0 0 0 0 0 0 0 0 0 0 0 0 0 0 0 0 0 0 0 0 0 0 0 0 0 0 0 0 0 0 0 0 0 0 0 0 0 0 0 0 0 0 0 0 0 0 0 0 0 0 0 0 0 0 0 0 0 0 0 0 0 0 0 0 0 0 0 0 0 0 0 0 0 0 0 0 0 0 0 0 0 0 0 0 0 0 0 0 0 0 0 0 0 0 0 0 0 0 0 0 0 0 0 0 0 0 151 1 0 0 169 183 1 0 1 0 0 0 0 0 0 0 0 0 0 0 2 0 0 0 0 0 6 0 2 0 0 0 56 0 0 0 255 255 255 255 7 0 4 0 0 0 0 0 data 7 0x40007 0xb2 0x38 0x3643 0xa0003 0x3643 0x18 oops 0
ciMethodData java/util/IdentityHashMap resize (I)Z 2 30215 orig 264 72 34 184 106 0 0 0 0 208 65 136 24 0 0 0 0 48 3 0 0 80 0 0 0 0 0 0 0 0 0 0 0 0 0 0 0 0 0 0 0 0 0 0 0 0 0 0 0 0 0 0 0 0 0 0 0 0 0 0 0 0 0 0 0 0 0 0 0 0 0 0 0 0 0 0 0 0 0 0 0 77 68 79 32 101 120 116 114 97 32 100 97 116 97 32 108 111 99 107 0 0 0 0 0 0 0 0 0 0 0 0 0 0 0 0 0 0 0 0 0 0 0 0 0 0 0 0 0 0 0 0 0 0 0 0 0 0 0 0 0 0 0 0 0 0 0 0 0 0 0 0 0 0 0 0 0 0 0 0 0 0 0 0 0 0 0 0 0 0 0 0 0 0 0 0 0 0 0 0 0 0 0 0 0 0 0 0 0 0 0 0 0 0 0 0 0 0 0 0 0 0 0 0 0 0 0 0 0 0 0 0 0 0 0 0 0 246 1 0 0 129 8 0 0 137 160 3 0 0 0 0 0 0 0 0 0 2 0 0 0 2 0 22 0 2 0 0 0 224 1 0 0 255 255 255 255 7 0 17 0 0 0 0 0 data 60 0x110007 0x110 0x50 0x0 0x1a0007 0x0 0x30 0x0 0x230002 0x0 0x2c0007 0x110 0x20 0x0 0x3e0007 0x110 0x170 0x6480 0x490007 0x21fe 0x138 0x4282 0x580104 0x0 0x0 0x0 0x0 0x0 0x5f0104 0x0 0x0 0x0 0x0 0x0 0x630002 0x4282 0x6d0007 0x4282 0x48 0xf91 0x730002 0xf91 0x780003 0xf91 0xffffffffffffffd0 0x810004 0x0 0x1c2ddde0 0xa9a 0x1c18c610 0x289 0x8a0004 0x0 0x1c2ddde0 0x514 0x1c18c610 0x181 0x8e0003 0x6480 0xfffffffffffffea8 oops 4 47 com/sun/tools/javac/tree/JCTree$JCFieldAccess 49 com/sun/tools/javac/tree/JCTree$JCMethodDecl 53 com/sun/tools/javac/tree/JCTree$JCFieldAccess 55 com/sun/tools/javac/tree/JCTree$JCMethodDecl
ciMethodData java/lang/Class getSimpleName ()Ljava/lang/String; 2 5900 orig 264 72 34 184 106 0 0 0 0 248 216 79 24 0 0 0 0 208 4 0 0 176 2 0 0 0 0 0 0 0 0 0 0 0 0 0 0 0 0 0 0 0 0 0 0 0 0 0 0 0 0 0 0 0 0 0 0 0 0 0 0 0 0 0 0 0 0 0 0 0 0 0 0 0 0 0 0 0 0 0 0 77 68 79 32 101 120 116 114 97 32 100 97 116 97 32 108 111 99 107 0 0 0 0 0 0 0 0 0 0 0 0 0 0 0 0 0 0 0 0 0 0 0 0 0 0 0 0 0 0 0 0 0 0 0 0 0 0 0 0 0 0 0 0 0 0 0 0 0 0 0 0 0 0 0 0 0 0 0 0 0 0 0 0 0 0 0 0 0 0 0 0 0 0 0 0 0 0 0 0 0 0 0 0 0 0 0 0 0 0 0 0 0 0 0 0 0 0 0 0 0 0 0 0 0 0 0 0 0 0 0 0 0 0 0 0 0 6 1 0 0 49 176 0 0 1 0 0 0 0 0 0 0 0 0 0 0 2 0 0 0 1 0 39 0 2 0 0 0 136 3 0 0 255 255 255 255 5 0 1 0 0 0 0 0 data 113 0x10005 0x53 0x20c9460 0x15b3 0x0 0x0 0x40007 0x1606 0x120 0x0 0xb0002 0x0 0xf0005 0x0 0x0 0x0 0x0 0x0 0x120005 0x0 0x0 0x0 0x0 0x0 0x150005 0x0 0x0 0x0 0x0 0x0 0x1a0005 0x0 0x0 0x0 0x0 0x0 0x1d0005 0x0 0x0 0x0 0x0 0x0 0x220002 0x1606 0x270007 0x15ba 0xb0 0x4c 0x2b0005 0x1 0x20c9460 0x4b 0x0 0x0 0x330005 0x1 0x20c93d0 0x4b 0x0 0x0 0x380005 0x1 0x20c93d0 0x4b 0x0 0x0 0x3d0005 0x52 0x20c93d0 0x1568 0x0 0x0 0x430007 0x0 0x70 0x15ba 0x480005 0x52 0x20c93d0 0x1568 0x0 0x0 0x4d0007 0x15ba 0x30 0x0 0x560002 0x0 0x5e0007 0x0 0x98 0x15ba 0x630005 0x52 0x20c93d0 0x1568 0x0 0x0 0x660002 0x15ba 0x690007 0x15ba 0x38 0x0 0x6f0003 0x0 0xffffffffffffff80 0x740005 0x52 0x20c93d0 0x1568 0x0 0x0 oops 8 2 java/lang/Class 50 java/lang/Class 56 java/lang/String 62 java/lang/String 68 java/lang/String 78 java/lang/String 94 java/lang/String 109 java/lang/String
ciMethodData java/lang/Class getSimpleBinaryName ()Ljava/lang/String; 2 5900 orig 264 72 34 184 106 0 0 0 0 64 222 79 24 0 0 0 0 104 2 0 0 48 0 0 0 0 0 0 0 0 0 0 0 0 0 0 0 0 0 0 0 0 0 0 0 0 0 0 0 0 0 0 0 0 0 0 0 0 0 0 0 0 0 0 0 0 0 0 0 0 0 0 0 0 0 0 0 0 0 0 0 77 68 79 32 101 120 116 114 97 32 100 97 116 97 32 108 111 99 107 0 0 0 0 0 0 0 0 0 0 0 0 0 0 0 0 0 0 0 0 0 0 0 0 0 0 0 0 0 0 0 0 0 0 0 0 0 0 0 0 0 0 0 0 0 0 0 0 0 0 0 0 0 0 0 0 0 0 0 0 0 0 0 0 0 0 0 0 0 0 0 0 0 0 0 0 0 0 0 0 0 0 0 0 0 0 0 0 0 0 0 0 0 0 0 0 0 0 0 0 0 0 0 0 0 0 0 0 0 0 0 0 0 0 0 0 0 13 1 0 0 249 175 0 0 1 0 0 0 0 0 0 0 0 0 0 0 2 0 0 0 0 0 15 0 2 0 0 0 32 1 0 0 255 255 255 255 5 0 1 0 0 0 0 0 data 36 0x10005 0x4c 0x20c9460 0x15b3 0x0 0x0 0x60007 0x15b3 0x20 0x4c 0xc0005 0x4b 0x20c9460 0x1568 0x0 0x0 0x100005 0x4b 0x20c9460 0x1568 0x0 0x0 0x130005 0x4b 0x20c93d0 0x1568 0x0 0x0 0x160005 0x4b 0x20c93d0 0x1568 0x0 0x0 0x220002 0x0 oops 5 2 java/lang/Class 12 java/lang/Class 18 java/lang/Class 24 java/lang/String 30 java/lang/String
ciMethodData java/lang/Class isAsciiDigit (C)Z 2 5820 orig 264 72 34 184 106 0 0 0 0 144 218 79 24 0 0 0 0 120 1 0 0 0 0 0 0 0 0 0 0 0 0 0 0 0 0 0 0 0 0 0 0 0 0 0 0 0 0 0 0 0 0 0 0 0 0 0 0 0 0 0 0 0 0 0 0 0 0 0 0 0 0 0 0 0 0 0 0 0 0 0 0 77 68 79 32 101 120 116 114 97 32 100 97 116 97 32 108 111 99 107 0 0 0 0 0 0 0 0 0 0 0 0 0 0 0 0 0 0 0 0 0 0 0 0 0 0 0 0 0 0 0 0 0 0 0 0 0 0 0 0 0 0 0 0 0 0 0 0 0 0 0 0 0 0 0 0 0 0 0 0 0 0 0 0 0 0 0 0 0 0 0 0 0 0 0 0 0 0 0 0 0 0 0 0 0 0 0 0 0 0 0 0 0 0 0 0 0 0 0 0 0 0 0 0 0 0 0 0 0 0 0 0 0 0 0 0 0 9 1 0 0 153 173 0 0 1 0 0 0 0 0 0 0 0 0 0 0 2 0 0 0 0 0 9 0 2 0 0 0 88 0 0 0 255 255 255 255 7 0 3 0 0 0 0 0 data 11 0x30007 0x0 0x58 0x15b3 0x90007 0x15b3 0x38 0x0 0xd0003 0x0 0x18 oops 0
ciMethodData java/lang/Class getEnclosingClass ()Ljava/lang/Class; 2 5902 orig 264 72 34 184 106 0 0 0 0 200 215 79 24 0 0 0 0 144 2 0 0 232 0 0 0 0 0 0 0 0 0 0 0 0 0 0 0 0 0 0 0 0 0 0 0 0 0 0 0 0 0 0 0 0 0 0 0 0 0 0 0 0 0 0 0 0 0 0 0 0 0 0 0 0 0 0 0 0 0 0 0 77 68 79 32 101 120 116 114 97 32 100 97 116 97 32 108 111 99 107 0 0 0 0 0 0 0 0 0 0 0 0 0 0 0 0 0 0 0 0 0 0 0 0 0 0 0 0 0 0 0 0 0 0 0 0 0 0 0 0 0 0 0 0 0 0 0 0 0 0 0 0 0 0 0 0 0 0 0 0 0 0 0 0 0 0 0 0 0 0 0 0 0 0 0 0 0 0 0 0 0 0 0 0 0 0 0 0 0 0 0 0 0 0 0 0 0 0 0 0 0 0 0 0 0 0 0 0 0 0 0 0 0 0 0 0 0 91 1 0 0 153 173 0 0 1 0 0 0 0 0 0 0 0 0 0 0 2 0 0 0 0 0 27 0 2 0 0 0 72 1 0 0 255 255 255 255 2 0 1 0 0 0 0 0 data 41 0x10002 0x15b3 0x60007 0x0 0x68 0x15b3 0xa0005 0xae9 0x20c9460 0xaca 0x0 0x0 0xe0003 0x15b3 0x98 0x120005 0x0 0x0 0x0 0x0 0x0 0x180007 0x0 0x40 0x0 0x1c0007 0x0 0x30 0x0 0x250002 0x0 0x2c0007 0x4b 0x50 0x1568 0x300002 0x1568 0x330002 0x1568 0x370002 0x1568 oops 1 8 java/lang/Class
ciMethodData java/util/ArrayList toArray ()[Ljava/lang/Object; 2 10829 orig 264 72 34 184 106 0 0 0 0 192 215 91 24 0 0 0 0 88 1 0 0 0 0 0 0 0 0 0 0 0 0 0 0 0 0 0 0 0 0 0 0 0 0 0 0 0 0 0 0 0 0 0 0 0 0 0 0 0 0 0 0 0 0 0 0 0 0 0 0 0 0 0 0 0 0 0 0 0 0 0 0 77 68 79 32 101 120 116 114 97 32 100 97 116 97 32 108 111 99 107 0 0 0 0 0 0 0 0 0 0 0 0 0 0 0 0 0 0 0 0 0 0 0 0 0 0 0 0 0 0 0 0 0 0 0 0 0 0 0 0 0 0 0 0 0 0 0 0 0 0 0 0 0 0 0 0 0 0 0 0 0 0 0 0 0 0 0 0 0 0 0 0 0 0 0 0 0 0 0 0 0 0 0 0 0 0 0 0 0 0 0 0 0 0 0 0 0 0 0 0 0 0 0 0 0 0 0 0 0 0 0 0 0 0 0 0 0 0 2 0 0 177 203 0 0 1 0 0 0 0 0 0 0 0 0 0 0 2 0 0 0 0 0 3 0 2 0 0 0 16 0 0 0 255 255 255 255 2 0 8 0 0 0 0 0 data 2 0x80002 0x1976 oops 0
ciMethodData java/lang/Class getEnclosingMethodInfo ()Ljava/lang/Class$EnclosingMethodInfo; 2 5904 orig 264 72 34 184 106 0 0 0 0 16 211 79 24 0 0 0 0 96 1 0 0 16 0 0 0 0 0 0 0 0 0 0 0 0 0 0 0 0 0 0 0 0 0 0 0 0 0 0 0 0 0 0 0 0 0 0 0 0 0 0 0 0 0 0 0 0 0 0 0 0 0 0 0 0 0 0 0 0 0 0 0 77 68 79 32 101 120 116 114 97 32 100 97 116 97 32 108 111 99 107 0 0 0 0 0 0 0 0 0 0 0 0 0 0 0 0 0 0 0 0 0 0 0 0 0 0 0 0 0 0 0 0 0 0 0 0 0 0 0 0 0 0 0 0 0 0 0 0 0 0 0 0 0 0 0 0 0 0 0 0 0 0 0 0 0 0 0 0 0 0 0 0 0 0 0 0 0 0 0 0 0 0 0 0 0 0 0 0 0 0 0 0 0 0 0 0 0 0 0 0 0 0 0 0 0 0 0 0 0 0 0 0 0 0 0 0 0 0 2 0 0 129 168 0 0 1 0 0 0 0 0 0 0 0 0 0 0 2 0 0 0 0 0 5 0 2 0 0 0 64 0 0 0 255 255 255 255 2 0 1 0 0 0 0 0 data 8 0x10002 0x1510 0x60007 0x0 0x20 0x1510 0x110002 0x0 oops 0
ciMethodData java/lang/reflect/Field getFieldAccessor (Ljava/lang/Object;)Lsun/reflect/FieldAccessor; 2 6012 orig 264 72 34 184 106 0 0 0 0 32 228 82 24 0 0 0 0 168 1 0 0 88 0 0 0 0 0 0 0 0 0 0 0 0 0 0 0 0 0 0 0 0 0 0 0 0 0 0 0 0 0 0 0 0 0 0 0 0 0 0 0 0 0 0 0 0 0 0 0 0 0 0 0 0 0 0 0 0 0 0 0 77 68 79 32 101 120 116 114 97 32 100 97 116 97 32 108 111 99 107 0 0 0 0 0 0 0 0 0 0 0 0 0 0 0 0 0 0 0 0 0 0 0 0 0 0 0 0 0 0 0 0 0 0 0 0 0 0 0 0 0 0 0 0 0 0 0 0 0 0 0 0 0 0 0 0 0 0 0 0 0 0 0 0 0 0 0 0 0 0 0 0 0 0 0 0 0 0 0 0 0 0 0 0 0 0 0 0 0 0 0 0 0 0 0 0 0 0 0 0 0 0 0 0 0 0 0 0 0 0 0 0 0 0 0 0 0 0 2 0 0 225 171 0 0 1 0 0 0 0 0 0 0 0 0 0 0 2 0 0 0 0 0 9 0 2 0 0 0 128 0 0 0 255 255 255 255 7 0 6 0 0 0 0 0 data 16 0x60007 0x0 0x38 0x157c 0xd0003 0x157c 0x18 0x160007 0x4 0x38 0x1578 0x1a0003 0x1578 0x28 0x1f0002 0x4 oops 0
ciMethodData java/lang/reflect/Field get (Ljava/lang/Object;)Ljava/lang/Object; 2 6010 orig 264 72 34 184 106 0 0 0 0 96 211 82 24 0 0 0 0 32 2 0 0 96 0 0 0 0 0 0 0 0 0 0 0 0 0 0 0 0 0 0 0 0 0 0 0 0 0 0 0 0 0 0 0 0 0 0 0 0 0 0 0 0 0 0 0 0 0 0 0 0 0 0 0 0 0 0 0 0 0 0 0 77 68 79 32 101 120 116 114 97 32 100 97 116 97 32 108 111 99 107 0 0 0 0 0 0 0 0 0 0 0 0 0 0 0 0 0 0 0 0 0 0 0 0 0 0 0 0 0 0 0 0 0 0 0 0 0 0 0 0 0 0 0 0 0 0 0 0 0 0 0 0 0 0 0 0 0 0 0 0 0 0 0 0 0 0 0 0 0 0 0 0 0 0 0 0 0 0 0 0 0 0 0 0 0 0 0 0 0 0 0 0 0 0 0 0 0 0 0 0 0 0 0 0 0 0 0 0 0 0 0 0 0 0 0 0 0 0 2 0 0 209 171 0 0 1 0 0 0 0 0 0 0 0 0 0 0 2 0 0 0 0 0 20 0 2 0 0 0 208 0 0 0 255 255 255 255 7 0 4 0 0 0 0 0 data 26 0x40007 0x157a 0x90 0x0 0xf0002 0x0 0x120007 0x0 0x60 0x0 0x150002 0x0 0x240005 0x0 0x0 0x0 0x0 0x0 0x290002 0x157a 0x2d0005 0x0 0x1ba09c80 0x157a 0x0 0x0 oops 1 22 sun/reflect/UnsafeObjectFieldAccessorImpl
ciMethodData sun/reflect/UnsafeFieldAccessorImpl ensureObj (Ljava/lang/Object;)V 2 5975 orig 264 72 34 184 106 0 0 0 0 0 179 83 24 0 0 0 0 48 2 0 0 0 0 0 0 0 0 0 0 0 0 0 0 0 0 0 0 0 0 0 0 0 0 0 0 0 0 0 0 0 0 0 0 0 0 0 0 0 0 0 0 0 0 0 0 0 0 0 0 0 0 0 0 0 0 0 0 0 0 0 0 77 68 79 32 101 120 116 114 97 32 100 97 116 97 32 108 111 99 107 0 0 0 0 0 0 0 0 0 0 0 0 0 0 0 0 0 0 0 0 0 0 0 0 0 0 0 0 0 0 0 0 0 0 0 0 0 0 0 0 0 0 0 0 0 0 0 0 0 0 0 0 0 0 0 0 0 0 0 0 0 0 0 0 0 0 0 0 0 0 0 0 0 0 0 0 0 0 0 0 0 0 0 0 0 0 0 0 0 0 0 0 0 0 0 0 0 0 0 0 0 0 0 0 0 0 0 0 0 0 0 0 0 0 0 0 0 0 2 0 0 185 170 0 0 1 0 0 0 0 0 0 0 0 0 0 0 2 0 0 0 0 0 12 0 2 0 0 0 224 0 0 0 255 255 255 255 5 0 4 0 0 0 0 0 data 28 0x40005 0xbdd 0x20ca970 0x97a 0x0 0x0 0x80005 0xf7a 0x1bbe8280 0x528 0x1bbe8330 0xb5 0xb0005 0xbdd 0x20c9460 0x97a 0x0 0x0 0xe0007 0x1557 0x50 0x0 0x130005 0x0 0x0 0x0 0x0 0x0 oops 4 2 java/lang/reflect/Field 8 com/sun/tools/javac/tree/JCTree$JCMethodInvocation 10 com/sun/tools/javac/tree/JCTree$JCExpressionStatement 14 java/lang/Class
ciMethodData sun/reflect/UnsafeObjectFieldAccessorImpl get (Ljava/lang/Object;)Ljava/lang/Object; 2 5973 orig 264 72 34 184 106 0 0 0 0 208 101 136 24 0 0 0 0 176 1 0 0 0 0 0 0 0 0 0 0 0 0 0 0 0 0 0 0 0 0 0 0 0 0 0 0 0 0 0 0 0 0 0 0 0 0 0 0 0 0 0 0 0 0 0 0 0 0 0 0 0 0 0 0 0 0 0 0 0 0 0 0 77 68 79 32 101 120 116 114 97 32 100 97 116 97 32 108 111 99 107 0 0 0 0 0 0 0 0 0 0 0 0 0 0 0 0 0 0 0 0 0 0 0 0 0 0 0 0 0 0 0 0 0 0 0 0 0 0 0 0 0 0 0 0 0 0 0 0 0 0 0 0 0 0 0 0 0 0 0 0 0 0 0 0 0 0 0 0 0 0 0 0 0 0 0 0 0 0 0 0 0 0 0 0 0 0 0 0 0 0 0 0 0 0 0 0 0 0 0 0 0 0 0 0 0 0 0 0 0 0 0 0 0 0 0 0 0 0 2 0 0 169 170 0 0 1 0 0 0 0 0 0 0 0 0 0 0 2 0 0 0 0 0 13 0 2 0 0 0 96 0 0 0 255 255 255 255 5 0 2 0 0 0 0 0 data 12 0x20005 0x0 0x1ba09c80 0x1555 0x0 0x0 0xd0005 0xbdb 0x0 0x0 0x0 0x0 oops 1 2 sun/reflect/UnsafeObjectFieldAccessorImpl
ciMethodData java/lang/Class cast (Ljava/lang/Object;)Ljava/lang/Object; 2 5028 orig 264 72 34 184 106 0 0 0 0 72 16 80 24 0 0 0 0 224 1 0 0 0 0 0 0 0 0 0 0 0 0 0 0 0 0 0 0 0 0 0 0 0 0 0 0 0 0 0 0 0 0 0 0 0 0 0 0 0 0 0 0 0 0 0 0 0 0 0 0 0 0 0 0 0 0 0 0 0 0 0 0 77 68 79 32 101 120 116 114 97 32 100 97 116 97 32 108 111 99 107 0 0 0 0 0 0 0 0 0 0 0 0 0 0 0 0 0 0 0 0 0 0 0 0 0 0 0 0 0 0 0 0 0 0 0 0 0 0 0 0 0 0 0 0 0 0 0 0 0 0 0 0 0 0 0 0 0 0 0 0 0 0 0 0 0 0 0 0 0 0 0 0 0 0 0 0 0 0 0 0 0 0 0 0 0 0 0 0 0 0 0 0 0 0 0 0 0 0 0 0 0 0 0 0 0 0 0 0 0 0 0 0 0 0 0 0 0 0 2 0 0 33 141 0 0 1 0 0 0 0 0 0 0 0 0 0 0 2 0 0 0 0 0 8 0 2 0 0 0 144 0 0 0 255 255 255 255 7 0 1 0 0 0 0 0 data 18 0x10007 0x0 0x90 0x11a4 0x60005 0x875 0x20c9460 0x92f 0x0 0x0 0x90007 0x11a4 0x40 0x0 0x120002 0x0 0x150002 0x0 oops 1 6 java/lang/Class
ciMethodData java/lang/reflect/Field acquireFieldAccessor (Z)Lsun/reflect/FieldAccessor; 1 70 orig 264 72 34 184 106 0 0 0 0 240 228 82 24 0 0 0 0 48 2 0 0 112 0 0 0 0 0 0 0 0 0 0 0 0 0 0 0 0 0 0 0 0 0 0 0 0 0 0 0 0 0 0 0 0 0 0 0 0 0 0 0 0 0 0 0 0 0 0 0 0 0 0 0 0 0 0 0 0 0 0 0 77 68 79 32 101 120 116 114 97 32 100 97 116 97 32 108 111 99 107 0 0 0 0 0 0 0 0 0 0 0 0 0 0 0 0 0 0 0 0 0 0 0 0 0 0 0 0 0 0 0 0 0 0 0 0 0 0 0 0 0 0 0 0 0 0 0 0 0 0 0 0 0 0 0 0 0 0 0 0 0 0 0 0 0 0 0 0 0 0 0 0 0 0 0 0 0 0 0 0 0 0 0 0 0 0 0 0 0 0 0 0 0 0 0 0 0 0 0 0 0 0 0 0 0 0 0 0 0 0 0 0 0 0 0 0 0 70 0 0 0 1 0 0 0 1 0 0 0 0 0 0 0 0 0 0 0 2 0 0 0 0 0 0 0 0 0 0 0 224 0 0 0 255 255 255 255 7 0 6 0 0 0 0 0 data 28 0x60007 0x0 0x30 0x0 0xe0002 0x0 0x130007 0x0 0x70 0x0 0x170007 0x0 0x38 0x0 0x1f0003 0x0 0x70 0x270003 0x0 0x58 0x2f0005 0x0 0x0 0x0 0x0 0x0 0x360002 0x0 oops 0
ciMethodData lombok/javac/JavacAST addIfNotNull (Ljava/util/Collection;Llombok/javac/JavacNode;)V 2 2564 orig 264 72 34 184 106 0 0 0 0 216 94 247 28 0 0 0 0 160 1 0 0 0 0 0 0 0 0 0 0 0 0 0 0 0 0 0 0 0 0 0 0 0 0 0 0 0 0 0 0 0 0 0 0 0 0 0 0 0 0 0 0 0 0 0 0 0 0 0 0 0 0 0 0 0 0 0 0 0 0 0 0 77 68 79 32 101 120 116 114 97 32 100 97 116 97 32 108 111 99 107 0 0 0 0 0 0 0 0 0 0 0 0 0 0 0 0 0 0 0 0 0 0 0 0 0 0 0 0 0 0 0 0 0 0 0 0 0 0 0 0 0 0 0 0 0 0 0 0 0 0 0 0 0 0 0 0 0 0 0 0 0 0 0 0 0 0 0 0 0 0 0 0 0 0 0 0 0 0 0 0 0 0 0 0 0 0 0 0 0 0 0 0 0 0 0 0 0 0 0 0 0 0 0 0 0 0 0 0 0 0 0 0 0 0 0 0 0 0 2 0 0 33 64 0 0 1 0 0 0 0 0 0 0 0 0 0 0 2 0 0 0 0 0 6 0 2 0 0 0 80 0 0 0 255 255 255 255 7 0 1 0 0 0 0 0 data 10 0x10007 0x11d 0x50 0x6e7 0x60005 0x0 0x1bd0a4f0 0x6e7 0x0 0x0 oops 1 6 java/util/ArrayList
ciMethodData lombok/core/AST buildWithCollection (Ljava/lang/Class;Ljava/lang/Object;Ljava/util/Collection;I)V 2 2776 orig 264 72 34 184 106 0 0 0 0 16 154 247 28 0 0 0 0 184 4 0 0 168 2 0 0 0 0 0 0 0 0 0 0 0 0 0 0 0 0 0 0 0 0 0 0 0 0 0 0 0 0 0 0 0 0 0 0 0 0 0 0 0 0 0 0 0 0 0 0 0 0 0 0 0 0 0 0 0 0 0 0 77 68 79 32 101 120 116 114 97 32 100 97 116 97 32 108 111 99 107 0 0 0 0 0 0 0 0 0 0 0 0 0 0 0 0 0 0 0 0 0 0 0 0 0 0 0 0 0 0 0 0 0 0 0 0 0 0 0 0 0 0 0 0 0 0 0 0 0 0 0 0 0 0 0 0 0 0 0 0 0 0 0 0 0 0 0 0 0 0 0 0 0 0 0 0 0 0 0 0 0 0 0 0 0 0 0 0 0 0 0 0 0 0 0 0 0 0 0 0 0 0 0 0 0 0 0 0 0 0 0 0 0 0 0 0 0 0 2 0 0 193 70 0 0 89 68 0 0 0 0 0 0 0 0 0 0 2 0 0 0 2 0 22 0 2 0 0 0 80 3 0 0 255 255 255 255 7 0 3 0 0 0 0 0 data 106 0x30007 0x0 0x248 0x8d8 0x70004 0x0 0x1bd0db10 0x665 0x1bd0a950 0x273 0xa0005 0x0 0x1bd0db10 0x665 0x1bd0a950 0x273 0x110003 0x8d8 0x160 0x160005 0x0 0x1bd0dc70 0x3b4 0x0 0x0 0x1f0007 0x3b4 0x38 0x0 0x220003 0x0 0xf8 0x2b0005 0x0 0x1c2dd530 0x3b4 0x0 0x0 0x320007 0x0 0xb0 0x3b4 0x390005 0x1ae 0x20c9460 0x206 0x0 0x0 0x3c0004 0x0 0x1c2dd830 0x1ae 0x0 0x0 0x3f0005 0x0 0x1bd0a4f0 0x3b4 0x0 0x0 0x470005 0x0 0x1bd0dbc0 0x665 0x1bd0dc70 0x627 0x4c0007 0x3b4 0xfffffffffffffe88 0x8d8 0x4f0003 0x8d8 0x120 0x530004 0x0 0x0 0x0 0x0 0x0 0x560005 0x0 0x0 0x0 0x0 0x0 0x5d0003 0x0 0x58 0x620005 0x0 0x0 0x0 0x0 0x0 0x720002 0x0 0x770005 0x0 0x0 0x0 0x0 0x0 0x7c0007 0x0 0xffffffffffffff90 0x0 oops 11 6 com/sun/tools/javac/util/List$1 8 com/sun/tools/javac/util/List 12 com/sun/tools/javac/util/List$1 14 com/sun/tools/javac/util/List 21 com/sun/tools/javac/util/List$3 34 lombok/javac/JavacAST 44 java/lang/Class 50 lombok/javac/JavacNode 56 java/util/ArrayList 62 com/sun/tools/javac/util/List$2 64 com/sun/tools/javac/util/List$3
ciMethodData lombok/javac/JavacAST buildType (Lcom/sun/tools/javac/tree/JCTree$JCClassDecl;)Llombok/javac/JavacNode; 1 600 orig 264 72 34 184 106 0 0 0 0 136 76 247 28 0 0 0 0 248 6 0 0 120 1 0 0 0 0 0 0 0 0 0 0 0 0 0 0 0 0 0 0 0 0 0 0 0 0 0 0 0 0 0 0 0 0 0 0 0 0 0 0 0 0 0 0 0 0 0 0 0 0 0 0 0 0 0 0 0 0 0 0 77 68 79 32 101 120 116 114 97 32 100 97 116 97 32 108 111 99 107 0 0 0 0 0 0 0 0 0 0 0 0 0 0 0 0 0 0 0 0 0 0 0 0 0 0 0 0 0 0 0 0 0 0 0 0 0 0 0 0 0 0 0 0 0 0 0 0 0 0 0 0 0 0 0 0 0 0 0 0 0 0 0 0 0 0 0 0 0 0 0 0 0 0 0 0 0 0 0 0 0 0 0 0 0 0 0 0 0 0 0 0 0 0 0 0 0 0 0 0 0 0 0 0 0 0 0 0 0 0 0 0 0 0 0 0 0 59 1 0 0 73 1 0 0 233 8 0 0 0 0 0 0 0 0 0 0 2 0 0 0 0 0 0 0 0 0 0 0 168 5 0 0 255 255 255 255 5 0 2 0 0 0 0 0 data 181 0x20005 0x0 0x1c2dd530 0x29 0x0 0x0 0x50007 0x29 0x20 0x0 0xe0002 0x29 0x190005 0x0 0x1bd0a950 0x29 0x0 0x0 0x1e0005 0x0 0x1bd0dc70 0x8a 0x0 0x0 0x230007 0x29 0xb8 0x61 0x270005 0x0 0x1bd0dc70 0x61 0x0 0x0 0x2c0004 0x0 0x1c2dfcd0 0x61 0x0 0x0 0x360002 0x61 0x390002 0x61 0x3c0003 0x61 0xffffffffffffff30 0x430005 0x0 0x1bd0a950 0x29 0x0 0x0 0x480005 0x0 0x1bd0dc70 0xe4 0x0 0x0 0x4d0007 0x29 0x360 0xbb 0x510005 0x0 0x1bd0dc70 0xbb 0x0 0x0 0x560004 0x0 0x1c18c610 0x79 0x1c2ddf40 0x3e 0x5d0004 0xffffffffffffffbe 0x1c18c610 0x79 0x1c2ddf40 0x3e 0x600007 0x42 0x88 0x79 0x670004 0x0 0x1c18c610 0x79 0x0 0x0 0x6a0002 0x79 0x6d0002 0x79 0x700003 0x79 0x228 0x750004 0xffffffffffffffc2 0x1c2ddf40 0x3e 0x1c2e0070 0x4 0x780007 0x3e 0x88 0x4 0x7f0004 0x0 0x1c2e0070 0x4 0x0 0x0 0x820002 0x4 0x850002 0x4 0x880003 0x4 0x170 0x8d0004 0x0 0x1c2ddf40 0x3e 0x0 0x0 0x900007 0x0 0x88 0x3e 0x970004 0x0 0x1c2ddf40 0x3e 0x0 0x0 0x9a0002 0x3e 0x9d0002 0x3e 0xa00003 0x3e 0xb8 0xa50004 0x0 0x0 0x0 0x0 0x0 0xa80007 0x0 0x70 0x0 0xaf0004 0x0 0x0 0x0 0x0 0x0 0xb20002 0x0 0xb50002 0x0 0xb80003 0xbb 0xfffffffffffffc88 0xc60002 0x29 0xc90005 0x0 0x1c2dd530 0x29 0x0 0x0 0xcc0004 0x0 0x1c2dd830 0x29 0x0 0x0 oops 20 2 lombok/javac/JavacAST 14 com/sun/tools/javac/util/List 20 com/sun/tools/javac/util/List$3 30 com/sun/tools/javac/util/List$3 36 com/sun/tools/javac/tree/JCTree$JCAnnotation 49 com/sun/tools/javac/util/List 55 com/sun/tools/javac/util/List$3 65 com/sun/tools/javac/util/List$3 71 com/sun/tools/javac/tree/JCTree$JCMethodDecl 73 com/sun/tools/javac/tree/JCTree$JCVariableDecl 77 com/sun/tools/javac/tree/JCTree$JCMethodDecl 79 com/sun/tools/javac/tree/JCTree$JCVariableDecl 87 com/sun/tools/javac/tree/JCTree$JCMethodDecl 100 com/sun/tools/javac/tree/JCTree$JCVariableDecl 102 com/sun/tools/javac/tree/JCTree$JCClassDecl 110 com/sun/tools/javac/tree/JCTree$JCClassDecl 123 com/sun/tools/javac/tree/JCTree$JCVariableDecl 133 com/sun/tools/javac/tree/JCTree$JCVariableDecl 171 lombok/javac/JavacAST 177 lombok/javac/JavacNode
ciMethodData lombok/javac/JavacAST buildLocalVar (Lcom/sun/tools/javac/tree/JCTree$JCVariableDecl;Llombok/core/AST$Kind;)Llombok/javac/JavacNode; 1 435 orig 264 72 34 184 106 0 0 0 0 48 79 247 28 0 0 0 0 96 3 0 0 96 0 0 0 0 0 0 0 0 0 0 0 0 0 0 0 0 0 0 0 0 0 0 0 0 0 0 0 0 0 0 0 0 0 0 0 0 0 0 0 0 0 0 0 0 0 0 0 0 0 0 0 0 0 0 0 0 0 0 0 77 68 79 32 101 120 116 114 97 32 100 97 116 97 32 108 111 99 107 0 0 0 0 0 0 0 0 0 0 0 0 0 0 0 0 0 0 0 0 0 0 0 0 0 0 0 0 0 0 0 0 0 0 0 0 0 0 0 0 0 0 0 0 0 0 0 0 0 0 0 0 0 0 0 0 0 0 0 0 0 0 0 0 0 0 0 0 0 0 0 0 0 0 0 0 0 0 0 0 0 0 0 0 0 0 0 0 0 0 0 0 0 0 0 0 0 0 0 0 0 0 0 0 0 0 0 0 0 0 0 0 0 0 0 0 0 245 0 0 0 241 5 0 0 225 0 0 0 0 0 0 0 0 0 0 0 2 0 0 0 1 0 40 0 2 0 0 0 8 2 0 0 255 255 255 255 5 0 2 0 0 0 0 0 data 65 0x20005 0x0 0x1c2dd530 0xbe 0x0 0x0 0x50007 0xbe 0x20 0x0 0xe0002 0xbe 0x190005 0x0 0x1bd0db10 0xa2 0x1bd0a950 0x1c 0x200005 0x0 0x1bd0dbc0 0xa2 0x1bd0dc70 0x38 0x250007 0xbe 0xb8 0x1c 0x2a0005 0x0 0x1bd0dc70 0x1c 0x0 0x0 0x2f0004 0x0 0x1c2dfcd0 0x1c 0x0 0x0 0x390002 0x1c 0x3c0002 0x1c 0x3f0003 0x1c 0xffffffffffffff30 0x480002 0xbe 0x4b0002 0xbe 0x570002 0xbe 0x5a0005 0x0 0x1c2dd530 0xbe 0x0 0x0 0x5d0004 0x0 0x1c2dd830 0x81 0x0 0x0 oops 9 2 lombok/javac/JavacAST 14 com/sun/tools/javac/util/List$1 16 com/sun/tools/javac/util/List 20 com/sun/tools/javac/util/List$2 22 com/sun/tools/javac/util/List$3 30 com/sun/tools/javac/util/List$3 36 com/sun/tools/javac/tree/JCTree$JCAnnotation 55 lombok/javac/JavacAST 61 lombok/javac/JavacNode
ciMethodData lombok/javac/JavacAST buildTry (Lcom/sun/tools/javac/tree/JCTree$JCTry;)Llombok/javac/JavacNode; 1 24 orig 264 72 34 184 106 0 0 0 0 8 82 247 28 0 0 0 0 64 5 0 0 40 2 0 0 0 0 0 0 0 0 0 0 0 0 0 0 0 0 0 0 0 0 0 0 0 0 0 0 0 0 0 0 0 0 0 0 0 0 0 0 0 0 0 0 0 0 0 0 0 0 0 0 0 0 0 0 0 0 0 0 77 68 79 32 101 120 116 114 97 32 100 97 116 97 32 108 111 99 107 0 0 0 0 0 0 0 0 0 0 0 0 0 0 0 0 0 0 0 0 0 0 0 0 0 0 0 0 0 0 0 0 0 0 0 0 0 0 0 0 0 0 0 0 0 0 0 0 0 0 0 0 0 0 0 0 0 0 0 0 0 0 0 0 0 0 0 0 0 0 0 0 0 0 0 0 0 0 0 0 0 0 0 0 0 0 0 0 0 0 0 0 0 0 0 0 0 0 0 0 0 0 0 0 0 0 0 0 0 0 0 0 0 0 0 0 0 15 0 0 0 49 0 0 0 73 0 0 0 0 0 0 0 0 0 0 0 2 0 0 0 0 0 0 0 0 0 0 0 240 3 0 0 255 255 255 255 5 0 2 0 0 0 0 0 data 126 0x20005 0x0 0x1c2dd530 0x6 0x0 0x0 0x50007 0x6 0x20 0x0 0xe0002 0x6 0x130002 0x6 0x160005 0x0 0x1bd0db10 0x3 0x1bd0a950 0x3 0x1d0005 0x0 0x1bd0dbc0 0x3 0x1bd0dc70 0x6 0x220007 0x6 0x138 0x3 0x260005 0x0 0x1bd0dc70 0x3 0x0 0x0 0x2b0004 0x0 0x1c2ddf40 0x3 0x0 0x0 0x320004 0x0 0x1c2ddf40 0x3 0x0 0x0 0x350007 0x0 0x70 0x3 0x3c0004 0x0 0x1c2ddf40 0x3 0x0 0x0 0x420002 0x3 0x450002 0x3 0x480003 0x3 0xfffffffffffffeb0 0x510002 0x6 0x540002 0x6 0x5b0005 0x0 0x1bd0a950 0x6 0x0 0x0 0x600005 0x0 0x1bd0dc70 0xc 0x0 0x0 0x650007 0x6 0xd8 0x6 0x690005 0x0 0x1bd0dc70 0x6 0x0 0x0 0x6e0004 0x0 0x1b647b80 0x6 0x0 0x0 0x7a0005 0x0 0x1c2dd530 0x6 0x0 0x0 0x7d0002 0x6 0x800003 0x6 0xffffffffffffff10 0x890002 0x6 0x8c0002 0x6 0x9a0002 0x6 0x9d0005 0x0 0x1c2dd530 0x6 0x0 0x0 0xa00004 0x0 0x1c2dd830 0x6 0x0 0x0 oops 16 2 lombok/javac/JavacAST 16 com/sun/tools/javac/util/List$1 18 com/sun/tools/javac/util/List 22 com/sun/tools/javac/util/List$2 24 com/sun/tools/javac/util/List$3 32 com/sun/tools/javac/util/List$3 38 com/sun/tools/javac/tree/JCTree$JCVariableDecl 44 com/sun/tools/javac/tree/JCTree$JCVariableDecl 54 com/sun/tools/javac/tree/JCTree$JCVariableDecl 71 com/sun/tools/javac/util/List 77 com/sun/tools/javac/util/List$3 87 com/sun/tools/javac/util/List$3 93 com/sun/tools/javac/tree/JCTree$JCCatch 99 lombok/javac/JavacAST 116 lombok/javac/JavacAST 122 lombok/javac/JavacNode
ciMethodData lombok/core/AST getFields (Ljava/lang/Class;Ljava/util/Collection;)V 1 99 orig 264 72 34 184 106 0 0 0 0 32 140 247 28 0 0 0 0 40 5 0 0 112 0 0 0 0 0 0 0 0 0 0 0 0 0 0 0 0 0 0 0 0 0 0 0 0 0 0 0 0 0 0 0 0 0 0 0 0 0 0 0 0 0 0 0 0 0 0 0 0 0 0 0 0 0 0 0 0 0 0 0 77 68 79 32 101 120 116 114 97 32 100 97 116 97 32 108 111 99 107 0 0 0 0 0 0 0 0 0 0 0 0 0 0 0 0 0 0 0 0 0 0 0 0 0 0 0 0 0 0 0 0 0 0 0 0 0 0 0 0 0 0 0 0 0 0 0 0 0 0 0 0 0 0 0 0 0 0 0 0 0 0 0 0 0 0 0 0 0 0 0 0 0 0 0 0 0 0 0 0 0 0 0 0 0 0 0 0 0 0 0 0 0 0 0 0 0 0 0 0 0 0 0 0 0 0 0 0 0 0 0 0 0 0 0 0 0 99 0 0 0 1 0 0 0 1 0 0 0 0 0 0 0 0 0 0 0 2 0 0 0 0 0 0 0 0 0 0 0 208 3 0 0 255 255 255 255 7 0 3 0 0 0 0 0 data 122 0x30007 0x0 0x40 0x0 0x70007 0x0 0x20 0x0 0xc0005 0x0 0x0 0x0 0x0 0x0 0x180003 0x0 0x300 0x220005 0x0 0x0 0x0 0x0 0x0 0x250002 0x0 0x280007 0x0 0x38 0x0 0x2b0003 0x0 0x288 0x2f0005 0x0 0x0 0x0 0x0 0x0 0x390005 0x0 0x0 0x0 0x0 0x0 0x3c0007 0x0 0x110 0x0 0x3f0003 0x0 0x48 0x470005 0x0 0x0 0x0 0x0 0x0 0x4e0005 0x0 0x0 0x0 0x0 0x0 0x510007 0x0 0xffffffffffffffa0 0x0 0x540003 0x0 0xa8 0x5c0005 0x0 0x0 0x0 0x0 0x0 0x5f0002 0x0 0x680005 0x0 0x0 0x0 0x0 0x0 0x6b0007 0x0 0xffffffffffffff90 0x0 0x730005 0x0 0x0 0x0 0x0 0x0 0x760002 0x0 0x790007 0x0 0x70 0x0 0x7d0002 0x0 0x890002 0x0 0x8c0005 0x0 0x0 0x0 0x0 0x0 0x990007 0x0 0xfffffffffffffd18 0x0 0x9e0005 0x0 0x0 0x0 0x0 0x0 0xa20002 0x0 oops 0
ciMethodData lombok/javac/JavacAST buildCompilationUnit (Lcom/sun/tools/javac/tree/JCTree$JCCompilationUnit;)Llombok/javac/JavacNode; 1 984 orig 264 72 34 184 106 0 0 0 0 200 74 247 28 0 0 0 0 8 3 0 0 16 0 0 0 0 0 0 0 0 0 0 0 0 0 0 0 0 0 0 0 0 0 0 0 0 0 0 0 0 0 0 0 0 0 0 0 0 0 0 0 0 0 0 0 0 0 0 0 0 0 0 0 0 0 0 0 0 0 0 0 77 68 79 32 101 120 116 114 97 32 100 97 116 97 32 108 111 99 107 0 0 0 0 0 0 0 0 0 0 0 0 0 0 0 0 0 0 0 0 0 0 0 0 0 0 0 0 0 0 0 0 0 0 0 0 0 0 0 0 0 0 0 0 0 0 0 0 0 0 0 0 0 0 0 0 0 0 0 0 0 0 0 0 0 0 0 0 0 0 0 0 0 0 0 0 0 0 0 0 0 0 0 0 0 0 0 0 0 0 0 0 0 0 0 0 0 0 0 0 0 0 0 0 0 0 0 0 0 0 0 0 0 0 0 0 0 14 2 0 0 41 1 0 0 81 14 0 0 0 0 0 0 0 0 0 0 2 0 0 0 0 0 0 0 0 0 0 0 184 1 0 0 255 255 255 255 2 0 4 0 0 0 0 0 data 55 0x40002 0x25 0xc0005 0x0 0x1bd0a950 0x25 0x0 0x0 0x110005 0x0 0x1bd0dc70 0x1ee 0x0 0x0 0x160007 0x25 0x138 0x1c9 0x1a0005 0x0 0x1bd0dc70 0x1c9 0x0 0x0 0x1f0004 0x0 0x1c0e6570 0x1a4 0x1c2e0070 0x25 0x260004 0xfffffffffffffe5c 0x1c0e6570 0x1a4 0x1c2e0070 0x25 0x290007 0x1a4 0x70 0x25 0x300004 0x0 0x1c2e0070 0x25 0x0 0x0 0x330002 0x25 0x360002 0x25 0x390003 0x1c9 0xfffffffffffffeb0 0x460002 0x25 oops 8 4 com/sun/tools/javac/util/List 10 com/sun/tools/javac/util/List$3 20 com/sun/tools/javac/util/List$3 26 com/sun/tools/javac/tree/JCTree$JCImport 28 com/sun/tools/javac/tree/JCTree$JCClassDecl 32 com/sun/tools/javac/tree/JCTree$JCImport 34 com/sun/tools/javac/tree/JCTree$JCClassDecl 42 com/sun/tools/javac/tree/JCTree$JCClassDecl
ciMethodData lombok/javac/JavacAST buildField (Lcom/sun/tools/javac/tree/JCTree$JCVariableDecl;)Llombok/javac/JavacNode; 1 128 orig 264 72 34 184 106 0 0 0 0 224 77 247 28 0 0 0 0 88 3 0 0 96 0 0 0 0 0 0 0 0 0 0 0 0 0 0 0 0 0 0 0 0 0 0 0 0 0 0 0 0 0 0 0 0 0 0 0 0 0 0 0 0 0 0 0 0 0 0 0 0 0 0 0 0 0 0 0 0 0 0 0 77 68 79 32 101 120 116 114 97 32 100 97 116 97 32 108 111 99 107 0 0 0 0 0 0 0 0 0 0 0 0 0 0 0 0 0 0 0 0 0 0 0 0 0 0 0 0 0 0 0 0 0 0 0 0 0 0 0 0 0 0 0 0 0 0 0 0 0 0 0 0 0 0 0 0 0 0 0 0 0 0 0 0 0 0 0 0 0 0 0 0 0 0 0 0 0 0 0 0 0 0 0 0 0 0 0 0 0 0 0 0 0 0 0 0 0 0 0 0 0 0 0 0 0 0 0 0 0 0 0 0 0 0 0 0 0 66 0 0 0 241 1 0 0 193 0 0 0 0 0 0 0 0 0 0 0 2 0 0 0 0 0 0 0 0 0 0 0 8 2 0 0 255 255 255 255 5 0 2 0 0 0 0 0 data 65 0x20005 0x0 0x1c2dd530 0x3e 0x0 0x0 0x50007 0x3e 0x20 0x0 0xe0002 0x3e 0x190005 0x0 0x1bd0db10 0x26 0x1bd0a950 0x18 0x1e0005 0x0 0x1bd0dbc0 0x26 0x1bd0dc70 0x30 0x230007 0x3e 0xb8 0x18 0x270005 0x0 0x1bd0dc70 0x18 0x0 0x0 0x2c0004 0x0 0x1c2dfcd0 0x18 0x0 0x0 0x360002 0x18 0x390002 0x18 0x3c0003 0x18 0xffffffffffffff30 0x450002 0x3e 0x480002 0x3e 0x560002 0x3e 0x590005 0x0 0x1c2dd530 0x3e 0x0 0x0 0x5c0004 0x0 0x1c2dd830 0x3e 0x0 0x0 oops 9 2 lombok/javac/JavacAST 14 com/sun/tools/javac/util/List$1 16 com/sun/tools/javac/util/List 20 com/sun/tools/javac/util/List$2 22 com/sun/tools/javac/util/List$3 30 com/sun/tools/javac/util/List$3 36 com/sun/tools/javac/tree/JCTree$JCAnnotation 55 lombok/javac/JavacAST 61 lombok/javac/JavacNode
ciMethodData lombok/javac/JavacAST buildInitializer (Lcom/sun/tools/javac/tree/JCTree$JCBlock;)Llombok/javac/JavacNode; 1 0 orig 264 72 34 184 106 0 0 0 0 64 83 247 28 0 0 0 0 56 3 0 0 96 0 0 0 0 0 0 0 0 0 0 0 0 0 0 0 0 0 0 0 0 0 0 0 0 0 0 0 0 0 0 0 0 0 0 0 0 0 0 0 0 0 0 0 0 0 0 0 0 0 0 0 0 0 0 0 0 0 0 0 77 68 79 32 101 120 116 114 97 32 100 97 116 97 32 108 111 99 107 0 0 0 0 0 0 0 0 0 0 0 0 0 0 0 0 0 0 0 0 0 0 0 0 0 0 0 0 0 0 0 0 0 0 0 0 0 0 0 0 0 0 0 0 0 0 0 0 0 0 0 0 0 0 0 0 0 0 0 0 0 0 0 0 0 0 0 0 0 0 0 0 0 0 0 0 0 0 0 0 0 0 0 0 0 0 0 0 0 0 0 0 0 0 0 0 0 0 0 0 0 0 0 0 0 0 0 0 0 0 0 0 0 0 0 0 0 0 0 0 0 1 0 0 0 1 0 0 0 0 0 0 0 0 0 0 0 2 0 0 0 0 0 0 0 0 0 0 0 232 1 0 0 255 255 255 255 5 0 2 0 0 0 0 0 data 61 0x20005 0x0 0x0 0x0 0x0 0x0 0x50007 0x0 0x20 0x0 0xe0002 0x0 0x160005 0x0 0x0 0x0 0x0 0x0 0x1b0005 0x0 0x0 0x0 0x0 0x0 0x200007 0x0 0xb8 0x0 0x240005 0x0 0x0 0x0 0x0 0x0 0x290004 0x0 0x0 0x0 0x0 0x0 0x320002 0x0 0x350002 0x0 0x380003 0x0 0xffffffffffffff30 0x460002 0x0 0x490005 0x0 0x0 0x0 0x0 0x0 0x4c0004 0x0 0x0 0x0 0x0 0x0 oops 0
ciMethodData lombok/javac/JavacAST buildMethod (Lcom/sun/tools/javac/tree/JCTree$JCMethodDecl;)Llombok/javac/JavacNode; 1 1136 orig 264 72 34 184 106 0 0 0 0 248 84 247 28 0 0 0 0 168 5 0 0 208 2 0 0 0 0 0 0 0 0 0 0 0 0 0 0 0 0 0 0 0 0 0 0 0 0 0 0 0 0 0 0 0 0 0 0 0 0 0 0 0 0 0 0 0 0 0 0 0 0 0 0 0 0 0 0 0 0 0 0 77 68 79 32 101 120 116 114 97 32 100 97 116 97 32 108 111 99 107 0 0 0 0 0 0 0 0 0 0 0 0 0 0 0 0 0 0 0 0 0 0 0 0 0 0 0 0 0 0 0 0 0 0 0 0 0 0 0 0 0 0 0 0 0 0 0 0 0 0 0 0 0 0 0 0 0 0 0 0 0 0 0 0 0 0 0 0 0 0 0 0 0 0 0 0 0 0 0 0 0 0 0 0 0 0 0 0 0 0 0 0 0 0 0 0 0 0 0 0 0 0 0 0 0 0 0 0 0 0 0 0 0 0 0 0 0 82 2 0 0 201 3 0 0 241 16 0 0 0 0 0 0 0 0 0 0 2 0 0 0 0 0 0 0 0 0 0 0 88 4 0 0 255 255 255 255 5 0 2 0 0 0 0 0 data 139 0x20005 0x0 0x1c2dd530 0x79 0x0 0x0 0x50007 0x79 0x20 0x0 0xe0002 0x79 0x190005 0x0 0x1bd0db10 0x3a 0x1bd0a950 0x3f 0x1e0005 0x0 0x1bd0dbc0 0x3a 0x1bd0dc70 0x82 0x230007 0x79 0xb8 0x43 0x270005 0x0 0x1bd0dc70 0x43 0x0 0x0 0x2c0004 0x0 0x1c2dfcd0 0x43 0x0 0x0 0x360002 0x43 0x390002 0x43 0x3c0003 0x43 0xffffffffffffff30 0x430005 0x0 0x1bd0db10 0x39 0x1bd0a950 0x40 0x480005 0x0 0x1bd0dbc0 0x39 0x1bd0dc70 0xc0 0x4d0007 0x79 0xb8 0x80 0x510005 0x0 0x1bd0dc70 0x80 0x0 0x0 0x560004 0x0 0x1c2ddf40 0x80 0x0 0x0 0x620002 0x80 0x650002 0x80 0x680003 0x80 0xffffffffffffff30 0x6f0007 0x0 0x158 0x79 0x790007 0x0 0x138 0x79 0x830005 0x0 0x1bd0a950 0x79 0x0 0x0 0x880005 0x0 0x1bd0dc70 0x1d3 0x0 0x0 0x8d0007 0x79 0xb8 0x15a 0x910005 0x0 0x1bd0dc70 0x15a 0x0 0x0 0x960004 0x0 0x1bbe8330 0xa2 0x1c2ddf40 0x3b 0x9f0002 0x15a 0xa20002 0x15a 0xa50003 0x15a 0xffffffffffffff30 0xb30002 0x79 0xb60005 0x0 0x1c2dd530 0x79 0x0 0x0 0xb90004 0x0 0x1c2dd830 0x79 0x0 0x0 oops 20 2 lombok/javac/JavacAST 14 com/sun/tools/javac/util/List$1 16 com/sun/tools/javac/util/List 20 com/sun/tools/javac/util/List$2 22 com/sun/tools/javac/util/List$3 30 com/sun/tools/javac/util/List$3 36 com/sun/tools/javac/tree/JCTree$JCAnnotation 49 com/sun/tools/javac/util/List$1 51 com/sun/tools/javac/util/List 55 com/sun/tools/javac/util/List$2 57 com/sun/tools/javac/util/List$3 65 com/sun/tools/javac/util/List$3 71 com/sun/tools/javac/tree/JCTree$JCVariableDecl 92 com/sun/tools/javac/util/List 98 com/sun/tools/javac/util/List$3 108 com/sun/tools/javac/util/List$3 114 com/sun/tools/javac/tree/JCTree$JCExpressionStatement 116 com/sun/tools/javac/tree/JCTree$JCVariableDecl 129 lombok/javac/JavacAST 135 lombok/javac/JavacNode
ciMethodData lombok/javac/JavacAST buildAnnotation (Lcom/sun/tools/javac/tree/JCTree$JCAnnotation;Z)Llombok/javac/JavacNode; 1 456 orig 264 72 34 184 106 0 0 0 0 8 86 247 28 0 0 0 0 56 2 0 0 80 0 0 0 0 0 0 0 0 0 0 0 0 0 0 0 0 0 0 0 0 0 0 0 0 0 0 0 0 0 0 0 0 0 0 0 0 0 0 0 0 0 0 0 0 0 0 0 0 0 0 0 0 0 0 0 0 0 0 0 77 68 79 32 101 120 116 114 97 32 100 97 116 97 32 108 111 99 107 0 0 0 0 0 0 0 0 0 0 0 0 0 0 0 0 0 0 0 0 0 0 0 0 0 0 0 0 0 0 0 0 0 0 0 0 0 0 0 0 0 0 0 0 0 0 0 0 0 0 0 0 0 0 0 0 0 0 0 0 0 0 0 0 0 0 0 0 0 0 0 0 0 0 0 0 0 0 0 0 0 0 0 0 0 0 0 0 0 0 0 0 0 0 0 0 0 0 0 0 0 0 0 0 0 0 0 0 0 0 0 0 0 0 0 0 0 237 0 0 0 217 6 0 0 1 0 0 0 0 0 0 0 0 0 0 0 2 0 0 0 0 0 11 0 2 0 0 0 224 0 0 0 255 255 255 255 5 0 2 0 0 0 0 0 data 28 0x20005 0x0 0x1c2dd530 0xdb 0x0 0x0 0x70007 0x37 0x40 0xa4 0xb0007 0xa4 0x20 0x0 0x1b0002 0xdb 0x1e0005 0x0 0x1c2dd530 0xdb 0x0 0x0 0x210004 0x0 0x1c2dd830 0x80 0x0 0x0 oops 3 2 lombok/javac/JavacAST 18 lombok/javac/JavacAST 24 lombok/javac/JavacNode
ciMethodData lombok/javac/JavacAST buildExpression (Lcom/sun/tools/javac/tree/JCTree$JCExpression;)Llombok/javac/JavacNode; 1 584 orig 264 72 34 184 106 0 0 0 0 208 86 247 28 0 0 0 0 56 1 0 0 0 0 0 0 0 0 0 0 0 0 0 0 0 0 0 0 0 0 0 0 0 0 0 0 0 0 0 0 0 0 0 0 0 0 0 0 0 0 0 0 0 0 0 0 0 0 0 0 0 0 0 0 0 0 0 0 0 0 0 0 77 68 79 32 101 120 116 114 97 32 100 97 116 97 32 108 111 99 107 0 0 0 0 0 0 0 0 0 0 0 0 0 0 0 0 0 0 0 0 0 0 0 0 0 0 0 0 0 0 0 0 0 0 0 0 0 0 0 0 0 0 0 0 0 0 0 0 0 0 0 0 0 0 0 0 0 0 0 0 0 0 0 0 0 0 0 0 0 0 0 0 0 0 0 0 0 0 0 0 0 0 0 0 0 0 0 0 0 0 0 0 0 0 0 0 0 0 0 0 0 0 0 0 0 0 0 0 0 0 0 0 0 0 0 0 0 128 1 0 0 65 6 0 0 1 0 0 0 0 0 0 0 0 0 0 0 2 0 0 0 0 0 3 0 2 0 0 0 16 0 0 0 255 255 255 255 2 0 2 0 0 0 0 0 data 2 0x20002 0xc8 oops 0
instanceKlass com/sun/tools/javac/processing/JavacProcessingEnvironment$2
instanceKlass com/sun/tools/javac/processing/JavacFiler$1
instanceKlass javax/tools/ForwardingFileObject
instanceKlass lombok/javac/apt/EmptyLombokFileObject
instanceKlass lombok/core/TypeResolver
instanceKlass lombok/javac/JavacNode$1
instanceKlass sun/reflect/ClassDefiner$1
instanceKlass sun/reflect/ClassDefiner
instanceKlass sun/reflect/MethodAccessorGenerator$1
instanceKlass sun/reflect/Label$PatchInfo
instanceKlass sun/reflect/Label
instanceKlass sun/reflect/UTF8
instanceKlass sun/reflect/ClassFileAssembler
instanceKlass sun/reflect/ByteVectorImpl
instanceKlass sun/reflect/ByteVector
instanceKlass sun/reflect/ByteVectorFactory
instanceKlass sun/reflect/AccessorGenerator
instanceKlass sun/reflect/ClassFileConstants
instanceKlass lombok/javac/JavacAST$ErrorLog
instanceKlass lombok/javac/JavacAST$1
instanceKlass lombok/core/AST$FieldAccess
instanceKlass lombok/core/LombokImmutableList$1
instanceKlass lombok/core/LombokImmutableList
instanceKlass lombok/javac/JavacImportList
instanceKlass lombok/javac/PackageName
instanceKlass lombok/core/configuration/FileSystemSourceCache$Content
instanceKlass lombok/core/configuration/FileSystemSourceCache$2$1
instanceKlass lombok/core/configuration/FileSystemSourceCache$2
instanceKlass lombok/core/configuration/ConfigurationProblemReporter$1
instanceKlass lombok/core/configuration/ConfigurationProblemReporter
instanceKlass lombok/core/configuration/BubblingConfigurationResolver
instanceKlass lombok/core/LombokConfiguration$3
instanceKlass lombok/core/configuration/FileSystemSourceCache
instanceKlass lombok/core/LombokConfiguration$1
instanceKlass lombok/core/configuration/ConfigurationResolver
instanceKlass lombok/core/configuration/ConfigurationResolverFactory
instanceKlass lombok/core/LombokConfiguration
instanceKlass lombok/core/ImportList
instanceKlass lombok/core/AST
instanceKlass java/util/IdentityHashMap$EntryIterator$Entry
instanceKlass java/util/IdentityHashMap$IdentityHashMapIterator
instanceKlass javax/annotation/processing/SupportedOptions
instanceKlass java/lang/annotation/Documented
instanceKlass javax/annotation/processing/SupportedAnnotationTypes
instanceKlass com/sun/tools/javac/code/Source$1
instanceKlass java/util/TreeMap$PrivateEntryIterator
instanceKlass java/lang/Long$LongCache
instanceKlass java/util/NavigableSet
instanceKlass lombok/javac/HandlerLibrary$VisitorContainer
instanceKlass lombok/experimental/Wither
instanceKlass lombok/Value
instanceKlass lombok/javac/JavacASTAdapter
instanceKlass lombok/experimental/UtilityClass
instanceKlass lombok/ToString
instanceKlass lombok/Synchronized
instanceKlass lombok/experimental/SuperBuilder
instanceKlass lombok/javac/handlers/JavacSingularsRecipes$StatementMaker
instanceKlass lombok/javac/handlers/JavacSingularsRecipes$ExpressionMaker
instanceKlass lombok/SneakyThrows
instanceKlass lombok/Setter
instanceKlass lombok/core/PrintAST
instanceKlass lombok/NonNull
instanceKlass lombok/extern/slf4j/XSlf4j
instanceKlass lombok/extern/slf4j/Slf4j
instanceKlass lombok/extern/log4j/Log4j
instanceKlass lombok/extern/log4j/Log4j2
instanceKlass lombok/extern/java/Log
instanceKlass lombok/extern/jbosslog/JBossLog
instanceKlass lombok/extern/flogger/Flogger
instanceKlass lombok/extern/apachecommons/CommonsLog
instanceKlass lombok/experimental/Helper
instanceKlass lombok/Getter
instanceKlass lombok/experimental/FieldNameConstants
instanceKlass lombok/experimental/ExtensionMethod
instanceKlass lombok/EqualsAndHashCode
instanceKlass lombok/experimental/Delegate
instanceKlass lombok/Data
instanceKlass lombok/RequiredArgsConstructor
instanceKlass lombok/NoArgsConstructor
instanceKlass lombok/AllArgsConstructor
instanceKlass lombok/Cleanup
instanceKlass lombok/Builder$Default
instanceKlass lombok/Builder
instanceKlass lombok/javac/handlers/HandleConstructor
instanceKlass java/util/Collections$UnmodifiableMap$UnmodifiableEntrySet$UnmodifiableEntry
instanceKlass java/util/Collections$UnmodifiableMap$UnmodifiableEntrySet$1
instanceKlass lombok/core/LombokInternalAliasing
instanceKlass lombok/core/AlreadyHandledAnnotations
instanceKlass lombok/javac/ResolutionResetNeeded
instanceKlass java/lang/reflect/WeakCache$Value
instanceKlass sun/misc/ProxyGenerator$ExceptionTableEntry
instanceKlass sun/misc/ProxyGenerator$PrimitiveTypeInfo
instanceKlass sun/misc/ProxyGenerator$FieldInfo
instanceKlass sun/misc/ProxyGenerator$ConstantPool$Entry
instanceKlass sun/misc/ProxyGenerator$MethodInfo
instanceKlass sun/misc/ProxyGenerator$ProxyMethod
instanceKlass sun/misc/ProxyGenerator$ConstantPool
instanceKlass sun/misc/ProxyGenerator
instanceKlass java/lang/reflect/WeakCache$Factory
instanceKlass java/util/function/Supplier
instanceKlass java/lang/reflect/Proxy$ProxyClassFactory
instanceKlass java/lang/reflect/Proxy$KeyFactory
instanceKlass java/util/function/BiFunction
instanceKlass java/lang/reflect/WeakCache
instanceKlass java/lang/reflect/Proxy
instanceKlass sun/reflect/annotation/AnnotationInvocationHandler
instanceKlass java/lang/reflect/InvocationHandler
instanceKlass sun/reflect/annotation/AnnotationParser$1
instanceKlass java/lang/annotation/Target
instanceKlass java/lang/annotation/Inherited
instanceKlass java/lang/annotation/Retention
instanceKlass sun/reflect/annotation/ExceptionProxy
instanceKlass sun/reflect/annotation/AnnotationType$1
instanceKlass java/lang/reflect/GenericArrayType
instanceKlass sun/reflect/annotation/AnnotationParser
instanceKlass lombok/core/HandlerPriority
instanceKlass lombok/javac/HandlerLibrary$AnnotationHandlerContainer
instanceKlass lombok/experimental/Accessors
instanceKlass lombok/javac/JavacAnnotationHandler
instanceKlass lombok/core/SpiLoadUtil$1$1
instanceKlass lombok/core/SpiLoadUtil$1
instanceKlass java/util/Vector$1
instanceKlass java/util/Collections$EmptyEnumeration
instanceKlass lombok/core/SpiLoadUtil
instanceKlass lombok/core/configuration/ConfigurationKeysLoader
instanceKlass sun/reflect/generics/tree/TypeVariableSignature
instanceKlass lombok/core/configuration/ConfigurationDataType$7
instanceKlass sun/reflect/generics/reflectiveObjects/LazyReflectiveObjectGenerator
instanceKlass java/lang/reflect/TypeVariable
instanceKlass sun/reflect/generics/reflectiveObjects/ParameterizedTypeImpl
instanceKlass java/lang/reflect/ParameterizedType
instanceKlass sun/reflect/generics/visitor/Reifier
instanceKlass sun/reflect/generics/visitor/TypeTreeVisitor
instanceKlass sun/reflect/generics/tree/ClassSignature
instanceKlass sun/reflect/generics/tree/Signature
instanceKlass sun/reflect/generics/tree/ClassTypeSignature
instanceKlass sun/reflect/generics/tree/SimpleClassTypeSignature
instanceKlass sun/reflect/generics/tree/FieldTypeSignature
instanceKlass sun/reflect/generics/tree/BaseType
instanceKlass sun/reflect/generics/tree/TypeSignature
instanceKlass sun/reflect/generics/tree/ReturnType
instanceKlass sun/reflect/generics/tree/TypeArgument
instanceKlass sun/reflect/generics/tree/FormalTypeParameter
instanceKlass sun/reflect/generics/tree/TypeTree
instanceKlass sun/reflect/generics/tree/Tree
instanceKlass sun/reflect/generics/parser/SignatureParser
instanceKlass sun/reflect/generics/factory/CoreReflectionFactory
instanceKlass sun/reflect/generics/factory/GenericsFactory
instanceKlass sun/reflect/generics/scope/AbstractScope
instanceKlass sun/reflect/generics/scope/Scope
instanceKlass lombok/core/configuration/ConfigurationDataType$6
instanceKlass lombok/core/configuration/TypeName
instanceKlass lombok/core/configuration/ConfigurationDataType$5
instanceKlass lombok/core/configuration/ConfigurationDataType$4
instanceKlass lombok/core/configuration/ConfigurationDataType$3
instanceKlass lombok/core/configuration/ConfigurationDataType$2
instanceKlass lombok/core/configuration/ConfigurationDataType$1
instanceKlass lombok/core/configuration/ConfigurationValueParser
instanceKlass lombok/core/configuration/ConfigurationDataType
instanceKlass lombok/core/configuration/ConfigurationKey
instanceKlass lombok/ConfigurationKeys
instanceKlass lombok/core/configuration/ConfigurationKeysLoader$LoaderLoader
instanceKlass lombok/core/TypeLibrary
instanceKlass lombok/core/LombokNode
instanceKlass java/util/SortedSet
instanceKlass lombok/javac/HandlerLibrary
instanceKlass lombok/javac/JavacASTVisitor
instanceKlass lombok/javac/JavacTransformer
instanceKlass com/sun/source/util/JavacTask
instanceKlass com/sun/source/util/DocTreePath
instanceKlass com/sun/tools/javac/api/JavacScope
instanceKlass javax/tools/JavaCompiler$CompilationTask
instanceKlass com/sun/source/util/TreePath
instanceKlass com/sun/source/tree/Scope
instanceKlass com/sun/source/doctree/DocTreeVisitor
instanceKlass com/sun/source/util/DocSourcePositions
instanceKlass com/sun/source/doctree/DocCommentTree
instanceKlass com/sun/source/doctree/DocTree
instanceKlass com/sun/source/util/SourcePositions
instanceKlass com/sun/source/util/Trees
instanceKlass lombok/javac/JavacTreeMaker$MethodId
instanceKlass lombok/javac/JavacTreeMaker
instanceKlass javax/lang/model/type/TypeVisitor
instanceKlass lombok/javac/JavacTreeMaker$SchroedingerType
instanceKlass lombok/javac/Javac
instanceKlass lombok/javac/apt/LombokFileObjects$Compiler$2
instanceKlass lombok/javac/apt/LombokFileObjects$Compiler$1
instanceKlass lombok/javac/apt/LombokFileObjects$Compiler
instanceKlass lombok/javac/apt/LombokFileObject
instanceKlass lombok/javac/apt/LombokFileObjects
instanceKlass lombok/javac/apt/MessagerDiagnosticsReceiver
instanceKlass javax/tools/ForwardingJavaFileManager
instanceKlass lombok/permit/Permit
instanceKlass lombok/core/DiagnosticsReceiver
instanceKlass lombok/launch/AnnotationProcessorHider$AstModificationNotifierData
instanceKlass sun/reflect/UnsafeFieldAccessorFactory
instanceKlass lombok/core/AnnotationProcessor$ProcessorDescriptor
instanceKlass java/util/zip/ZipUtils
instanceKlass java/util/zip/CRC32
instanceKlass java/util/zip/Checksum
instanceKlass java/util/zip/ZipFile$ZipEntryIterator
instanceKlass java/util/jar/JarFile$JarEntryIterator
instanceKlass java/util/WeakHashMap$HashIterator
instanceKlass java/net/URLEncoder
instanceKlass java/net/URLDecoder
instanceKlass lombok/launch/Main
instanceKlass javax/annotation/processing/AbstractProcessor
instanceKlass com/sun/tools/javac/processing/JavacProcessingEnvironment$ProcessorState
instanceKlass com/sun/tools/javac/processing/JavacRoundEnvironment
instanceKlass javax/lang/model/util/AbstractElementVisitor6
instanceKlass javax/lang/model/element/ElementVisitor
instanceKlass com/sun/tools/javac/processing/JavacProcessingEnvironment$Round
instanceKlass com/sun/tools/javac/tree/Pretty$1
instanceKlass com/sun/tools/javac/code/TypeAnnotationPosition$TypePathEntry
instanceKlass com/sun/tools/javac/code/TypeAnnotations$3
instanceKlass com/sun/tools/javac/code/TypeAnnotationPosition
instanceKlass com/sun/tools/javac/code/Types$TypePair
instanceKlass com/sun/tools/javac/comp/Annotate$AnnotateRepeatedContext
instanceKlass com/sun/tools/javac/code/Flags
instanceKlass com/sun/tools/javac/code/Types$ImplementationCache$Entry
instanceKlass com/sun/tools/javac/comp/Resolve$MethodResolutionContext$Candidate
instanceKlass com/sun/tools/javac/code/Scope$4$1
instanceKlass com/sun/tools/javac/code/Scope$4
instanceKlass com/sun/tools/javac/comp/Resolve$LookupFilter
instanceKlass com/sun/tools/javac/comp/Resolve$5$1
instanceKlass com/sun/tools/javac/comp/Resolve$5
instanceKlass com/sun/tools/javac/comp/Resolve$MethodResolutionContext
instanceKlass com/sun/tools/javac/code/Types$27
instanceKlass com/sun/tools/javac/comp/Check$7
instanceKlass com/sun/tools/javac/comp/MemberEnter$4
instanceKlass com/sun/tools/javac/comp/MemberEnter$3
instanceKlass com/sun/tools/javac/code/TypeAnnotations$2
instanceKlass com/sun/tools/javac/code/TypeAnnotations$1
instanceKlass com/sun/tools/javac/comp/Resolve$15
instanceKlass com/sun/tools/javac/code/Kinds
instanceKlass com/sun/tools/javac/code/Symbol$VarSymbol$2
instanceKlass java/util/concurrent/Callable
instanceKlass com/sun/tools/javac/comp/MemberEnter$6
instanceKlass com/sun/tools/javac/comp/MemberEnter$5
instanceKlass com/sun/tools/javac/code/SymbolMetadata
instanceKlass com/sun/tools/javac/util/JCDiagnostic$1
instanceKlass com/sun/tools/javac/code/Scope$1
instanceKlass com/sun/tools/javac/jvm/Code$1
instanceKlass com/sun/tools/javac/jvm/Code
instanceKlass com/sun/tools/javac/jvm/ClassReader$AnnotationDeproxy
instanceKlass com/sun/tools/javac/jvm/ClassReader$ProxyVisitor
instanceKlass com/sun/tools/javac/util/Pair
instanceKlass com/sun/tools/javac/comp/Attr$15
instanceKlass com/sun/tools/javac/comp/AttrContext
instanceKlass com/sun/tools/javac/jvm/ClassReader$25
instanceKlass com/sun/tools/javac/file/JavacFileManager$MissingArchive
instanceKlass java/io/RandomAccessFile$1
instanceKlass java/util/ComparableTimSort
instanceKlass sun/security/action/GetBooleanAction
instanceKlass java/util/Arrays$LegacyMergeSort
instanceKlass com/sun/tools/javac/file/ZipFileIndex$Entry
instanceKlass com/sun/tools/javac/file/ZipFileIndex$DirectoryEntry
instanceKlass com/sun/tools/javac/file/ZipFileIndex$ZipDirectory
instanceKlass java/io/RandomAccessFile
instanceKlass java/io/DataInput
instanceKlass java/io/DataOutput
instanceKlass com/sun/tools/javac/file/ZipFileIndex
instanceKlass com/sun/tools/javac/file/ZipFileIndexArchive
instanceKlass com/sun/tools/javac/parser/LazyDocCommentTable$Entry
instanceKlass com/sun/tools/javac/parser/JavaTokenizer$BasicComment
instanceKlass com/sun/tools/javac/util/Position$LineMapImpl
instanceKlass com/sun/tools/javac/util/Position$LineMap
instanceKlass com/sun/tools/javac/util/Position
instanceKlass com/sun/tools/javac/tree/TreeInfo$2
instanceKlass com/sun/tools/javac/parser/JavacParser$2
instanceKlass com/sun/tools/javac/util/IntHashTable
instanceKlass com/sun/tools/javac/parser/LazyDocCommentTable
instanceKlass com/sun/tools/javac/parser/JavaTokenizer$1
instanceKlass com/sun/tools/javac/parser/JavacParser$1
instanceKlass com/sun/tools/javac/tree/DocCommentTable
instanceKlass com/sun/tools/javac/parser/JavacParser$AbstractEndPosTable
instanceKlass com/sun/tools/javac/parser/JavacParser$ErrorRecoveryAction
instanceKlass com/sun/tools/javac/tree/EndPosTable
instanceKlass com/sun/tools/javac/parser/JavacParser
instanceKlass com/sun/tools/javac/parser/UnicodeReader
instanceKlass sun/misc/FloatingDecimal$HexFloatPattern
instanceKlass sun/misc/FloatingDecimal$PreparedASCIIToBinaryBuffer
instanceKlass sun/misc/FloatingDecimal$ASCIIToBinaryConverter
instanceKlass sun/misc/FloatingDecimal$BinaryToASCIIBuffer
instanceKlass sun/misc/FloatingDecimal$ExceptionalBinaryToASCIIBuffer
instanceKlass sun/misc/FloatingDecimal$BinaryToASCIIConverter
instanceKlass sun/misc/FloatingDecimal
instanceKlass com/sun/tools/javac/parser/Tokens$Comment
instanceKlass com/sun/tools/javac/parser/Scanner
instanceKlass com/sun/source/tree/LineMap
instanceKlass com/sun/tools/javac/util/BaseFileManager$ContentCacheEntry
instanceKlass com/sun/tools/javac/util/DiagnosticSource
instanceKlass sun/net/www/protocol/jar/JarFileFactory
instanceKlass sun/net/www/protocol/jar/URLJarFile$URLJarFileCloseController
instanceKlass com/sun/tools/javac/processing/JavacProcessingEnvironment$DiscoveredProcessors$ProcessorStateIterator
instanceKlass com/sun/tools/javac/processing/JavacProcessingEnvironment$DiscoveredProcessors
instanceKlass com/sun/tools/javac/util/ServiceLoader$1
instanceKlass com/sun/tools/javac/util/ServiceLoader$LazyIterator
instanceKlass com/sun/tools/javac/util/ServiceLoader
instanceKlass javax/annotation/processing/Processor
instanceKlass com/sun/tools/javac/processing/JavacProcessingEnvironment$ServiceIterator
instanceKlass java/net/URI$Parser
instanceKlass java/net/URI
instanceKlass java/util/Collections$EmptyIterator
instanceKlass java/util/zip/ZStreamRef
instanceKlass java/util/zip/Inflater
instanceKlass com/sun/tools/javac/util/StringUtils
instanceKlass com/sun/tools/javac/file/CacheFSInfo$Entry
instanceKlass com/sun/tools/javac/util/ListBuffer$1
instanceKlass java/util/Collections$UnmodifiableCollection$1
instanceKlass com/sun/tools/javac/model/JavacTypes
instanceKlass com/sun/tools/javac/model/JavacElements
instanceKlass com/sun/tools/javac/processing/JavacMessager
instanceKlass com/sun/tools/javac/processing/JavacFiler
instanceKlass java/util/regex/Pattern$CharPropertyNames$CharPropertyFactory
instanceKlass java/util/regex/Pattern$CharPropertyNames
instanceKlass javax/annotation/processing/RoundEnvironment
instanceKlass javax/annotation/processing/Messager
instanceKlass javax/annotation/processing/Filer
instanceKlass com/sun/tools/javac/processing/JavacProcessingEnvironment
instanceKlass java/util/ArrayList$Itr
instanceKlass com/sun/tools/javac/file/BaseFileObject
instanceKlass com/sun/tools/javac/util/ForwardingDiagnosticFormatter$ForwardingConfiguration
instanceKlass com/sun/tools/javac/code/Types$DefaultSymbolVisitor
instanceKlass com/sun/tools/javac/util/ForwardingDiagnosticFormatter
instanceKlass com/sun/tools/javac/api/ClientCodeWrapper
instanceKlass com/sun/tools/javac/api/MultiTaskListener
instanceKlass com/sun/tools/javac/comp/TransTypes$1
instanceKlass com/sun/tools/javac/jvm/Pool
instanceKlass com/sun/tools/javac/comp/Lower$TreeBuilder
instanceKlass com/sun/tools/javac/jvm/Gen$GenFinalizer
instanceKlass com/sun/tools/javac/jvm/Items$Item
instanceKlass com/sun/tools/javac/parser/JavaTokenizer
instanceKlass com/sun/tools/javac/parser/ScannerFactory
instanceKlass com/sun/tools/javac/parser/Tokens$Token
instanceKlass com/sun/tools/javac/parser/Tokens
instanceKlass com/sun/tools/javac/tree/DocTreeMaker
instanceKlass com/sun/tools/javac/parser/Lexer
instanceKlass com/sun/tools/javac/parser/ParserFactory
instanceKlass javax/lang/model/util/Types
instanceKlass javax/lang/model/util/Elements
instanceKlass com/sun/tools/javac/jvm/JNIWriter
instanceKlass com/sun/tools/javac/code/Types$SignatureGenerator
instanceKlass com/sun/tools/javac/jvm/ClassWriter$AttributeWriter
instanceKlass com/sun/tools/javac/util/ByteBuffer
instanceKlass com/sun/tools/javac/jvm/ClassFile
instanceKlass com/sun/tools/javac/jvm/ClassReader$AttributeReader
instanceKlass com/sun/tools/javac/util/MandatoryWarningHandler
instanceKlass com/sun/tools/javac/tree/TreeInfo
instanceKlass com/sun/tools/javac/comp/DeferredAttr$4
instanceKlass com/sun/tools/javac/comp/DeferredAttr$3
instanceKlass com/sun/tools/javac/comp/DeferredAttr$2
instanceKlass com/sun/tools/javac/comp/DeferredAttr$DeferredAttrContext
instanceKlass com/sun/tools/javac/comp/DeferredAttr$DeferredStuckPolicy
instanceKlass com/sun/tools/javac/comp/DeferredAttr$DeferredTypeCompleter
instanceKlass com/sun/tools/javac/comp/Infer$GraphStrategy
instanceKlass com/sun/tools/javac/comp/Infer$InferenceContext
instanceKlass javax/lang/model/element/TypeParameterElement
instanceKlass com/sun/tools/javac/comp/Infer
instanceKlass com/sun/tools/javac/code/DeferredLintHandler$1
instanceKlass com/sun/tools/javac/code/DeferredLintHandler
instanceKlass com/sun/tools/javac/code/TypeAnnotations
instanceKlass com/sun/tools/javac/comp/TypeEnvs
instanceKlass com/sun/tools/javac/comp/ConstFold
instanceKlass javax/lang/model/element/AnnotationMirror
instanceKlass com/sun/tools/javac/comp/Annotate
instanceKlass com/sun/tools/javac/tree/TreeMaker$AnnotationBuilder
instanceKlass com/sun/tools/javac/tree/TreeMaker
instanceKlass com/sun/tools/javac/tree/JCTree$Factory
instanceKlass com/sun/tools/javac/comp/Env
instanceKlass com/sun/tools/javac/comp/Flow
instanceKlass com/sun/source/util/SimpleTreeVisitor
instanceKlass com/sun/tools/javac/comp/Attr$14
instanceKlass com/sun/tools/javac/comp/Check$NestedCheckContext
instanceKlass javax/lang/model/type/UnionType
instanceKlass com/sun/source/tree/IntersectionTypeTree
instanceKlass com/sun/source/tree/PrimitiveTypeTree
instanceKlass com/sun/source/tree/MemberReferenceTree
instanceKlass com/sun/source/tree/LambdaExpressionTree
instanceKlass com/sun/source/tree/UnionTypeTree
instanceKlass com/sun/source/tree/ArrayTypeTree
instanceKlass com/sun/source/tree/ParenthesizedTree
instanceKlass com/sun/source/tree/VariableTree
instanceKlass com/sun/source/tree/EmptyStatementTree
instanceKlass com/sun/source/tree/InstanceOfTree
instanceKlass com/sun/source/tree/ParameterizedTypeTree
instanceKlass com/sun/source/tree/LabeledStatementTree
instanceKlass com/sun/source/tree/MethodInvocationTree
instanceKlass com/sun/source/tree/ArrayAccessTree
instanceKlass com/sun/source/tree/EnhancedForLoopTree
instanceKlass com/sun/source/tree/ExpressionStatementTree
instanceKlass com/sun/source/tree/DoWhileLoopTree
instanceKlass com/sun/source/tree/ConditionalExpressionTree
instanceKlass com/sun/source/tree/CompoundAssignmentTree
instanceKlass com/sun/source/tree/AssignmentTree
instanceKlass com/sun/source/tree/SynchronizedTree
instanceKlass com/sun/source/tree/TypeParameterTree
instanceKlass com/sun/source/tree/AnnotatedTypeTree
instanceKlass com/sun/source/tree/SwitchTree
instanceKlass com/sun/source/tree/TryTree
instanceKlass com/sun/source/tree/ModifiersTree
instanceKlass com/sun/source/tree/NewArrayTree
instanceKlass com/sun/source/tree/ReturnTree
instanceKlass com/sun/source/tree/LiteralTree
instanceKlass com/sun/source/tree/UnaryTree
instanceKlass com/sun/source/tree/ThrowTree
instanceKlass com/sun/source/tree/TypeCastTree
instanceKlass com/sun/source/tree/WhileLoopTree
instanceKlass com/sun/source/tree/ForLoopTree
instanceKlass com/sun/source/tree/ErroneousTree
instanceKlass com/sun/source/tree/ContinueTree
instanceKlass com/sun/source/tree/BreakTree
instanceKlass com/sun/source/tree/CatchTree
instanceKlass com/sun/source/tree/CaseTree
instanceKlass com/sun/source/tree/BinaryTree
instanceKlass com/sun/source/tree/BlockTree
instanceKlass com/sun/source/tree/AssertTree
instanceKlass com/sun/source/tree/ImportTree
instanceKlass com/sun/source/tree/IfTree
instanceKlass com/sun/source/tree/WildcardTree
instanceKlass com/sun/tools/javac/api/Formattable$LocalizedString
instanceKlass com/sun/tools/javac/api/Formattable
instanceKlass com/sun/tools/javac/comp/Resolve$7
instanceKlass com/sun/tools/javac/comp/Resolve$6
instanceKlass com/sun/tools/javac/comp/Attr$ResultInfo
instanceKlass com/sun/tools/javac/comp/Resolve$AbstractMethodCheck
instanceKlass com/sun/tools/javac/comp/Resolve$2
instanceKlass com/sun/tools/javac/comp/Resolve$LookupHelper
instanceKlass com/sun/tools/javac/comp/Resolve$LogResolveHelper
instanceKlass com/sun/tools/javac/comp/Resolve$MethodCheck
instanceKlass com/sun/tools/javac/comp/Resolve
instanceKlass com/sun/tools/javac/comp/Check$6
instanceKlass com/sun/tools/javac/comp/Check$1
instanceKlass com/sun/source/tree/AnnotationTree
instanceKlass com/sun/tools/javac/tree/JCTree$Visitor
instanceKlass com/sun/source/tree/MethodTree
instanceKlass com/sun/source/tree/NewClassTree
instanceKlass com/sun/tools/javac/comp/Infer$FreeTypeListener
instanceKlass com/sun/tools/javac/util/Warner
instanceKlass com/sun/tools/javac/code/DeferredLintHandler$LintLogger
instanceKlass com/sun/tools/javac/comp/Check$CheckContext
instanceKlass com/sun/tools/javac/comp/Check
instanceKlass com/sun/tools/javac/code/Types$ImplementationCache
instanceKlass com/sun/tools/javac/code/Types$3
instanceKlass com/sun/tools/javac/util/JCDiagnostic
instanceKlass com/sun/tools/javac/code/Types$DescriptorCache$FunctionDescriptor
instanceKlass com/sun/tools/javac/code/Types$DescriptorCache
instanceKlass com/sun/tools/javac/code/Scope$ScopeListener
instanceKlass javax/lang/model/type/IntersectionType
instanceKlass com/sun/tools/javac/code/Type$Mapping
instanceKlass com/sun/tools/javac/code/Types$DefaultTypeVisitor
instanceKlass com/sun/tools/javac/code/Types
instanceKlass com/sun/tools/javac/code/Symtab$2
instanceKlass com/sun/tools/javac/code/Symtab$1
instanceKlass com/sun/tools/javac/code/Symbol$MethodSymbol$2
instanceKlass com/sun/tools/javac/code/Scope$2
instanceKlass com/sun/tools/javac/code/Scope$Entry
instanceKlass com/sun/tools/javac/util/Filter
instanceKlass java/lang/annotation/Repeatable
instanceKlass javax/lang/model/type/NullType
instanceKlass com/sun/tools/javac/code/Symtab
instanceKlass com/sun/tools/javac/jvm/ClassReader$1
instanceKlass javax/lang/model/type/ExecutableType
instanceKlass com/sun/tools/javac/code/Attribute
instanceKlass javax/lang/model/element/AnnotationValue
instanceKlass javax/lang/model/type/NoType
instanceKlass com/sun/tools/javac/comp/Annotate$Worker
instanceKlass com/sun/tools/javac/code/Scope
instanceKlass com/sun/tools/javac/code/Symbol$Completer
instanceKlass com/sun/tools/javac/jvm/ClassReader
instanceKlass com/sun/tools/javac/util/Convert
instanceKlass com/sun/tools/javac/util/ArrayUtils
instanceKlass com/sun/tools/javac/util/Name
instanceKlass javax/lang/model/element/Name
instanceKlass com/sun/tools/javac/util/Name$Table
instanceKlass com/sun/tools/javac/util/Names
instanceKlass com/sun/tools/javac/file/ZipFileIndexCache
instanceKlass com/sun/tools/javac/util/Assert
instanceKlass com/sun/tools/javac/code/Lint$AugmentVisitor
instanceKlass com/sun/tools/javac/code/Attribute$Visitor
instanceKlass java/util/concurrent/ConcurrentHashMap$MapEntry
instanceKlass java/util/concurrent/ConcurrentHashMap$Traverser
instanceKlass java/util/AbstractList$Itr
instanceKlass com/sun/tools/javac/file/Locations$LocationHandler
instanceKlass com/sun/tools/javac/file/Locations
instanceKlass com/sun/tools/javac/util/BaseFileManager$ByteBufferCache
instanceKlass com/sun/tools/javac/main/JavaCompiler$1
instanceKlass com/sun/source/tree/ClassTree
instanceKlass com/sun/source/tree/StatementTree
instanceKlass javax/lang/model/element/PackageElement
instanceKlass com/sun/source/tree/MemberSelectTree
instanceKlass com/sun/source/tree/IdentifierTree
instanceKlass javax/lang/model/element/TypeElement
instanceKlass javax/lang/model/element/QualifiedNameable
instanceKlass com/sun/source/tree/CompilationUnitTree
instanceKlass com/sun/tools/javac/parser/Parser
instanceKlass com/sun/tools/javac/jvm/ClassReader$SourceCompleter
instanceKlass com/sun/tools/javac/main/JavaCompiler
instanceKlass com/sun/tools/javac/file/CacheFSInfo$1
instanceKlass com/sun/tools/javac/file/FSInfo
instanceKlass com/sun/source/util/TaskListener
instanceKlass com/sun/source/util/TreeScanner
instanceKlass com/sun/source/tree/TreeVisitor
instanceKlass com/sun/tools/doclint/DocLint
instanceKlass com/sun/source/util/Plugin
instanceKlass java/io/StreamTokenizer
instanceKlass com/sun/tools/javac/main/CommandLine
instanceKlass com/sun/tools/javac/util/Log$1
instanceKlass javax/tools/DiagnosticListener
instanceKlass com/sun/tools/javac/util/JCDiagnostic$Factory$1
instanceKlass com/sun/tools/javac/util/Options
instanceKlass javax/lang/model/element/ExecutableElement
instanceKlass javax/lang/model/element/Parameterizable
instanceKlass javax/lang/model/type/WildcardType
instanceKlass javax/lang/model/type/PrimitiveType
instanceKlass javax/lang/model/type/TypeVariable
instanceKlass javax/lang/model/element/VariableElement
instanceKlass javax/lang/model/type/ErrorType
instanceKlass javax/lang/model/type/DeclaredType
instanceKlass javax/lang/model/type/ArrayType
instanceKlass javax/lang/model/type/ReferenceType
instanceKlass javax/lang/model/type/TypeMirror
instanceKlass com/sun/tools/javac/code/AnnoConstruct
instanceKlass javax/lang/model/element/Element
instanceKlass javax/lang/model/AnnotatedConstruct
instanceKlass java/util/EnumMap$1
instanceKlass com/sun/tools/javac/util/AbstractDiagnosticFormatter$SimpleConfiguration
instanceKlass com/sun/source/tree/ExpressionTree
instanceKlass com/sun/tools/javac/tree/JCTree
instanceKlass com/sun/source/tree/Tree
instanceKlass com/sun/tools/javac/api/DiagnosticFormatter$Configuration
instanceKlass com/sun/tools/javac/code/Printer
instanceKlass com/sun/tools/javac/code/Symbol$Visitor
instanceKlass com/sun/tools/javac/code/Type$Visitor
instanceKlass com/sun/tools/javac/util/AbstractDiagnosticFormatter
instanceKlass java/net/URLClassLoader$2
instanceKlass java/util/ResourceBundle$Control$1
instanceKlass java/util/LinkedList$Node
instanceKlass java/util/ResourceBundle$CacheKeyReference
instanceKlass java/util/ResourceBundle$CacheKey
instanceKlass java/util/ResourceBundle$Control
instanceKlass java/net/URLClassLoader$3$1
instanceKlass sun/misc/CompoundEnumeration
instanceKlass java/net/URLClassLoader$3
instanceKlass sun/misc/URLClassPath$1
instanceKlass java/lang/ClassLoader$2
instanceKlass sun/misc/URLClassPath$2
instanceKlass sun/misc/Launcher$BootClassPathHolder$1
instanceKlass sun/misc/Launcher$BootClassPathHolder
instanceKlass java/util/LinkedHashMap$LinkedHashIterator
instanceKlass java/util/ServiceLoader$1
instanceKlass java/util/ServiceLoader$LazyIterator
instanceKlass java/util/ServiceLoader
instanceKlass java/util/spi/ResourceBundleControlProvider
instanceKlass java/util/ResourceBundle
instanceKlass com/sun/tools/javac/util/List$3
instanceKlass com/sun/tools/javac/util/JavacMessages
instanceKlass com/sun/tools/javac/api/Messages
instanceKlass com/sun/tools/javac/util/JCDiagnostic$Factory
instanceKlass com/sun/tools/javac/api/DiagnosticFormatter
instanceKlass javax/tools/Diagnostic
instanceKlass com/sun/tools/javac/util/Log$DiagnosticHandler
instanceKlass com/sun/tools/javac/util/AbstractLog
instanceKlass com/sun/tools/javac/util/List$2
instanceKlass com/sun/tools/javac/file/JavacFileManager$1
instanceKlass com/sun/tools/javac/file/JavacFileManager$Archive
instanceKlass javax/tools/JavaFileManager$Location
instanceKlass com/sun/tools/javac/file/RelativePath
instanceKlass javax/tools/JavaFileObject
instanceKlass javax/tools/FileObject
instanceKlass com/sun/tools/javac/util/Context$Factory
instanceKlass com/sun/tools/javac/util/JCDiagnostic$DiagnosticPosition
instanceKlass com/sun/tools/javac/util/BaseFileManager
instanceKlass javax/tools/StandardJavaFileManager
instanceKlass javax/tools/JavaFileManager
instanceKlass javax/tools/OptionChecker
instanceKlass com/sun/tools/javac/util/Context
instanceKlass java/util/RegularEnumSet$EnumSetIterator
instanceKlass com/sun/tools/javac/util/Context$Key
instanceKlass com/sun/tools/javac/code/Lint
instanceKlass javax/annotation/processing/ProcessingEnvironment
instanceKlass com/sun/tools/javac/main/OptionHelper
instanceKlass com/sun/tools/javac/main/Main
instanceKlass java/lang/Void
instanceKlass sun/launcher/LauncherHelper$FXHelper
instanceKlass com/sun/tools/javac/Main
instanceKlass java/io/FilePermission$1
instanceKlass sun/net/www/MessageHeader
instanceKlass java/net/URLConnection
instanceKlass java/security/PermissionCollection
instanceKlass sun/nio/ByteBuffered
instanceKlass sun/security/util/ManifestEntryVerifier
instanceKlass sun/security/util/DisabledAlgorithmConstraints$1
instanceKlass sun/security/util/DisabledAlgorithmConstraints$KeySizeConstraint
instanceKlass java/util/regex/Matcher
instanceKlass java/util/regex/MatchResult
instanceKlass java/util/Collections$SynchronizedMap
instanceKlass sun/security/util/DisabledAlgorithmConstraints$KeySizeConstraints
instanceKlass java/util/ArrayList$SubList$1
instanceKlass java/util/ListIterator
instanceKlass java/util/Properties$LineReader
instanceKlass java/security/Security$1
instanceKlass java/security/Security
instanceKlass sun/security/util/AbstractAlgorithmConstraints$1
instanceKlass java/util/regex/ASCII
instanceKlass java/util/regex/Pattern$TreeInfo
instanceKlass java/util/regex/Pattern$Node
instanceKlass java/util/regex/Pattern
instanceKlass sun/security/util/AlgorithmDecomposer
instanceKlass sun/security/util/AbstractAlgorithmConstraints
instanceKlass java/security/AlgorithmConstraints
instanceKlass java/lang/Class$4
instanceKlass java/lang/Class$MethodArray
instanceKlass sun/security/util/SignatureFileVerifier
instanceKlass java/lang/Package
instanceKlass java/util/jar/JarVerifier$3
instanceKlass java/security/CodeSigner
instanceKlass java/util/jar/JarVerifier
instanceKlass sun/misc/ASCIICaseInsensitiveComparator
instanceKlass java/util/jar/Attributes$Name
instanceKlass java/util/jar/Attributes
instanceKlass sun/misc/Resource
instanceKlass sun/misc/IOUtils
instanceKlass java/util/zip/ZipEntry
instanceKlass sun/misc/ExtensionDependency
instanceKlass sun/misc/JarIndex
instanceKlass sun/nio/ch/DirectBuffer
instanceKlass sun/misc/PerfCounter$CoreCounters
instanceKlass sun/misc/Perf
instanceKlass sun/misc/Perf$GetPerfAction
instanceKlass sun/misc/PerfCounter
instanceKlass java/util/zip/ZipCoder
instanceKlass java/util/Deque
instanceKlass java/util/Queue
instanceKlass java/nio/charset/StandardCharsets
instanceKlass java/util/jar/JavaUtilJarAccessImpl
instanceKlass sun/misc/JavaUtilJarAccess
instanceKlass sun/misc/FileURLMapper
instanceKlass sun/misc/URLClassPath$JarLoader$1
instanceKlass sun/nio/cs/ThreadLocalCoders$Cache
instanceKlass sun/nio/cs/ThreadLocalCoders
instanceKlass java/util/zip/ZipFile$1
instanceKlass sun/misc/JavaUtilZipFileAccess
instanceKlass java/util/zip/ZipFile
instanceKlass java/util/zip/ZipConstants
instanceKlass sun/misc/URLClassPath$Loader
instanceKlass sun/misc/URLClassPath$3
instanceKlass sun/net/util/URLUtil
instanceKlass java/net/URLClassLoader$1
instanceKlass java/lang/StringCoding$StringDecoder
instanceKlass java/io/FileOutputStream$1
instanceKlass java/lang/StringCoding$StringEncoder
instanceKlass java/lang/ThreadLocal$ThreadLocalMap
instanceKlass java/lang/StringCoding
instanceKlass sun/usagetracker/UsageTrackerClient$3
instanceKlass java/util/TreeMap$Entry
instanceKlass java/lang/ProcessEnvironment$CheckedEntry
instanceKlass java/util/HashMap$HashIterator
instanceKlass java/lang/ProcessEnvironment$CheckedEntrySet$1
instanceKlass java/util/NavigableMap
instanceKlass java/util/SortedMap
instanceKlass java/util/Collections$UnmodifiableMap
instanceKlass java/lang/ProcessEnvironment$EntryComparator
instanceKlass java/lang/ProcessEnvironment$NameComparator
instanceKlass sun/usagetracker/UsageTrackerClient$2
instanceKlass sun/usagetracker/UsageTrackerClient$4
instanceKlass sun/usagetracker/UsageTrackerClient$1
instanceKlass java/util/concurrent/atomic/AtomicBoolean
instanceKlass sun/usagetracker/UsageTrackerClient
instanceKlass sun/misc/PostVMInitHook
instanceKlass java/lang/invoke/MethodHandleStatics$1
instanceKlass java/lang/invoke/MethodHandleStatics
instanceKlass java/lang/invoke/MemberName$Factory
instanceKlass java/lang/ClassValue$Version
instanceKlass java/lang/ClassValue$Identity
instanceKlass java/lang/ClassValue
instanceKlass java/lang/invoke/MethodHandleImpl$3
instanceKlass java/lang/invoke/MethodHandleImpl$2
instanceKlass java/util/function/Function
instanceKlass java/lang/invoke/MethodHandleImpl$1
instanceKlass java/lang/invoke/MethodHandleImpl
instanceKlass java/lang/SystemClassLoaderAction
instanceKlass sun/misc/Launcher$AppClassLoader$1
instanceKlass sun/misc/URLClassPath
instanceKlass java/security/Principal
instanceKlass java/security/ProtectionDomain$Key
instanceKlass java/security/ProtectionDomain$2
instanceKlass sun/misc/JavaSecurityProtectionDomainAccess
instanceKlass java/security/ProtectionDomain$JavaSecurityAccessImpl
instanceKlass sun/misc/JavaSecurityAccess
instanceKlass java/net/URLStreamHandler
instanceKlass java/net/Parts
instanceKlass java/util/BitSet
instanceKlass sun/net/www/ParseUtil
instanceKlass java/io/FileInputStream$1
instanceKlass java/lang/CharacterData
instanceKlass sun/util/locale/LocaleUtils
instanceKlass java/util/Locale$LocaleKey
instanceKlass sun/util/locale/BaseLocale$Key
instanceKlass sun/util/locale/BaseLocale
instanceKlass java/util/concurrent/ConcurrentHashMap$CollectionView
instanceKlass java/util/concurrent/ConcurrentHashMap$CounterCell
instanceKlass java/util/concurrent/ConcurrentHashMap$Node
instanceKlass java/util/concurrent/locks/ReentrantLock
instanceKlass java/util/concurrent/locks/Lock
instanceKlass java/util/concurrent/ConcurrentMap
instanceKlass sun/util/locale/LocaleObjectCache
instanceKlass java/util/Locale
instanceKlass java/lang/reflect/Array
instanceKlass java/nio/charset/CoderResult$Cache
instanceKlass java/nio/charset/CoderResult
instanceKlass java/nio/charset/CharsetDecoder
instanceKlass sun/nio/cs/ArrayDecoder
instanceKlass java/io/Reader
instanceKlass java/lang/Readable
instanceKlass sun/misc/MetaIndex
instanceKlass sun/misc/Launcher$ExtClassLoader$1
instanceKlass java/util/StringTokenizer
instanceKlass java/net/URLClassLoader$7
instanceKlass sun/misc/JavaNetAccess
instanceKlass java/lang/ClassLoader$ParallelLoaders
instanceKlass sun/security/util/Debug
instanceKlass sun/misc/Launcher$Factory
instanceKlass java/net/URLStreamHandlerFactory
instanceKlass java/lang/Compiler$1
instanceKlass java/lang/Compiler
instanceKlass java/lang/System$2
instanceKlass sun/misc/JavaLangAccess
instanceKlass sun/io/Win32ErrorMode
instanceKlass sun/misc/OSEnvironment
instanceKlass java/lang/Integer$IntegerCache
instanceKlass sun/misc/NativeSignalHandler
instanceKlass sun/misc/Signal
instanceKlass java/lang/Terminator$1
instanceKlass sun/misc/SignalHandler
instanceKlass java/lang/Terminator
instanceKlass java/lang/ClassLoader$NativeLibrary
instanceKlass java/io/ExpiringCache$Entry
instanceKlass java/lang/ClassLoader$3
instanceKlass java/nio/file/Path
instanceKlass java/nio/file/Watchable
instanceKlass java/lang/Enum
instanceKlass java/io/ExpiringCache
instanceKlass java/io/FileSystem
instanceKlass java/io/DefaultFileSystem
instanceKlass java/nio/Bits$1
instanceKlass sun/misc/JavaNioAccess
instanceKlass java/nio/ByteOrder
instanceKlass java/nio/Bits
instanceKlass java/nio/charset/CodingErrorAction
instanceKlass java/nio/charset/CharsetEncoder
instanceKlass sun/nio/cs/ArrayEncoder
instanceKlass sun/reflect/ReflectionFactory$1
instanceKlass java/lang/Class$1
instanceKlass sun/nio/cs/SingleByte
instanceKlass sun/nio/cs/HistoricallyNamedCharset
instanceKlass java/util/Arrays
instanceKlass sun/security/action/GetPropertyAction
instanceKlass java/lang/ThreadLocal
instanceKlass java/nio/charset/spi/CharsetProvider
instanceKlass java/nio/charset/Charset
instanceKlass java/io/Writer
instanceKlass sun/reflect/misc/ReflectUtil
instanceKlass java/lang/reflect/ReflectAccess
instanceKlass sun/reflect/LangReflectAccess
instanceKlass java/lang/reflect/Modifier
instanceKlass sun/reflect/annotation/AnnotationType
instanceKlass java/lang/Class$AnnotationData
instanceKlass sun/reflect/generics/repository/AbstractRepository
instanceKlass java/lang/Class$Atomic
instanceKlass java/lang/Class$ReflectionData
instanceKlass java/lang/Class$3
instanceKlass java/util/concurrent/atomic/AtomicReferenceFieldUpdater$AtomicReferenceFieldUpdaterImpl$1
instanceKlass java/security/PrivilegedExceptionAction
instanceKlass java/util/concurrent/atomic/AtomicReferenceFieldUpdater
instanceKlass java/io/OutputStream
instanceKlass java/io/Flushable
instanceKlass java/io/FileDescriptor$1
instanceKlass sun/misc/JavaIOFileDescriptorAccess
instanceKlass java/io/FileDescriptor
instanceKlass sun/misc/Version
instanceKlass java/lang/Runtime
instanceKlass java/util/Hashtable$Enumerator
instanceKlass java/util/Iterator
instanceKlass java/util/Enumeration
instanceKlass java/util/Objects
instanceKlass java/util/Collections$SynchronizedCollection
instanceKlass java/lang/Math
instanceKlass java/util/Hashtable$Entry
instanceKlass sun/misc/VM
instanceKlass java/util/HashMap$Node
instanceKlass java/util/Map$Entry
instanceKlass sun/reflect/Reflection
instanceKlass sun/misc/SharedSecrets
instanceKlass java/lang/ref/Reference$1
instanceKlass sun/misc/JavaLangRefAccess
instanceKlass java/lang/ref/ReferenceQueue$Lock
instanceKlass java/lang/ref/ReferenceQueue
instanceKlass java/util/Collections$UnmodifiableCollection
instanceKlass java/util/AbstractMap
instanceKlass java/util/Set
instanceKlass java/util/Collections
instanceKlass java/lang/ref/Reference$Lock
instanceKlass sun/reflect/ReflectionFactory
instanceKlass java/util/AbstractCollection
instanceKlass java/util/RandomAccess
instanceKlass java/util/List
instanceKlass java/util/Collection
instanceKlass java/lang/Iterable
instanceKlass java/security/cert/Certificate
instanceKlass sun/reflect/ReflectionFactory$GetReflectionFactoryAction
instanceKlass java/security/PrivilegedAction
instanceKlass java/security/AccessController
instanceKlass java/security/Permission
instanceKlass java/security/Guard
instanceKlass java/lang/String$CaseInsensitiveComparator
instanceKlass java/util/Comparator
instanceKlass java/io/ObjectStreamField
instanceKlass java/lang/Number
instanceKlass java/lang/Character
instanceKlass java/lang/Boolean
instanceKlass java/nio/Buffer
instanceKlass java/lang/StackTraceElement
instanceKlass java/security/CodeSource
instanceKlass sun/misc/Launcher
instanceKlass java/util/jar/Manifest
instanceKlass java/net/URL
instanceKlass java/io/File
instanceKlass java/io/InputStream
instanceKlass java/io/Closeable
instanceKlass java/lang/AutoCloseable
instanceKlass sun/misc/Unsafe
instanceKlass java/lang/AbstractStringBuilder
instanceKlass java/lang/Appendable
instanceKlass java/lang/invoke/CallSite
instanceKlass java/lang/invoke/MethodType
instanceKlass java/lang/invoke/LambdaForm
instanceKlass java/lang/invoke/MethodHandleNatives
instanceKlass java/lang/invoke/MemberName
instanceKlass java/lang/invoke/MethodHandle
instanceKlass sun/reflect/CallerSensitive
instanceKlass java/lang/annotation/Annotation
instanceKlass sun/reflect/FieldAccessor
instanceKlass sun/reflect/ConstantPool
instanceKlass sun/reflect/ConstructorAccessor
instanceKlass sun/reflect/MethodAccessor
instanceKlass sun/reflect/MagicAccessorImpl
instanceKlass java/lang/reflect/Parameter
instanceKlass java/lang/reflect/Member
instanceKlass java/lang/reflect/AccessibleObject
instanceKlass java/util/Dictionary
instanceKlass java/util/Map
instanceKlass java/lang/ThreadGroup
instanceKlass java/lang/Thread$UncaughtExceptionHandler
instanceKlass java/lang/Thread
instanceKlass java/lang/Runnable
instanceKlass java/lang/ref/Reference
instanceKlass java/security/AccessControlContext
instanceKlass java/security/ProtectionDomain
instanceKlass java/lang/SecurityManager
instanceKlass java/lang/Throwable
instanceKlass java/lang/System
instanceKlass java/lang/ClassLoader
instanceKlass java/lang/Cloneable
instanceKlass java/lang/Class
instanceKlass java/lang/reflect/Type
instanceKlass java/lang/reflect/GenericDeclaration
instanceKlass java/lang/reflect/AnnotatedElement
instanceKlass java/lang/String
instanceKlass java/lang/CharSequence
instanceKlass java/lang/Comparable
instanceKlass java/io/Serializable
ciInstanceKlass java/lang/Object 1 1 78 3 8 8 8 1 1 1 1 1 1 1 1 1 1 1 1 1 1 1 1 1 1 1 1 1 1 1 1 1 1 1 1 1 1 1 1 1 1 1 1 1 1 1 1 1 100 100 100 100 7 7 100 100 1 1 1 12 12 12 12 12 12 12 12 12 12 10 10 10 10 10 10 10 10 10 10 1
ciInstanceKlass java/io/Serializable 1 0 7 1 1 1 100 100 1
ciInstanceKlass java/lang/String 1 1 540 3 3 3 3 8 8 8 8 8 8 8 8 8 8 1 1 1 1 1 1 1 1 1 1 1 1 1 1 1 1 1 1 1 1 1 1 1 1 1 1 1 1 1 1 1 1 1 1 1 1 1 1 1 1 1 1 1 1 1 1 1 1 1 1 1 1 1 1 1 1 1 1 1 1 1 1 1 1 1 1 1 1 1 1 1 1 1 1 1 1 1 1 1 1 1 1 1 1 1 1 1 1 1 1 1 1 1 1 1 1 1 1 1 1 1 1 1 1 1 1 1 1 1 1 1 1 1 1 1 1 1 1 1 1 1 1 1 1 1 1 1 1 1 1 1 1 1 1 1 1 1 1 1 1 1 1 1 1 1 1 1 1 1 1 1 1 1 1 1 1 1 1 1 1 1 1 1 1 1 1 1 1 1 1 1 1 1 1 1 1 1 1 1 1 1 1 1 1 1 1 1 1 1 1 1 1 1 1 1 1 1 1 1 5 0 100 100 100 100 7 7 100 100 100 7 7 100 100 100 100 100 100 100 100 100 7 100 7 7 100 7 100 100 7 100 7 100 100 7 7 7 100 100 7 7 100 100 7 7 1 1 1 1 1 1 1 1 1 1 1 1 1 1 1 1 1 1 1 1 1 1 1 1 1 1 1 1 1 1 1 1 1 1 1 1 1 1 1 1 1 1 1 1 1 1 1 1 1 1 1 1 1 1 1 1 1 1 1 1 1 12 12 12 12 12 12 12 12 12 12 12 12 12 12 12 12 12 12 12 12 12 12 12 12 12 12 12 12 12 12 12 12 12 12 12 12 12 12 12 12 12 12 12 12 12 12 12 12 12 12 12 12 12 12 12 12 12 12 12 12 12 12 12 12 12 12 12 12 12 12 12 12 12 12 12 12 12 12 12 12 12 12 12 12 12 12 12 12 12 12 12 12 12 12 12 12 12 12 12 12 12 9 9 9 9 10 10 10 10 10 10 10 10 10 10 10 10 10 10 10 10 10 10 10 10 10 10 10 10 10 10 10 10 10 10 10 10 10 10 10 10 10 10 10 10 10 10 10 10 10 10 10 10 10 10 10 10 10 10 10 10 10 10 10 10 10 10 10 10 10 10 10 10 10 10 10 10 10 10 10 10 10 10 10 10 10 10 10 10 10 10 10 10 10 10 10 10 10 10 10 10 10 10 10 10 10 10 10 10 11 11 11 11 11 11 11 11 1 1
staticfield java/lang/String serialPersistentFields [Ljava/io/ObjectStreamField; 0 [Ljava/io/ObjectStreamField;
staticfield java/lang/String CASE_INSENSITIVE_ORDER Ljava/util/Comparator; java/lang/String$CaseInsensitiveComparator
ciInstanceKlass java/lang/reflect/Type 1 1 14 1 1 1 1 1 1 1 1 100 100 12 10 1
ciInstanceKlass java/lang/Class 1 1 1190 8 8 8 8 8 8 8 8 8 8 8 8 8 8 8 8 8 8 7 1 1 1 1 1 1 1 1 1 1 1 1 1 1 1 1 1 1 1 1 1 1 1 1 1 1 1 1 1 1 1 1 1 1 1 1 1 1 1 1 1 1 1 1 1 1 1 1 1 1 1 1 1 1 1 1 1 1 1 1 1 1 1 1 1 1 1 1 1 1 1 1 1 1 1 1 1 1 1 1 1 1 1 1 1 1 1 1 1 1 1 1 1 1 1 1 1 1 1 1 1 1 1 1 1 1 1 1 1 1 1 1 1 1 1 1 1 1 1 1 1 1 1 1 1 1 1 1 1 1 1 1 1 1 1 1 1 1 1 1 1 1 1 1 1 1 1 1 1 1 1 1 1 1 1 1 1 1 1 1 1 1 1 1 1 1 1 1 1 1 1 1 1 1 1 1 1 1 1 1 1 1 1 1 1 1 1 1 1 1 1 1 1 1 1 1 1 1 1 1 1 1 1 1 1 1 1 1 1 1 1 1 1 1 1 1 1 1 1 1 1 1 1 1 1 1 1 1 1 1 1 1 1 1 1 1 1 1 1 1 1 1 1 1 1 1 1 1 1 1 1 1 1 1 1 1 1 1 1 1 1 1 1 1 1 1 1 1 1 1 1 1 1 1 1 1 1 1 1 1 1 1 1 1 1 1 1 1 1 1 1 1 1 1 1 1 1 1 1 1 1 1 1 1 1 1 1 1 1 1 1 1 1 1 1 1 1 1 1 1 1 1 1 1 1 1 1 1 1 1 1 1 1 1 1 1 1 1 1 1 1 1 1 1 1 1 1 1 1 1 1 1 1 1 1 1 1 1 1 1 1 1 1 1 1 1 1 1 1 1 1 1 1 1 1 1 1 1 1 1 1 1 1 1 1 1 1 1 1 1 1 1 1 1 1 1 1 1 1 1 1 1 3 3 3 5 0 8 8 8 8 8 7 7 100 100 100 100 7 7 100 7 100 7 7 7 7 100 7 7 100 7 100 100 100 7 100 100 100 100 100 100 7 100 7 100 100 100 100 7 7 7 100 100 7 7 100 100 7 7 100 7 100 7 7 100 100 100 7 100 100 7 7 7 7 7 100 7 7 100 7 7 100 100 7 7 7 7 100 100 100 7 7 100 100 7 100 100 1 1 1 1 1 1 1 1 1 1 1 1 1 1 1 1 1 1 1 1 1 1 1 1 1 1 1 1 1 1 1 1 1 1 1 1 1 1 1 1 1 1 1 1 1 1 1 1 1 1 1 1 1 1 1 1 1 1 1 1 1 1 1 1 1 1 1 1 1 1 1 1 1 1 1 1 1 1 1 1 1 1 1 1 1 1 1 1 1 1 1 1 1 1 1 1 1 1 1 1 1 1 1 1 1 1 1 1 1 1 1 1 1 1 1 1 1 1 1 1 1 1 1 1 1 1 1 1 1 1 1 1 1 1 1 1 1 1 1 1 1 1 1 1 1 1 1 1 1 1 1 1 1 1 1 1 1 1 1 1 1 1 1 1 1 1 1 12 12 12 12 12 12 12 12 12 12 12 12 12 12 12 12 12 12 12 12 12 12 12 12 12 12 12 12 12 12 12 12 12 12 12 12 12 12 12 12 12 12 12 12 12 12 12 12 12 12 12 12 12 12 12 12 12 12 12 12 12 12 12 12 12 12 12 12 12 12 12 12 12 12 12 12 12 12 12 12 12 12 12 12 12 12 12 12 12 12 12 12 12 12 12 12 12 12 12 12 12 12 12 12 12 12 12 12 12 12 12 12 12 12 12 12 12 12 12 12 12 12 12 12 12 12 12 12 12 12 12 12 12 12 12 12 12 12 12 12 12 12 12 12 12 12 12 12 12 12 12 12 12 12 12 12 12 12 12 12 12 12 12 12 12 12 12 12 12 12 12 12 12 12 12 12 12 12 12 12 12 12 12 12 12 12 12 12 12 12 12 12 12 12 12 12 12 12 12 12 12 12 12 12 12 12 12 12 12 12 12 12 12 12 12 12 12 12 12 12 12 12 12 12 12 12 12 12 12 12 12 12 9 9 9 9 9 9 9 9 9 9 9 9 9 9 9 9 9 9 9 9 9 9 9 9 9 9 9 9 9 9 9 9 9 9 9 9 9 10 10 10 10 10 10 10 10 10 10 10 10 10 10 10 10 10 10 10 10 10 10 10 10 10 10 10 10 10 10 10 10 10 10 10 10 10 10 10 10 10 10 10 10 10 10 10 10 10 10 10 10 10 10 10 10 10 10 10 10 10 10 10 10 10 10 10 10 10 10 10 10 10 10 10 10 10 10 10 10 10 10 10 10 10 10 10 10 10 10 10 10 10 10 10 10 10 10 10 10 10 10 10 10 10 10 10 10 10 10 10 10 10 10 10 10 10 10 10 10 10 10 10 10 10 10 10 10 10 10 10 10 10 10 10 10 10 10 10 10 10 10 10 10 10 10 10 10 10 10 10 10 10 10 10 10 10 10 10 10 10 10 10 10 10 10 10 10 10 10 10 10 10 10 10 10 10 10 10 10 10 10 10 10 10 10 10 10 10 10 10 10 10 10 10 10 10 10 10 10 10 10 10 10 10 10 10 10 10 10 11 11 11 11 11 11 11 11 11 11 11 11 11 11 11 11 11 11 1 1 1 1 1 1 1 1
staticfield java/lang/Class serialPersistentFields [Ljava/io/ObjectStreamField; 0 [Ljava/io/ObjectStreamField;
ciInstanceKlass java/lang/Cloneable 1 0 7 1 1 1 100 100 1
instanceKlass lombok/javac/apt/LombokProcessor$1
instanceKlass lombok/launch/ShadowClassLoader
instanceKlass sun/reflect/DelegatingClassLoader
instanceKlass java/security/SecureClassLoader
ciInstanceKlass java/lang/ClassLoader 1 1 842 8 8 8 8 8 8 8 8 8 8 8 8 8 8 8 8 8 8 7 1 1 1 1 1 1 1 1 1 1 1 1 1 1 1 1 1 1 1 1 1 1 1 1 1 1 1 1 1 1 1 1 1 1 1 1 1 1 1 1 1 1 1 1 1 1 1 1 1 1 1 1 1 1 1 1 1 1 1 1 1 1 1 1 1 1 1 1 1 1 1 1 1 1 1 1 1 1 1 1 1 1 1 1 1 1 1 1 1 1 1 1 1 1 1 1 1 1 1 1 1 1 1 1 1 1 1 1 1 1 1 1 1 1 1 1 1 1 1 1 1 1 1 1 1 1 1 1 1 1 1 1 1 1 1 1 1 1 1 1 1 1 1 1 1 1 1 1 1 1 1 1 1 1 1 1 1 1 1 1 1 1 1 1 1 1 1 1 1 1 1 1 1 1 1 1 1 1 1 1 1 1 1 1 1 1 1 1 1 1 1 1 1 1 1 1 1 1 1 1 1 1 1 1 1 1 1 1 1 1 1 1 1 1 1 1 1 1 1 1 1 1 1 1 1 1 1 1 1 1 1 1 1 1 1 1 1 1 1 1 1 1 1 1 1 1 1 1 1 1 1 1 1 1 1 1 1 1 1 1 1 1 1 1 1 1 1 1 1 1 1 1 1 1 1 1 1 1 1 100 100 100 7 7 7 100 100 100 100 7 100 100 7 7 7 7 100 7 100 100 100 100 7 7 100 100 7 100 7 7 100 100 100 100 7 100 100 7 7 100 7 7 100 7 7 7 7 7 7 7 7 7 7 7 7 7 7 7 7 7 100 100 1 1 1 1 1 1 1 1 1 1 1 1 1 1 1 1 1 1 1 1 1 1 1 1 1 1 1 1 1 1 1 1 1 1 1 1 1 1 1 1 1 1 1 1 1 1 1 1 1 1 1 1 1 1 1 1 1 1 1 1 1 1 1 1 1 1 1 1 1 1 1 1 1 1 1 1 1 1 1 1 1 1 1 1 1 1 1 1 1 1 1 1 1 1 1 1 1 1 1 1 1 1 1 1 1 1 1 1 1 1 1 1 1 1 12 12 12 12 12 12 12 12 12 12 12 12 12 12 12 12 12 12 12 12 12 12 12 12 12 12 12 12 12 12 12 12 12 12 12 12 12 12 12 12 12 12 12 12 12 12 12 12 12 12 12 12 12 12 12 12 12 12 12 12 12 12 12 12 12 12 12 12 12 12 12 12 12 12 12 12 12 12 12 12 12 12 12 12 12 12 12 12 12 12 12 12 12 12 12 12 12 12 12 12 12 12 12 12 12 12 12 12 12 12 12 12 12 12 12 12 12 12 12 12 12 12 12 12 12 12 12 12 12 12 12 12 12 12 12 12 12 12 12 12 12 12 12 12 12 12 12 12 12 12 12 12 12 12 12 12 12 12 12 12 12 12 12 12 12 12 12 12 12 9 9 9 9 9 9 9 9 9 9 9 9 9 9 9 9 9 9 9 9 9 9 9 9 9 9 9 9 9 10 10 10 10 10 10 10 10 10 10 10 10 10 10 10 10 10 10 10 10 10 10 10 10 10 10 10 10 10 10 10 10 10 10 10 10 10 10 10 10 10 10 10 10 10 10 10 10 10 10 10 10 10 10 10 10 10 10 10 10 10 10 10 10 10 10 10 10 10 10 10 10 10 10 10 10 10 10 10 10 10 10 10 10 10 10 10 10 10 10 10 10 10 10 10 10 10 10 10 10 10 10 10 10 10 10 10 10 10 10 10 10 10 10 10 10 10 10 10 10 10 10 10 10 10 10 10 10 10 10 10 10 10 10 10 10 10 10 10 10 10 10 10 10 10 10 10 10 10 10 10 10 10 10 10 10 10 10 10 10 11 11 11 11 11 11 1 1
staticfield java/lang/ClassLoader nocerts [Ljava/security/cert/Certificate; 0 [Ljava/security/cert/Certificate;
ciInstanceKlass java/lang/System 1 1 369 8 8 8 8 8 8 8 8 8 8 8 8 8 7 1 1 1 1 1 1 1 1 1 1 1 1 1 1 1 1 1 1 1 1 1 1 1 1 1 1 1 1 1 1 1 1 1 1 1 1 1 1 1 1 1 1 1 1 1 1 1 1 1 1 1 1 1 1 1 1 1 1 1 1 1 1 1 1 1 1 1 1 1 1 1 1 1 1 1 1 1 1 1 1 1 1 1 1 1 1 1 1 1 1 1 1 1 1 1 1 1 1 1 1 1 1 1 1 1 1 1 1 1 1 1 1 1 1 1 1 1 1 1 1 1 1 1 1 1 1 1 1 1 1 1 1 1 1 1 1 1 7 7 7 7 7 100 7 100 100 100 100 100 100 7 7 100 100 7 100 100 7 7 7 7 100 100 100 7 100 100 7 7 7 7 1 1 1 1 1 1 1 1 1 1 1 1 1 1 1 1 1 1 1 1 1 1 1 1 1 1 1 1 1 1 1 1 1 1 1 1 1 1 1 1 12 12 12 12 12 12 12 12 12 12 12 12 12 12 12 12 12 12 12 12 12 12 12 12 12 12 12 12 12 12 12 12 12 12 12 12 12 12 12 12 12 12 12 12 12 12 12 12 12 12 12 12 12 12 12 12 12 12 12 12 12 12 12 12 12 12 12 12 9 9 9 9 9 9 9 9 9 9 10 10 10 10 10 10 10 10 10 10 10 10 10 10 10 10 10 10 10 10 10 10 10 10 10 10 10 10 10 10 10 10 10 10 10 10 10 10 10 10 10 10 10 10 10 10 10 10 10 10 10 10 10 10 10 10 10 10 10 10 10 10 10 11 1
staticfield java/lang/System in Ljava/io/InputStream; java/io/BufferedInputStream
staticfield java/lang/System out Ljava/io/PrintStream; java/io/PrintStream
staticfield java/lang/System err Ljava/io/PrintStream; java/io/PrintStream
instanceKlass lombok/javac/handlers/HandleDelegate$DelegateRecursion
instanceKlass java/lang/Exception
instanceKlass java/lang/Error
ciInstanceKlass java/lang/Throwable 1 1 327 8 8 8 8 8 8 8 8 8 8 8 8 8 8 8 8 8 7 1 1 1 1 1 1 1 1 1 1 1 1 1 1 1 1 1 1 1 1 1 1 1 1 1 1 1 1 1 1 1 1 1 1 1 1 1 1 1 1 1 1 1 1 1 1 1 1 1 1 1 1 1 1 1 1 1 1 1 1 1 1 1 1 1 1 1 1 1 1 1 1 1 1 1 1 1 1 1 1 1 1 1 1 1 1 1 1 1 1 1 1 1 1 1 1 1 1 1 1 1 1 1 1 1 1 1 1 1 1 1 1 1 1 1 1 1 1 1 1 1 1 1 1 1 1 1 1 5 0 7 100 100 100 100 100 100 7 100 100 100 100 7 7 100 100 100 100 100 100 100 100 100 7 7 100 100 100 100 100 1 1 1 1 1 1 1 1 1 1 1 1 1 1 1 1 1 1 1 1 1 1 1 1 1 1 1 1 12 12 12 12 12 12 12 12 12 12 12 12 12 12 12 12 12 12 12 12 12 12 12 12 12 12 12 12 12 12 12 12 12 12 12 12 12 12 12 12 12 12 12 12 12 12 12 12 12 12 12 12 12 12 9 9 9 9 9 9 9 9 9 9 9 9 10 10 10 10 10 10 10 10 10 10 10 10 10 10 10 10 10 10 10 10 10 10 10 10 10 10 10 10 10 10 10 10 10 10 10 10 10 10 10 10 10 11 11 11 11 11 11 11 11 1 1 1 1 1
staticfield java/lang/Throwable UNASSIGNED_STACK [Ljava/lang/StackTraceElement; 0 [Ljava/lang/StackTraceElement;
staticfield java/lang/Throwable SUPPRESSED_SENTINEL Ljava/util/List; java/util/Collections$UnmodifiableRandomAccessList
staticfield java/lang/Throwable EMPTY_THROWABLE_ARRAY [Ljava/lang/Throwable; 0 [Ljava/lang/Throwable;
staticfield java/lang/Throwable $assertionsDisabled Z 1
instanceKlass com/sun/source/util/TreePath$1Result
instanceKlass com/sun/tools/javac/tree/Pretty$UncheckedIOException
instanceKlass java/util/ServiceConfigurationError
instanceKlass com/sun/tools/javac/processing/ServiceProxy$ServiceConfigurationError
instanceKlass com/sun/tools/javac/file/BaseFileObject$CannotCreateUriError
instanceKlass com/sun/tools/javac/tree/TreeInfo$1Result
instanceKlass com/sun/tools/javac/util/Abort
instanceKlass java/lang/AssertionError
instanceKlass com/sun/tools/javac/processing/AnnotationProcessingError
instanceKlass com/sun/tools/javac/util/FatalError
instanceKlass java/lang/VirtualMachineError
instanceKlass java/lang/LinkageError
instanceKlass java/lang/ThreadDeath
ciInstanceKlass java/lang/Error 1 1 30 1 1 1 1 1 1 1 1 1 1 1 1 5 0 100 7 1 1 12 12 12 12 12 10 10 10 10 10 1
ciInstanceKlass java/lang/ThreadDeath 0 0 18 1 1 1 1 1 1 1 1 1 1 5 0 100 100 12 10 1
instanceKlass lombok/javac/JavacResolution$TypeNotConvertibleException
instanceKlass lombok/javac/handlers/HandleDelegate$CantMakeDelegates
instanceKlass java/util/zip/DataFormatException
instanceKlass com/sun/tools/javac/jvm/JNIWriter$TypeSignature$SignatureException
instanceKlass java/lang/CloneNotSupportedException
instanceKlass com/sun/tools/javac/jvm/ClassWriter$StringOverflow
instanceKlass com/sun/tools/javac/jvm/ClassWriter$PoolOverflow
instanceKlass com/sun/tools/doclint/DocLint$BadArgs
instanceKlass java/security/PrivilegedActionException
instanceKlass java/net/URISyntaxException
instanceKlass java/io/IOException
instanceKlass java/lang/InterruptedException
instanceKlass java/lang/ReflectiveOperationException
instanceKlass java/lang/RuntimeException
ciInstanceKlass java/lang/Exception 1 1 30 1 1 1 1 1 1 1 1 1 1 1 1 5 0 100 7 1 1 12 12 12 12 12 10 10 10 10 10 1
instanceKlass java/lang/reflect/UndeclaredThrowableException
instanceKlass lombok/core/AnnotationValues$AnnotationValueDecodeFail
instanceKlass com/sun/tools/javac/jvm/Gen$CodeSizeOverflow
instanceKlass com/sun/tools/javac/comp/Infer$GraphStrategy$NodeNotFoundException
instanceKlass com/sun/tools/javac/comp/Attr$BreakAttr
instanceKlass com/sun/tools/javac/comp/Resolve$InapplicableMethodException
instanceKlass com/sun/tools/javac/code/Types$FunctionDescriptorLookupError
instanceKlass com/sun/tools/javac/code/Types$AdaptFailure
instanceKlass java/lang/SecurityException
instanceKlass com/sun/tools/javac/code/Symbol$CompletionFailure
instanceKlass java/util/MissingResourceException
instanceKlass java/util/NoSuchElementException
instanceKlass java/lang/IndexOutOfBoundsException
instanceKlass java/lang/UnsupportedOperationException
instanceKlass java/lang/IllegalStateException
instanceKlass com/sun/tools/javac/util/PropagatedException
instanceKlass com/sun/tools/javac/util/ClientCodeException
instanceKlass java/lang/IllegalArgumentException
instanceKlass java/lang/ArithmeticException
instanceKlass java/lang/NullPointerException
instanceKlass java/lang/IllegalMonitorStateException
instanceKlass java/lang/ArrayStoreException
instanceKlass java/lang/ClassCastException
ciInstanceKlass java/lang/RuntimeException 1 1 30 1 1 1 1 1 1 1 1 1 1 1 1 5 0 7 100 1 1 12 12 12 12 12 10 10 10 10 10 1
ciInstanceKlass java/lang/SecurityManager 0 0 375 8 8 8 8 8 8 8 8 8 8 8 8 8 8 8 8 8 8 8 8 8 8 8 8 8 8 8 8 8 8 8 8 8 8 8 8 100 1 1 1 1 1 1 1 1 1 1 1 1 1 1 1 1 1 1 1 1 1 1 1 1 1 1 1 1 1 1 1 1 1 1 1 1 1 1 1 1 1 1 1 1 1 1 1 1 1 1 1 1 1 1 1 1 1 1 1 1 1 1 1 1 1 1 1 1 1 1 1 1 1 1 1 1 1 1 1 1 1 1 1 1 1 1 1 1 1 1 1 1 1 1 1 1 1 1 1 1 1 1 1 1 1 1 1 1 1 1 1 1 1 1 1 1 1 1 1 1 1 1 1 1 1 1 1 1 1 1 1 1 1 1 1 1 1 1 1 1 1 1 1 1 1 1 1 1 1 1 1 1 1 1 1 1 1 1 1 1 1 1 1 1 100 100 100 100 100 100 100 100 100 100 100 100 100 100 100 100 100 100 100 100 100 100 100 100 100 100 100 100 1 1 1 1 1 1 1 1 1 1 1 1 1 1 1 1 1 1 1 1 1 1 1 1 1 1 1 1 1 1 1 12 12 12 12 12 12 12 12 12 12 12 12 12 12 12 12 12 12 12 12 12 12 12 12 12 12 12 12 12 12 12 12 12 12 12 12 12 12 12 12 12 12 12 12 12 12 12 12 12 12 12 9 9 9 9 9 9 9 9 9 9 9 9 9 9 9 9 9 10 10 10 10 10 10 10 10 10 10 10 10 10 10 10 10 10 10 10 10 10 10 10 10 10 10 10 10 10 10 10 10 10 10 10 10 10 10 10 10 10 10 10 10 10 1
ciInstanceKlass java/security/ProtectionDomain 1 1 272 8 8 8 8 8 8 8 8 8 8 1 1 1 1 1 1 1 1 1 1 1 1 1 1 1 1 1 1 1 1 1 1 1 1 1 1 1 1 1 1 1 1 1 1 1 1 1 1 1 1 1 1 1 1 1 1 1 1 1 1 1 1 1 1 1 1 1 1 1 1 1 1 1 1 1 1 1 1 1 1 1 1 1 1 1 1 1 1 1 1 1 1 1 1 1 1 1 1 1 1 1 1 1 1 1 1 1 1 1 100 100 100 7 100 100 100 100 100 100 100 100 100 7 7 100 7 7 100 7 7 7 100 100 100 7 7 100 1 1 1 1 1 1 1 1 1 1 1 1 1 1 1 1 1 1 1 1 1 1 1 1 1 1 1 1 1 12 12 12 12 12 12 12 12 12 12 12 12 12 12 12 12 12 12 12 12 12 12 12 12 12 12 12 12 12 12 12 12 12 12 12 12 12 12 12 12 12 12 12 12 12 12 12 12 9 9 9 9 9 9 9 9 9 9 9 10 10 10 10 10 10 10 10 10 10 10 10 10 10 10 10 10 10 10 10 10 10 10 10 10 10 10 10 10 10 10 10 10 10 10 10 10 11 11 11 11 11 11 11 1 1
staticfield java/security/ProtectionDomain debug Lsun/security/util/Debug; null
ciInstanceKlass java/security/AccessControlContext 1 1 305 8 8 8 8 8 8 8 8 8 8 8 8 8 100 1 1 1 1 1 1 1 1 1 1 1 1 1 1 1 1 1 1 1 1 1 1 1 1 1 1 1 1 1 1 1 1 1 1 1 1 1 1 1 1 1 1 1 1 1 1 1 1 1 1 1 1 1 1 1 1 1 1 1 1 1 1 1 1 1 1 1 1 1 1 1 1 1 1 1 1 1 1 1 1 1 1 1 1 1 1 1 1 1 1 1 1 1 1 1 1 1 1 1 1 1 1 1 1 1 1 1 1 1 100 100 100 100 7 100 100 100 100 100 7 100 100 7 100 100 100 100 100 100 100 100 100 1 1 1 1 1 1 1 1 1 1 1 1 1 1 1 1 1 1 1 1 1 1 1 1 1 1 1 1 1 1 1 1 1 1 12 12 12 12 12 12 12 12 12 12 12 12 12 12 12 12 12 12 12 12 12 12 12 12 12 12 12 12 12 12 12 12 12 12 12 12 12 12 12 12 12 12 12 12 12 12 12 12 12 12 12 12 12 12 12 12 12 12 9 9 9 9 9 9 9 9 9 9 9 9 9 9 10 10 10 10 10 10 10 10 10 10 10 10 10 10 10 10 10 10 10 10 10 10 10 10 10 10 10 10 10 10 10 10 10 10 10 10 10 10 10 10 10 10 10 10 10 11 11 11 11 11 11 1
instanceKlass java/net/URLClassLoader
ciInstanceKlass java/security/SecureClassLoader 1 1 130 8 8 8 8 1 1 1 1 1 1 1 1 1 1 1 1 1 1 1 1 1 1 1 1 1 1 1 1 1 1 1 1 1 1 1 1 1 1 1 1 1 1 1 1 1 1 1 1 1 1 7 100 100 100 100 7 100 7 7 7 7 7 1 1 1 1 1 1 1 1 1 1 1 1 1 1 1 1 1 1 12 12 12 12 12 12 12 12 12 12 12 12 12 12 12 12 12 12 12 12 12 12 12 9 9 9 10 10 10 10 10 10 10 10 10 10 10 10 10 10 10 10 10 10 10 10 10 10 1
staticfield java/security/SecureClassLoader debug Lsun/security/util/Debug; null
instanceKlass java/lang/InstantiationException
instanceKlass java/lang/NoSuchFieldException
instanceKlass java/lang/NoSuchMethodException
instanceKlass java/lang/reflect/InvocationTargetException
instanceKlass java/lang/IllegalAccessException
instanceKlass java/lang/ClassNotFoundException
ciInstanceKlass java/lang/ReflectiveOperationException 1 1 27 1 1 1 1 1 1 1 1 1 1 1 1 5 0 7 100 1 12 12 12 12 10 10 10 10 1
ciInstanceKlass java/lang/ClassNotFoundException 1 1 32 1 1 1 1 1 1 1 1 1 1 1 1 1 1 1 1 5 0 100 7 100 1 1 1 12 12 12 9 10 10 1
instanceKlass java/lang/IncompatibleClassChangeError
instanceKlass java/lang/BootstrapMethodError
instanceKlass java/lang/NoClassDefFoundError
ciInstanceKlass java/lang/LinkageError 1 1 24 1 1 1 1 1 1 1 1 1 1 1 5 0 7 100 1 12 12 12 10 10 10 1
ciInstanceKlass java/lang/NoClassDefFoundError 0 0 21 1 1 1 1 1 1 1 1 1 1 1 5 0 100 100 12 12 10 10 1
ciInstanceKlass java/lang/ClassCastException 1 1 21 1 1 1 1 1 1 1 1 1 1 1 5 0 100 100 12 12 10 10 1
ciInstanceKlass java/lang/ArrayStoreException 1 1 21 1 1 1 1 1 1 1 1 1 1 1 5 0 100 100 12 12 10 10 1
instanceKlass java/lang/InternalError
instanceKlass java/lang/StackOverflowError
instanceKlass java/lang/OutOfMemoryError
ciInstanceKlass java/lang/VirtualMachineError 1 1 27 1 1 1 1 1 1 1 1 1 1 1 1 5 0 100 100 1 12 12 12 12 10 10 10 10 1
ciInstanceKlass java/lang/OutOfMemoryError 1 1 21 1 1 1 1 1 1 1 1 1 1 1 5 0 100 100 12 12 10 10 1
ciInstanceKlass java/lang/StackOverflowError 1 1 21 1 1 1 1 1 1 1 1 1 1 1 5 0 100 100 12 12 10 10 1
ciInstanceKlass java/lang/IllegalMonitorStateException 1 1 21 1 1 1 1 1 1 1 1 1 1 1 5 0 100 100 12 12 10 10 1
instanceKlass java/lang/ref/PhantomReference
instanceKlass java/lang/ref/FinalReference
instanceKlass java/lang/ref/WeakReference
instanceKlass java/lang/ref/SoftReference
ciInstanceKlass java/lang/ref/Reference 1 1 134 8 1 1 1 1 1 1 1 1 1 1 1 1 1 1 1 1 1 1 1 1 1 1 1 1 1 1 1 1 1 1 1 1 1 1 1 1 1 1 1 1 1 1 1 1 1 1 1 1 1 1 1 1 1 1 1 100 7 100 7 7 100 7 7 7 7 7 7 7 1 1 1 1 1 1 1 1 1 1 1 1 1 1 1 1 12 12 12 12 12 12 12 12 12 12 12 12 12 12 12 12 12 12 12 12 12 12 9 9 9 9 9 9 9 10 10 10 10 10 10 10 10 10 10 10 10 10 10 10 10 1 1 1
instanceKlass java/util/ResourceBundle$BundleReference
instanceKlass sun/util/locale/LocaleObjectCache$CacheEntry
ciInstanceKlass java/lang/ref/SoftReference 1 1 35 1 1 1 1 1 1 1 1 1 1 1 1 1 1 1 1 100 7 7 1 1 1 1 12 12 12 12 12 9 9 10 10 10 1
instanceKlass java/lang/reflect/WeakCache$CacheValue
instanceKlass java/lang/reflect/Proxy$Key1
instanceKlass java/lang/reflect/WeakCache$CacheKey
instanceKlass java/util/ResourceBundle$LoaderReference
instanceKlass java/lang/ThreadLocal$ThreadLocalMap$Entry
instanceKlass java/lang/ClassValue$Entry
instanceKlass java/util/WeakHashMap$Entry
ciInstanceKlass java/lang/ref/WeakReference 1 1 20 1 1 1 1 1 1 1 1 7 100 1 1 1 1 12 12 10 10 1
instanceKlass java/lang/ref/Finalizer
ciInstanceKlass java/lang/ref/FinalReference 1 1 16 1 1 1 1 1 1 1 100 7 1 1 1 12 10 1
instanceKlass sun/misc/Cleaner
ciInstanceKlass java/lang/ref/PhantomReference 1 1 19 1 1 1 1 1 1 1 1 1 1 100 100 1 1 1 12 10 1
ciInstanceKlass sun/misc/Cleaner 1 1 74 1 1 1 1 1 1 1 1 1 1 1 1 1 1 1 1 1 1 1 1 1 1 1 1 1 1 1 100 100 100 7 100 7 100 1 1 1 1 1 1 1 1 1 1 1 1 12 12 12 12 12 12 12 12 12 12 12 12 12 9 9 9 9 9 10 10 10 10 10 10 10 11 1
staticfield sun/misc/Cleaner dummyQueue Ljava/lang/ref/ReferenceQueue; java/lang/ref/ReferenceQueue
ciInstanceKlass java/lang/ref/Finalizer 1 1 148 1 1 1 1 1 1 1 1 1 1 1 1 1 1 1 1 1 1 1 1 1 1 1 1 1 1 1 1 1 1 1 1 1 1 1 1 1 1 1 1 1 1 1 1 1 1 1 1 1 1 1 1 1 1 1 1 1 1 1 7 7 7 7 100 7 7 100 100 100 7 7 100 7 100 1 1 1 1 1 1 1 1 1 1 1 1 1 1 1 1 12 12 12 12 12 12 12 12 12 12 12 12 12 12 12 12 12 12 12 12 12 12 12 12 12 12 9 9 9 9 9 10 10 10 10 10 10 10 10 10 10 10 10 10 10 10 10 10 10 10 10 10 10 10 11 1 1
staticfield java/lang/ref/Finalizer lock Ljava/lang/Object; java/lang/Object
instanceKlass java/lang/ref/Finalizer$FinalizerThread
instanceKlass java/lang/ref/Reference$ReferenceHandler
ciInstanceKlass java/lang/Thread 1 1 539 3 3 8 8 8 8 8 8 8 8 8 8 8 8 7 1 1 1 1 1 1 1 1 1 1 1 1 1 1 1 1 1 1 1 1 1 1 1 1 1 1 1 1 1 1 1 1 1 1 1 1 1 1 1 1 1 1 1 1 1 1 1 1 1 1 1 1 1 1 1 1 1 1 1 1 1 1 1 1 1 1 1 1 1 1 1 1 1 1 1 1 1 1 1 1 1 1 1 1 1 1 1 1 1 1 1 1 1 1 1 1 1 1 1 1 1 1 1 1 1 1 1 1 1 1 1 1 1 1 1 1 1 1 1 1 1 1 1 1 1 1 1 1 1 1 1 1 1 1 1 1 1 1 1 1 1 1 1 1 1 1 1 1 1 1 1 1 1 1 1 1 1 1 1 1 1 1 1 1 1 1 1 1 1 1 1 1 1 1 1 1 1 1 1 1 1 1 1 1 1 1 1 1 1 1 1 1 1 1 1 1 1 1 1 1 1 1 1 1 1 1 1 1 1 3 3 3 100 100 100 100 100 100 100 100 100 100 100 100 7 100 7 100 7 100 100 7 100 100 100 100 100 100 7 100 100 100 100 100 100 100 7 100 100 100 100 100 100 100 1 1 1 1 1 1 1 1 1 1 1 1 1 1 1 1 1 1 1 1 1 1 1 1 1 1 1 1 1 1 1 1 1 1 1 1 1 1 1 1 1 1 1 1 1 1 1 1 1 1 1 1 1 1 1 1 1 1 12 12 12 12 12 12 12 12 12 12 12 12 12 12 12 12 12 12 12 12 12 12 12 12 12 12 12 12 12 12 12 12 12 12 12 12 12 12 12 12 12 12 12 12 12 12 12 12 12 12 12 12 12 12 12 12 12 12 12 12 12 12 12 12 12 12 12 12 12 12 12 12 12 12 12 12 12 12 12 12 12 12 12 12 12 12 12 12 12 12 12 12 12 12 12 12 9 9 9 9 9 9 9 9 9 9 9 9 9 9 9 9 9 9 9 9 9 9 9 9 9 9 10 10 10 10 10 10 10 10 10 10 10 10 10 10 10 10 10 10 10 10 10 10 10 10 10 10 10 10 10 10 10 10 10 10 10 10 10 10 10 10 10 10 10 10 10 10 10 10 10 10 10 10 10 10 10 10 10 10 10 10 10 10 10 10 10 10 10 10 10 10 10 10 10 10 10 10 10 11 11 11 11 11 11 11 1 1 1 1 1
staticfield java/lang/Thread EMPTY_STACK_TRACE [Ljava/lang/StackTraceElement; 0 [Ljava/lang/StackTraceElement;
staticfield java/lang/Thread SUBCLASS_IMPLEMENTATION_PERMISSION Ljava/lang/RuntimePermission; java/lang/RuntimePermission
ciInstanceKlass java/lang/ThreadGroup 1 1 268 8 8 8 8 8 8 8 1 1 1 1 1 1 1 1 1 1 1 1 1 1 1 1 1 1 1 1 1 1 1 1 1 1 1 1 1 1 1 1 1 1 1 1 1 1 1 1 1 1 1 1 1 1 1 1 1 1 1 1 1 1 1 1 1 1 1 1 1 1 1 1 1 1 1 1 1 1 1 1 1 1 1 1 1 1 1 1 1 1 1 1 1 1 1 1 1 1 1 1 1 1 1 1 1 1 1 1 1 100 100 100 100 100 100 7 100 100 7 7 100 100 7 100 100 100 1 1 1 1 1 1 1 1 1 1 1 1 1 1 1 1 1 1 1 1 1 1 1 1 1 1 1 12 12 12 12 12 12 12 12 12 12 12 12 12 12 12 12 12 12 12 12 12 12 12 12 12 12 12 12 12 12 12 12 12 12 12 12 12 12 12 12 12 12 12 12 12 12 12 12 12 12 12 12 12 9 9 9 9 9 9 9 9 9 9 9 9 9 10 10 10 10 10 10 10 10 10 10 10 10 10 10 10 10 10 10 10 10 10 10 10 10 10 10 10 10 10 10 10 10 10 10 10 10 10 10 10 10 10 10 10 10 10 10 11 1 1
ciInstanceKlass java/util/Map 1 1 132 1 1 1 1 1 1 1 1 1 1 1 1 1 1 1 1 1 1 1 1 1 1 1 1 1 1 1 1 1 1 1 1 1 1 1 1 1 1 1 1 1 1 1 1 1 1 1 1 1 1 1 1 1 1 1 1 1 1 1 1 1 100 100 100 100 100 100 100 100 100 100 100 1 1 1 1 1 1 1 1 1 1 1 1 1 1 1 1 1 1 1 1 1 1 1 1 12 12 12 12 12 12 12 12 12 12 12 12 12 12 12 12 12 10 10 10 11 11 11 11 11 11 11 11 11 11 11 11 11 11 1
instanceKlass java/util/Hashtable
ciInstanceKlass java/util/Dictionary 1 1 31 1 1 1 1 1 1 1 1 1 1 1 1 1 1 1 1 1 1 1 7 100 1 1 1 1 1 1 12 10 1
instanceKlass java/util/Properties
ciInstanceKlass java/util/Hashtable 1 1 402 3 3 4 4 8 8 8 8 8 8 1 1 1 1 1 1 1 1 1 1 1 1 1 1 1 1 1 1 1 1 1 1 1 1 1 1 1 1 1 1 1 1 1 1 1 1 1 1 1 1 1 1 1 1 1 1 1 1 1 1 1 1 1 1 1 1 1 1 1 1 1 1 1 1 1 1 1 1 1 1 1 1 1 1 1 1 1 1 1 1 1 1 1 1 1 1 1 1 1 1 1 1 1 1 1 1 1 1 1 1 1 1 1 1 1 1 1 1 1 1 1 1 1 1 1 1 1 1 1 1 1 1 1 1 1 1 1 1 1 1 1 1 1 1 1 1 1 1 1 1 1 1 1 1 1 1 1 1 1 1 1 3 3 3 5 0 100 100 100 100 100 100 100 100 100 100 7 100 100 7 100 7 100 100 100 7 100 7 7 100 7 7 7 100 100 7 7 7 100 7 100 100 100 1 1 1 1 1 1 1 1 1 1 1 1 1 1 1 1 1 1 1 1 1 1 1 1 1 1 1 1 1 1 1 1 1 1 1 1 1 1 1 1 1 1 1 1 1 1 1 1 1 1 1 1 1 1 12 12 12 12 12 12 12 12 12 12 12 12 12 12 12 12 12 12 12 12 12 12 12 12 12 12 12 12 12 12 12 12 12 12 12 12 12 12 12 12 12 12 12 12 12 12 12 12 12 12 12 12 12 12 12 12 12 12 12 12 12 12 12 9 9 9 9 9 9 9 9 9 9 9 9 10 10 10 10 10 10 10 10 10 10 10 10 10 10 10 10 10 10 10 10 10 10 10 10 10 10 10 10 10 10 10 10 10 10 10 10 10 10 10 10 10 10 10 10 10 10 10 10 10 10 10 10 11 11 11 11 11 11 11 11 11 11 11 11 1 1 1 1 1
ciInstanceKlass java/util/Properties 1 1 263 3 8 8 8 8 8 8 8 1 1 1 1 1 1 1 1 1 1 1 1 1 1 1 1 1 1 1 1 1 1 1 1 1 1 1 1 1 1 1 1 1 1 1 1 1 1 1 1 1 1 1 1 1 1 1 1 1 1 1 1 1 1 1 1 1 1 1 1 1 1 1 1 1 1 1 1 1 1 1 1 1 1 1 1 1 1 1 1 1 1 1 1 1 1 1 1 1 1 1 1 1 1 1 1 1 5 0 100 100 100 100 100 100 100 100 100 100 100 7 100 100 100 100 100 7 100 100 7 7 100 1 1 1 1 1 1 1 1 1 1 1 1 1 1 1 1 1 1 1 1 1 1 1 1 1 1 1 1 1 1 1 12 12 12 12 12 12 12 12 12 12 12 12 12 12 12 12 12 12 12 12 12 12 12 12 12 12 12 12 12 12 12 12 12 12 12 12 12 12 12 12 12 12 12 12 12 9 9 9 10 10 10 10 10 10 10 10 10 10 10 10 10 10 10 10 10 10 10 10 10 10 10 10 10 10 10 10 10 10 10 10 10 10 10 10 10 10 10 10 10 10 10 10 10 10 10 10 11 11 1 1 1
staticfield java/util/Properties hexDigit [C 16
instanceKlass java/lang/reflect/Executable
instanceKlass java/lang/reflect/Field
ciInstanceKlass java/lang/reflect/AccessibleObject 1 1 144 8 8 8 7 1 1 1 1 1 1 1 1 1 1 1 1 1 1 1 1 1 1 1 1 1 1 1 1 1 1 1 1 1 1 1 1 1 1 1 1 1 1 1 1 1 1 1 1 1 1 1 1 1 1 1 1 1 1 1 1 1 1 1 100 100 100 7 100 100 7 7 100 7 100 7 7 100 7 7 1 1 1 1 1 1 1 1 1 1 1 1 1 1 1 1 1 1 1 1 12 12 12 12 12 12 12 12 12 12 12 12 12 12 12 12 12 12 12 12 9 9 9 9 10 10 10 10 10 10 10 10 10 10 10 10 10 10 10 10 10 11 1 1
staticfield java/lang/reflect/AccessibleObject ACCESS_PERMISSION Ljava/security/Permission; java/lang/reflect/ReflectPermission
staticfield java/lang/reflect/AccessibleObject reflectionFactory Lsun/reflect/ReflectionFactory; sun/reflect/ReflectionFactory
ciInstanceKlass java/lang/reflect/Field 1 1 362 8 8 8 8 1 1 1 1 1 1 1 1 1 1 1 1 1 1 1 1 1 1 1 1 1 1 1 1 1 1 1 1 1 1 1 1 1 1 1 1 1 1 1 1 1 1 1 1 1 1 1 1 1 1 1 1 1 1 1 1 1 1 1 1 1 1 1 1 1 1 1 1 1 1 1 1 1 1 1 1 1 1 1 1 1 1 1 1 1 1 1 1 1 1 1 1 1 1 1 1 1 1 1 1 1 1 1 1 1 1 1 1 1 1 1 1 1 1 1 1 1 1 1 1 1 1 1 1 1 1 1 1 100 100 100 100 100 100 7 7 100 100 100 100 100 100 100 7 100 7 100 100 100 100 100 7 7 7 1 1 1 1 1 1 1 1 1 1 1 1 1 1 1 1 1 1 1 1 1 1 1 1 1 1 1 1 1 1 1 1 1 1 1 1 1 1 1 1 1 1 1 1 1 1 1 1 1 1 1 1 1 1 12 12 12 12 12 12 12 12 12 12 12 12 12 12 12 12 12 12 12 12 12 12 12 12 12 12 12 12 12 12 12 12 12 12 12 12 12 12 12 12 12 12 12 12 12 12 12 12 12 12 12 12 12 12 12 12 12 12 12 12 12 12 12 12 12 12 12 12 12 12 12 9 9 9 9 9 9 9 9 9 9 9 9 9 9 9 10 10 10 10 10 10 10 10 10 10 10 10 10 10 10 10 10 10 10 10 10 10 10 10 10 10 10 10 10 10 10 10 10 10 10 10 10 10 10 10 11 11 11 11 11 11 11 11 11 11 11 11 11 11 11 11 11 11 11 11 11 1 1
ciInstanceKlass java/lang/reflect/Parameter 0 0 210 8 8 8 8 1 1 1 1 1 1 1 1 1 1 1 1 1 1 1 1 1 1 1 1 1 1 1 1 1 1 1 1 1 1 1 1 1 1 1 1 1 1 1 1 1 1 1 1 1 1 1 1 1 1 1 1 1 1 1 1 1 1 1 1 1 1 1 1 1 1 1 1 1 1 1 1 1 1 1 1 1 1 1 100 100 100 100 100 100 100 100 100 100 100 100 100 100 100 1 1 1 1 1 1 1 1 1 1 1 1 1 1 1 1 1 1 1 1 1 1 1 1 1 1 1 1 12 12 12 12 12 12 12 12 12 12 12 12 12 12 12 12 12 12 12 12 12 12 12 12 12 12 12 12 12 12 12 12 12 12 12 12 12 12 12 9 9 9 9 9 9 9 10 10 10 10 10 10 10 10 10 10 10 10 10 10 10 10 10 10 10 10 10 10 10 10 10 10 10 10 10 10 10 10 11 11 11 11 1
instanceKlass java/lang/reflect/Constructor
instanceKlass java/lang/reflect/Method
ciInstanceKlass java/lang/reflect/Executable 1 1 378 3 8 8 8 8 8 8 8 8 8 8 8 8 8 8 1 1 1 1 1 1 1 1 1 1 1 1 1 1 1 1 1 1 1 1 1 1 1 1 1 1 1 1 1 1 1 1 1 1 1 1 1 1 1 1 1 1 1 1 1 1 1 1 1 1 1 1 1 1 1 1 1 1 1 1 1 1 1 1 1 1 1 1 1 1 1 1 1 1 1 1 1 1 1 1 1 1 1 1 1 1 1 1 1 1 1 1 1 1 1 1 1 1 1 1 1 1 1 1 1 1 1 1 1 1 1 1 1 1 1 1 1 1 1 1 1 1 1 1 1 1 1 1 1 1 1 1 1 1 1 1 100 100 100 100 100 100 100 100 100 100 100 100 100 7 100 100 100 100 100 100 100 100 100 100 100 100 100 100 100 100 100 100 1 1 1 1 1 1 1 1 1 1 1 1 1 1 1 1 1 1 1 1 1 1 1 1 1 1 1 1 1 1 1 1 1 1 1 1 1 1 1 1 1 1 1 1 1 1 1 1 1 1 1 12 12 12 12 12 12 12 12 12 12 12 12 12 12 12 12 12 12 12 12 12 12 12 12 12 12 12 12 12 12 12 12 12 12 12 12 12 12 12 12 12 12 12 12 12 12 12 12 12 12 12 12 12 12 12 12 12 12 12 12 12 12 12 12 12 12 12 12 9 9 9 9 9 9 9 10 10 10 10 10 10 10 10 10 10 10 10 10 10 10 10 10 10 10 10 10 10 10 10 10 10 10 10 10 10 10 10 10 10 10 10 10 10 10 10 10 10 10 10 10 10 10 10 10 10 10 10 10 10 10 10 10 10 10 10 10 10 10 11 11 11 1 1
ciInstanceKlass java/lang/reflect/Method 1 1 346 8 8 8 1 1 1 1 1 1 1 1 1 1 1 1 1 1 1 1 1 1 1 1 1 1 1 1 1 1 1 1 1 1 1 1 1 1 1 1 1 1 1 1 1 1 1 1 1 1 1 1 1 1 1 1 1 1 1 1 1 1 1 1 1 1 1 1 1 1 1 1 1 1 1 1 1 1 1 1 1 1 1 1 1 1 1 1 1 1 1 1 1 1 1 1 1 1 1 1 1 1 1 1 1 1 1 1 1 1 1 1 1 1 1 1 1 1 1 1 1 1 1 1 1 1 1 1 1 1 1 1 7 100 100 100 100 100 100 100 100 7 100 7 100 100 100 7 7 7 7 7 7 7 7 7 100 100 100 1 1 1 1 1 1 1 1 1 1 1 1 1 1 1 1 1 1 1 1 1 1 1 1 1 1 1 1 1 1 1 1 1 1 1 1 1 1 1 1 1 1 1 1 1 1 1 1 12 12 12 12 12 12 12 12 12 12 12 12 12 12 12 12 12 12 12 12 12 12 12 12 12 12 12 12 12 12 12 12 12 12 12 12 12 12 12 12 12 12 12 12 12 12 12 12 12 12 12 12 12 12 12 12 12 12 12 12 12 12 12 12 12 12 12 9 9 9 9 9 9 9 9 9 9 9 9 9 9 9 9 10 10 10 10 10 10 10 10 10 10 10 10 10 10 10 10 10 10 10 10 10 10 10 10 10 10 10 10 10 10 10 10 10 10 10 10 10 10 10 10 10 10 10 10 10 10 10 10 10 10 10 10 11 11 11 1
ciInstanceKlass java/lang/reflect/Constructor 1 1 330 8 8 8 1 1 1 1 1 1 1 1 1 1 1 1 1 1 1 1 1 1 1 1 1 1 1 1 1 1 1 1 1 1 1 1 1 1 1 1 1 1 1 1 1 1 1 1 1 1 1 1 1 1 1 1 1 1 1 1 1 1 1 1 1 1 1 1 1 1 1 1 1 1 1 1 1 1 1 1 1 1 1 1 1 1 1 1 1 1 1 1 1 1 1 1 1 1 1 1 1 1 1 1 1 1 1 1 1 1 1 1 1 1 1 1 1 1 1 1 1 1 1 1 1 1 1 1 1 1 7 100 7 100 100 100 100 100 100 7 7 100 100 100 100 100 7 7 7 100 100 100 100 100 100 1 1 1 1 1 1 1 1 1 1 1 1 1 1 1 1 1 1 1 1 1 1 1 1 1 1 1 1 1 1 1 1 1 1 1 1 1 1 1 1 1 1 1 1 1 1 1 1 12 12 12 12 12 12 12 12 12 12 12 12 12 12 12 12 12 12 12 12 12 12 12 12 12 12 12 12 12 12 12 12 12 12 12 12 12 12 12 12 12 12 12 12 12 12 12 12 12 12 12 12 12 12 12 12 12 12 12 12 12 12 9 9 9 9 9 9 9 9 9 9 9 9 9 9 10 10 10 10 10 10 10 10 10 10 10 10 10 10 10 10 10 10 10 10 10 10 10 10 10 10 10 10 10 10 10 10 10 10 10 10 10 10 10 10 10 10 10 10 10 10 10 11 11 1 1
instanceKlass sun/reflect/FieldAccessorImpl
instanceKlass sun/reflect/ConstructorAccessorImpl
instanceKlass sun/reflect/MethodAccessorImpl
ciInstanceKlass sun/reflect/MagicAccessorImpl 1 1 13 1 1 1 1 1 1 1 7 100 12 10 1
instanceKlass sun/reflect/GeneratedMethodAccessor1
instanceKlass sun/reflect/DelegatingMethodAccessorImpl
instanceKlass sun/reflect/NativeMethodAccessorImpl
ciInstanceKlass sun/reflect/MethodAccessorImpl 1 1 22 1 1 1 1 1 1 1 1 1 1 1 1 1 100 100 7 100 100 12 10 1
instanceKlass sun/reflect/DelegatingConstructorAccessorImpl
instanceKlass sun/reflect/NativeConstructorAccessorImpl
ciInstanceKlass sun/reflect/ConstructorAccessorImpl 1 1 24 1 1 1 1 1 1 1 1 1 1 1 1 1 1 100 100 100 100 100 7 12 10 1
ciInstanceKlass sun/reflect/DelegatingClassLoader 1 1 13 1 1 1 1 1 1 1 7 100 1 12 10
ciInstanceKlass sun/reflect/ConstantPool 1 1 106 8 7 1 1 1 1 1 1 1 1 1 1 1 1 1 1 1 1 1 1 1 1 1 1 1 1 1 1 1 1 1 1 1 1 1 1 1 1 1 1 1 1 1 1 1 1 1 1 1 1 100 7 7 1 1 1 1 1 1 1 1 1 1 1 1 1 1 1 1 1 12 12 12 12 12 12 12 12 12 12 12 12 12 12 12 12 12 9 10 10 10 10 10 10 10 10 10 10 10 10 10 10 10 10 1
ciInstanceKlass sun/reflect/FieldAccessor 1 0 48 1 1 1 1 1 1 1 1 1 1 1 1 1 1 1 1 1 1 1 1 1 1 1 1 1 1 1 1 1 100 100 100 100 1 1 1 1 1 1 1 1 1 1 1 1 1 1
instanceKlass sun/reflect/UnsafeFieldAccessorImpl
ciInstanceKlass sun/reflect/FieldAccessorImpl 1 1 56 1 1 1 1 1 1 1 1 1 1 1 1 1 1 1 1 1 1 1 1 1 1 1 1 1 1 1 1 1 1 1 1 1 1 100 100 100 100 7 1 1 1 1 1 1 1 1 1 1 1 1 1 12 10 1
instanceKlass sun/reflect/UnsafeObjectFieldAccessorImpl
instanceKlass sun/reflect/UnsafeStaticFieldAccessorImpl
ciInstanceKlass sun/reflect/UnsafeFieldAccessorImpl 1 1 229 8 8 8 8 8 8 8 8 8 8 8 8 8 8 8 8 8 8 8 8 8 8 1 1 1 1 1 1 1 1 1 1 1 1 1 1 1 1 1 1 1 1 1 1 1 1 1 1 1 1 1 1 1 1 1 1 1 1 1 1 1 1 1 1 1 1 1 1 1 1 1 1 1 1 1 1 1 1 1 1 1 1 1 1 1 1 1 1 1 1 1 1 1 1 1 1 1 1 1 1 1 1 1 1 1 1 1 1 1 1 1 1 1 1 1 1 1 1 1 100 100 100 7 100 100 100 100 100 100 7 100 100 100 7 7 7 7 7 1 1 1 1 1 1 1 1 1 1 1 1 1 1 1 1 1 1 12 12 12 12 12 12 12 12 12 12 12 12 12 12 12 12 12 12 12 12 12 12 12 12 12 12 12 12 12 12 12 12 12 12 9 9 9 9 10 10 10 10 10 10 10 10 10 10 10 10 10 10 10 10 10 10 10 10 10 10 10 10 10 10 10 10 10 10 10 10 10 1
staticfield sun/reflect/UnsafeFieldAccessorImpl unsafe Lsun/misc/Unsafe; sun/misc/Unsafe
instanceKlass sun/reflect/UnsafeQualifiedStaticFieldAccessorImpl
ciInstanceKlass sun/reflect/UnsafeStaticFieldAccessorImpl 1 1 38 8 7 1 1 1 1 1 1 1 1 1 1 1 1 1 1 1 1 7 7 7 7 1 1 1 1 12 12 12 12 12 9 9 10 10 10 1
ciInstanceKlass sun/reflect/CallerSensitive 0 0 17 1 1 1 1 1 1 1 1 100 100 100 1 1 1 1 1
instanceKlass java/lang/invoke/DirectMethodHandle
ciInstanceKlass java/lang/invoke/MethodHandle 1 1 438 8 8 8 8 8 8 8 8 8 8 8 8 8 7 1 1 1 1 1 1 1 1 1 1 1 1 1 1 1 1 1 1 1 1 1 1 1 1 1 1 1 1 1 1 1 1 1 1 1 1 1 1 1 1 1 1 1 1 1 1 1 1 1 1 1 1 1 1 1 1 1 1 1 1 1 1 1 1 1 1 1 1 1 1 1 1 1 1 1 1 1 1 1 1 1 1 1 1 1 1 1 1 1 1 1 1 1 1 1 1 1 1 1 1 1 1 1 1 1 1 1 1 1 1 1 1 1 1 1 1 1 1 1 1 1 1 1 1 1 1 1 1 1 1 1 1 1 1 1 1 1 1 1 1 1 1 1 1 1 1 1 1 1 1 1 1 1 1 1 1 1 100 7 100 100 100 100 100 100 100 100 100 100 100 100 100 100 100 7 100 7 100 100 100 100 7 1 1 1 1 1 1 1 1 1 1 1 1 1 1 1 1 1 1 1 1 1 1 1 1 1 1 1 1 1 1 1 1 1 1 1 1 1 1 1 1 1 1 1 1 1 1 1 1 1 1 1 1 1 1 1 1 1 1 1 1 1 1 1 1 1 1 1 12 12 12 12 12 12 12 12 12 12 12 12 12 12 12 12 12 12 12 12 12 12 12 12 12 12 12 12 12 12 12 12 12 12 12 12 12 12 12 12 12 12 12 12 12 12 12 12 12 12 12 12 12 12 12 12 12 12 12 12 12 12 12 12 12 12 12 12 12 12 12 12 12 12 12 12 12 12 12 12 12 12 12 9 9 9 9 9 9 9 9 9 9 9 9 10 10 10 10 10 10 10 10 10 10 10 10 10 10 10 10 10 10 10 10 10 10 10 10 10 10 10 10 10 10 10 10 10 10 10 10 10 10 10 10 10 10 10 10 10 10 10 10 10 10 10 10 10 10 10 10 10 10 10 10 10 10 10 10 10 10 10 10 10 10 10 10 10 10 10 11 1 1 1
staticfield java/lang/invoke/MethodHandle FORM_OFFSET J 20
staticfield java/lang/invoke/MethodHandle $assertionsDisabled Z 1
ciInstanceKlass java/lang/invoke/DirectMethodHandle 0 0 692 8 8 8 8 8 8 8 8 8 8 8 8 8 8 8 8 8 8 8 8 8 100 100 100 100 100 100 100 100 100 100 100 1 1 1 1 1 1 1 1 1 1 1 1 1 1 1 1 1 1 1 1 1 1 1 1 1 1 1 1 1 1 1 1 1 1 1 1 1 1 1 1 1 1 1 1 1 1 1 1 1 1 1 1 1 1 1 1 1 1 1 1 1 1 1 1 1 1 1 1 1 1 1 1 1 1 1 1 1 1 1 1 1 1 1 1 1 1 1 1 1 1 1 1 1 1 1 1 1 1 1 1 1 1 1 1 1 1 1 1 1 1 1 1 1 1 1 1 1 1 1 1 1 1 1 1 1 1 1 1 1 1 1 1 1 1 1 1 1 1 1 1 1 1 1 1 1 1 1 1 1 1 1 1 1 1 1 1 1 1 1 1 1 1 1 1 1 1 1 1 1 1 1 1 1 1 1 1 1 1 1 1 1 1 1 1 1 1 1 1 1 1 1 1 1 1 1 1 1 1 1 1 1 1 1 1 1 1 1 1 1 1 1 1 1 1 1 1 1 1 1 1 1 1 1 1 1 1 1 1 1 100 100 100 100 100 100 100 100 100 100 100 100 100 100 100 100 100 100 100 100 100 100 100 100 100 100 100 100 100 100 100 100 100 100 100 100 1 1 1 1 1 1 1 1 1 1 1 1 1 1 1 1 1 1 1 1 1 1 1 1 1 1 1 1 1 1 1 1 1 1 1 1 1 1 1 1 1 1 1 1 1 1 1 1 1 1 1 1 1 1 1 1 1 1 1 1 1 1 1 1 1 1 1 1 1 1 1 1 1 1 1 1 1 1 12 12 12 12 12 12 12 12 12 12 12 12 12 12 12 12 12 12 12 12 12 12 12 12 12 12 12 12 12 12 12 12 12 12 12 12 12 12 12 12 12 12 12 12 12 12 12 12 12 12 12 12 12 12 12 12 12 12 12 12 12 12 12 12 12 12 12 12 12 12 12 12 12 12 12 12 12 12 12 12 12 12 12 12 12 12 12 12 12 12 12 12 12 12 12 12 12 12 12 12 12 12 12 12 12 12 12 12 12 12 12 12 12 12 12 12 12 12 12 12 12 12 12 12 12 12 12 12 12 12 12 12 12 12 12 12 12 12 12 12 12 12 12 12 12 12 12 12 12 12 9 9 9 9 9 9 9 9 9 9 9 9 9 9 9 9 9 9 9 9 9 9 9 9 9 9 9 9 9 9 9 9 9 9 9 10 10 10 10 10 10 10 10 10 10 10 10 10 10 10 10 10 10 10 10 10 10 10 10 10 10 10 10 10 10 10 10 10 10 10 10 10 10 10 10 10 10 10 10 10 10 10 10 10 10 10 10 10 10 10 10 10 10 10 10 10 10 10 10 10 10 10 10 10 10 10 10 10 10 10 10 10 10 10 10 10 10 10 10 10 10 10 10 10 10 10 10 10 10 10 10 10 10 10 10 10 10 10 10 10 10 10 10 10 10 10 10 10 10 10 10 10 10 10 10 10 10 1 1 1 1 1 1 1 1 1
ciInstanceKlass java/lang/invoke/MemberName 1 1 642 3 3 3 3 3 3 3 3 3 3 3 8 8 8 8 8 8 8 8 8 8 8 8 8 8 8 8 8 8 8 8 8 8 8 8 8 8 8 8 8 8 8 100 100 7 100 1 1 1 1 1 1 1 1 1 1 1 1 1 1 1 1 1 1 1 1 1 1 1 1 1 1 1 1 1 1 1 1 1 1 1 1 1 1 1 1 1 1 1 1 1 1 1 1 1 1 1 1 1 1 1 1 1 1 1 1 1 1 1 1 1 1 1 1 1 1 1 1 1 1 1 1 1 1 1 1 1 1 1 1 1 1 1 1 1 1 1 1 1 1 1 1 1 1 1 1 1 1 1 1 1 1 1 1 1 1 1 1 1 1 1 1 1 1 1 1 1 1 1 1 1 1 1 1 1 1 1 1 1 1 1 1 1 1 1 1 1 1 1 1 1 1 1 1 1 1 1 1 1 1 1 1 1 1 1 1 1 1 1 1 1 1 1 1 1 1 1 1 1 1 1 1 1 1 1 1 1 1 1 1 1 1 1 1 1 1 1 1 1 1 1 1 1 1 1 1 1 1 1 1 1 1 1 1 1 1 1 1 1 1 1 1 1 1 1 1 1 1 1 1 1 1 1 1 1 1 1 3 3 3 3 3 3 3 3 100 100 100 100 100 100 7 100 100 100 100 100 100 100 100 100 100 100 100 100 100 100 100 100 100 100 100 100 100 100 100 100 100 100 100 100 100 100 100 1 1 1 1 1 1 1 1 1 1 1 1 1 1 1 1 1 1 1 1 1 1 1 1 1 1 1 1 1 1 1 1 1 1 1 1 1 1 1 1 1 1 1 1 1 1 1 1 1 1 1 1 1 1 1 1 1 1 1 1 1 1 1 1 12 12 12 12 12 12 12 12 12 12 12 12 12 12 12 12 12 12 12 12 12 12 12 12 12 12 12 12 12 12 12 12 12 12 12 12 12 12 12 12 12 12 12 12 12 12 12 12 12 12 12 12 12 12 12 12 12 12 12 12 12 12 12 12 12 12 12 12 12 12 12 12 12 12 12 12 12 12 12 12 12 12 12 12 12 12 12 12 12 12 12 12 12 12 12 12 12 12 12 12 12 12 12 12 12 12 12 12 12 12 12 12 12 9 9 9 9 9 9 9 9 9 9 10 10 10 10 10 10 10 10 10 10 10 10 10 10 10 10 10 10 10 10 10 10 10 10 10 10 10 10 10 10 10 10 10 10 10 10 10 10 10 10 10 10 10 10 10 10 10 10 10 10 10 10 10 10 10 10 10 10 10 10 10 10 10 10 10 10 10 10 10 10 10 10 10 10 10 10 10 10 10 10 10 10 10 10 10 10 10 10 10 10 10 10 10 10 10 10 10 10 10 10 10 10 10 10 10 10 10 10 10 10 10 10 10 10 10 10 10 10 10 10 10 10 10 10 10 10 1 1 1 1
staticfield java/lang/invoke/MemberName $assertionsDisabled Z 1
ciInstanceKlass java/lang/invoke/MethodHandleNatives 1 1 427 8 8 8 8 8 8 8 8 8 8 8 8 8 8 8 8 8 8 8 8 8 8 8 8 8 8 8 8 100 100 100 7 100 1 1 1 1 1 1 1 1 1 1 1 1 1 1 1 1 1 1 1 1 1 1 1 1 1 1 1 1 1 1 1 1 1 1 1 1 1 1 1 1 1 1 1 1 1 1 1 1 1 1 1 1 1 1 1 1 1 1 1 1 1 1 1 1 1 1 1 1 1 1 1 1 1 1 1 1 1 1 1 1 1 1 1 1 1 1 1 1 1 1 1 1 1 1 1 1 1 1 1 1 1 1 1 1 1 1 1 1 1 1 1 1 1 1 1 1 1 1 1 1 1 1 1 1 1 1 1 1 1 1 1 1 1 1 1 1 1 1 1 1 1 1 1 1 1 1 1 1 1 1 1 1 1 1 1 1 1 1 1 1 1 1 1 1 1 1 1 100 100 100 100 7 100 100 100 100 100 100 100 100 100 100 100 100 100 100 100 100 100 100 100 100 100 100 100 7 100 100 100 100 100 100 1 1 1 1 1 1 1 1 1 1 1 1 1 1 1 1 1 1 1 1 1 1 1 1 1 1 1 1 1 1 1 1 1 1 1 1 1 1 1 1 1 1 1 1 1 1 1 12 12 12 12 12 12 12 12 12 12 12 12 12 12 12 12 12 12 12 12 12 12 12 12 12 12 12 12 12 12 12 12 12 12 12 12 12 12 12 12 12 12 12 12 12 12 12 12 12 12 12 12 12 12 12 12 12 12 12 12 12 12 12 12 9 9 9 9 9 9 10 10 10 10 10 10 10 10 10 10 10 10 10 10 10 10 10 10 10 10 10 10 10 10 10 10 10 10 10 10 10 10 10 10 10 10 10 10 10 10 10 10 10 10 10 10 10 10 10 10 10 10 10 10 10 10 10 10 10 10 10 10 10 10 10 10 10 10 10 10 10 1 1 1
staticfield java/lang/invoke/MethodHandleNatives COUNT_GWT Z 1
staticfield java/lang/invoke/MethodHandleNatives $assertionsDisabled Z 1
ciInstanceKlass java/lang/invoke/LambdaForm 0 0 967 8 8 8 8 8 8 8 8 8 8 8 8 8 8 8 8 8 8 8 8 8 8 8 8 8 8 8 8 8 8 8 8 8 8 8 8 8 8 8 8 8 8 8 8 8 8 8 8 8 8 8 8 8 8 100 100 100 1 1 1 1 1 1 1 1 1 1 1 1 1 1 1 1 1 1 1 1 1 1 1 1 1 1 1 1 1 1 1 1 1 1 1 1 1 1 1 1 1 1 1 1 1 1 1 1 1 1 1 1 1 1 1 1 1 1 1 1 1 1 1 1 1 1 1 1 1 1 1 1 1 1 1 1 1 1 1 1 1 1 1 1 1 1 1 1 1 1 1 1 1 1 1 1 1 1 1 1 1 1 1 1 1 1 1 1 1 1 1 1 1 1 1 1 1 1 1 1 1 1 1 1 1 1 1 1 1 1 1 1 1 1 1 1 1 1 1 1 1 1 1 1 1 1 1 1 1 1 1 1 1 1 1 1 1 1 1 1 1 1 1 1 1 1 1 1 1 1 1 1 1 1 1 1 1 1 1 1 1 1 1 1 1 1 1 1 1 1 1 1 1 1 1 1 1 1 1 1 1 1 1 1 1 1 1 1 1 1 1 1 1 1 1 1 1 1 1 1 1 1 1 1 1 1 1 1 1 1 1 1 1 1 1 1 1 1 1 1 1 1 1 1 1 1 1 1 1 1 1 1 1 1 1 1 1 1 1 1 1 1 1 1 1 1 1 1 1 1 1 1 1 1 1 1 1 1 1 1 1 1 1 1 1 1 1 1 1 1 1 1 1 1 1 1 1 1 1 1 1 1 1 1 1 1 1 1 1 1 1 1 1 1 1 1 1 1 1 1 1 1 1 1 1 1 1 1 1 1 1 1 1 1 1 1 1 1 1 1 3 3 3 3 8 100 100 100 100 100 100 100 100 100 100 100 100 100 100 100 100 100 100 100 100 100 100 100 100 100 100 100 100 100 100 100 100 100 100 100 100 100 100 100 100 100 100 100 100 100 100 100 100 1 1 1 1 1 1 1 1 1 1 1 1 1 1 1 1 1 1 1 1 1 1 1 1 1 1 1 1 1 1 1 1 1 1 1 1 1 1 1 1 1 1 1 1 1 1 1 1 1 1 1 1 1 1 1 1 1 1 1 1 1 1 1 1 1 1 1 1 1 1 1 1 1 1 1 1 1 1 1 1 1 1 1 1 1 1 1 1 1 1 1 1 1 1 1 1 1 1 1 1 1 1 1 1 1 1 1 1 1 1 1 1 1 1 12 12 12 12 12 12 12 12 12 12 12 12 12 12 12 12 12 12 12 12 12 12 12 12 12 12 12 12 12 12 12 12 12 12 12 12 12 12 12 12 12 12 12 12 12 12 12 12 12 12 12 12 12 12 12 12 12 12 12 12 12 12 12 12 12 12 12 12 12 12 12 12 12 12 12 12 12 12 12 12 12 12 12 12 12 12 12 12 12 12 12 12 12 12 12 12 12 12 12 12 12 12 12 12 12 12 12 12 12 12 12 12 12 12 12 12 12 12 12 12 12 12 12 12 12 12 12 12 12 12 12 12 12 12 12 12 12 12 12 12 12 12 12 12 12 12 12 12 12 12 12 12 12 12 12 12 12 12 12 12 12 12 12 12 12 12 12 12 12 12 12 12 12 12 12 12 12 12 12 12 12 12 12 12 12 12 12 12 12 12 12 9 9 9 9 9 9 9 9 9 9 9 9 9 9 9 9 9 9 9 9 9 9 9 9 9 9 9 9 9 9 9 9 9 9 9 9 9 9 9 9 10 10 10 10 10 10 10 10 10 10 10 10 10 10 10 10 10 10 10 10 10 10 10 10 10 10 10 10 10 10 10 10 10 10 10 10 10 10 10 10 10 10 10 10 10 10 10 10 10 10 10 10 10 10 10 10 10 10 10 10 10 10 10 10 10 10 10 10 10 10 10 10 10 10 10 10 10 10 10 10 10 10 10 10 10 10 10 10 10 10 10 10 10 10 10 10 10 10 10 10 10 10 10 10 10 10 10 10 10 10 10 10 10 10 10 10 10 10 10 10 10 10 10 10 10 10 10 10 10 10 10 10 10 10 10 10 10 10 10 10 10 10 10 10 10 10 10 10 10 10 10 10 10 10 10 10 10 10 10 10 11 11 11 11 11 1 1 1 1 1 1
ciInstanceKlass java/lang/invoke/MethodType 0 0 591 8 8 8 8 8 8 8 8 8 8 8 8 100 100 100 100 1 1 1 1 1 1 1 1 1 1 1 1 1 1 1 1 1 1 1 1 1 1 1 1 1 1 1 1 1 1 1 1 1 1 1 1 1 1 1 1 1 1 1 1 1 1 1 1 1 1 1 1 1 1 1 1 1 1 1 1 1 1 1 1 1 1 1 1 1 1 1 1 1 1 1 1 1 1 1 1 1 1 1 1 1 1 1 1 1 1 1 1 1 1 1 1 1 1 1 1 1 1 1 1 1 1 1 1 1 1 1 1 1 1 1 1 1 1 1 1 1 1 1 1 1 1 1 1 1 1 1 1 1 1 1 1 1 1 1 1 1 1 1 1 1 1 1 1 1 1 1 1 1 1 1 1 1 1 1 1 1 1 1 1 1 1 1 1 1 1 1 1 1 1 1 1 1 1 1 1 1 1 1 1 1 1 1 1 1 1 1 1 1 1 1 1 1 1 3 3 3 5 0 100 100 100 100 100 100 100 100 100 100 100 100 100 100 100 100 100 100 100 100 100 100 100 100 100 100 100 100 100 100 100 100 100 1 1 1 1 1 1 1 1 1 1 1 1 1 1 1 1 1 1 1 1 1 1 1 1 1 1 1 1 1 1 1 1 1 1 1 1 1 1 1 1 1 1 1 1 1 1 1 1 1 1 1 1 1 1 1 1 1 1 1 1 1 1 1 1 1 1 1 1 1 1 1 1 1 1 1 1 1 1 1 1 1 1 1 1 1 1 1 1 1 1 1 1 1 1 1 1 1 1 1 1 1 1 1 1 12 12 12 12 12 12 12 12 12 12 12 12 12 12 12 12 12 12 12 12 12 12 12 12 12 12 12 12 12 12 12 12 12 12 12 12 12 12 12 12 12 12 12 12 12 12 12 12 12 12 12 12 12 12 12 12 12 12 12 12 12 12 12 12 12 12 12 12 12 12 12 12 12 12 12 12 12 12 12 12 12 12 12 12 12 12 12 12 12 12 12 12 12 12 12 12 12 12 12 12 12 12 12 12 12 12 12 12 12 12 12 12 9 9 9 9 9 9 9 9 9 9 9 9 9 9 9 9 9 9 10 10 10 10 10 10 10 10 10 10 10 10 10 10 10 10 10 10 10 10 10 10 10 10 10 10 10 10 10 10 10 10 10 10 10 10 10 10 10 10 10 10 10 10 10 10 10 10 10 10 10 10 10 10 10 10 10 10 10 10 10 10 10 10 10 10 10 10 10 10 10 10 10 10 10 10 10 10 10 10 10 10 10 10 10 10 10 10 10 10 10 10 10 10 10 10 10 10 11 11 11 11 1 1
ciInstanceKlass java/lang/BootstrapMethodError 0 0 38 1 1 1 1 1 1 1 1 1 1 1 1 1 1 1 1 1 1 5 0 100 100 100 100 1 1 12 12 12 12 12 10 10 10 10 10 1
instanceKlass java/lang/invoke/VolatileCallSite
instanceKlass java/lang/invoke/MutableCallSite
instanceKlass java/lang/invoke/ConstantCallSite
ciInstanceKlass java/lang/invoke/CallSite 0 0 311 8 8 8 8 8 8 8 8 100 100 100 100 1 1 1 1 1 1 1 1 1 1 1 1 1 1 1 1 1 1 1 1 1 1 1 1 1 1 1 1 1 1 1 1 1 1 1 1 1 1 1 1 1 1 1 1 1 1 1 1 1 1 1 1 1 1 1 1 1 1 1 1 1 1 1 1 1 1 1 1 1 1 1 1 1 1 1 1 1 1 1 1 1 1 1 1 1 1 1 1 1 1 1 1 1 1 1 1 1 1 1 1 1 1 1 1 1 1 100 100 100 100 100 100 100 100 100 100 100 100 100 100 100 100 100 100 100 100 100 100 1 1 1 1 1 1 1 1 1 1 1 1 1 1 1 1 1 1 1 1 1 1 1 1 1 1 1 1 1 1 1 1 1 1 1 1 1 1 1 1 1 1 1 12 12 12 12 12 12 12 12 12 12 12 12 12 12 12 12 12 12 12 12 12 12 12 12 12 12 12 12 12 12 12 12 12 12 12 12 12 12 12 12 12 12 12 12 12 12 12 12 12 12 12 12 12 12 12 12 12 12 12 12 9 9 9 9 9 9 10 10 10 10 10 10 10 10 10 10 10 10 10 10 10 10 10 10 10 10 10 10 10 10 10 10 10 10 10 10 10 10 10 10 10 10 10 10 10 10 10 10 10 10 10 10 10 10 10 10 10 10 10 10 10 10 10 10 10 1 1
ciInstanceKlass java/lang/invoke/ConstantCallSite 0 0 42 1 1 1 1 1 1 1 1 1 1 1 1 1 1 1 1 1 1 1 1 100 100 100 100 100 1 1 12 12 12 12 12 12 9 9 10 10 10 10 10 1
ciInstanceKlass java/lang/invoke/MutableCallSite 0 0 57 1 1 1 1 1 1 1 1 1 1 1 1 1 1 1 1 1 1 1 1 1 1 1 1 1 100 100 100 100 1 1 1 1 1 1 12 12 12 12 12 12 12 12 12 12 9 9 10 10 10 10 10 10 10 10 1
ciInstanceKlass java/lang/invoke/VolatileCallSite 0 0 33 1 1 1 1 1 1 1 1 1 1 1 1 1 1 100 100 1 1 1 12 12 12 12 12 12 10 10 10 10 10 10 1
instanceKlass java/lang/StringBuilder
instanceKlass java/lang/StringBuffer
ciInstanceKlass java/lang/AbstractStringBuilder 1 1 318 3 3 3 8 8 8 8 8 8 8 8 8 8 8 8 8 1 1 1 1 1 1 1 1 1 1 1 1 1 1 1 1 1 1 1 1 1 1 1 1 1 1 1 1 1 1 1 1 1 1 1 1 1 1 1 1 1 1 1 1 1 1 1 1 1 1 1 1 1 1 1 1 1 1 1 1 1 1 1 1 1 1 1 1 1 1 1 1 1 1 1 1 1 1 1 1 1 1 1 1 1 1 1 1 1 1 1 1 1 1 1 1 1 1 1 1 1 1 1 1 1 1 1 1 1 1 1 1 1 1 1 1 5 0 100 7 100 7 100 100 100 7 7 7 100 7 100 100 100 7 7 100 1 1 1 1 1 1 1 1 1 1 1 1 1 1 1 1 1 1 1 1 1 1 1 1 1 1 1 1 1 1 1 1 1 1 1 1 1 1 1 1 1 1 1 12 12 12 12 12 12 12 12 12 12 12 12 12 12 12 12 12 12 12 12 12 12 12 12 12 12 12 12 12 12 12 12 12 12 12 12 12 12 12 12 12 12 12 12 12 12 12 12 12 12 12 12 12 12 12 9 9 10 10 10 10 10 10 10 10 10 10 10 10 10 10 10 10 10 10 10 10 10 10 10 10 10 10 10 10 10 10 10 10 10 10 10 10 10 10 10 10 10 10 10 10 10 10 10 10 10 10 10 10 10 10 10 10 10 10 10 10 10 10 11 11 1
ciInstanceKlass java/lang/StringBuffer 1 1 371 8 8 8 7 1 1 1 1 1 1 1 1 1 1 1 1 1 1 1 1 1 1 1 1 1 1 1 1 1 1 1 1 1 1 1 1 1 1 1 1 1 1 1 1 1 1 1 1 1 1 1 1 1 1 1 1 1 1 1 1 1 1 1 1 1 1 1 1 1 1 1 1 1 1 1 1 1 1 1 1 1 1 1 1 1 1 1 1 1 1 1 1 1 5 0 100 100 100 100 100 7 100 7 7 100 100 7 7 7 100 7 1 1 1 1 1 1 1 1 1 1 1 1 1 1 1 1 1 1 1 1 1 1 1 1 1 1 1 1 1 1 1 1 1 1 1 1 1 1 1 1 1 1 1 1 1 1 1 1 1 1 1 1 1 1 1 1 1 1 1 1 1 1 1 1 1 1 1 1 12 12 12 12 12 12 12 12 12 12 12 12 12 12 12 12 12 12 12 12 12 12 12 12 12 12 12 12 12 12 12 12 12 12 12 12 12 12 12 12 12 12 12 12 12 12 12 12 12 12 12 12 12 12 12 12 12 12 12 12 12 12 12 12 12 12 12 12 12 12 12 12 12 12 12 12 12 12 12 12 12 12 12 12 12 12 12 12 12 12 12 9 9 9 9 9 9 10 10 10 10 10 10 10 10 10 10 10 10 10 10 10 10 10 10 10 10 10 10 10 10 10 10 10 10 10 10 10 10 10 10 10 10 10 10 10 10 10 10 10 10 10 10 10 10 10 10 10 10 10 10 10 10 10 10 10 10 10 10 10 10 10 10 10 10 10 10 10 10 10 10 10 10 10 10 10 10 10 10 10 10 10 10 10 10 10 10 11 1 1 1
staticfield java/lang/StringBuffer serialPersistentFields [Ljava/io/ObjectStreamField; 3 [Ljava/io/ObjectStreamField;
ciInstanceKlass java/lang/StringBuilder 1 1 326 1 1 1 1 1 1 1 1 1 1 1 1 1 1 1 1 1 1 1 1 1 1 1 1 1 1 1 1 1 1 1 1 1 1 1 1 1 1 1 1 1 1 1 1 1 1 1 1 1 1 1 1 1 1 1 1 1 1 1 1 1 1 1 1 1 1 1 1 1 5 0 100 100 100 100 100 7 100 100 7 7 1 1 1 1 1 1 1 1 1 1 1 1 1 1 1 1 1 1 1 1 1 1 1 1 1 1 1 1 1 1 1 1 1 1 1 1 1 1 1 1 1 1 1 1 1 1 1 1 1 1 1 1 1 1 1 1 1 1 1 1 1 1 12 12 12 12 12 12 12 12 12 12 12 12 12 12 12 12 12 12 12 12 12 12 12 12 12 12 12 12 12 12 12 12 12 12 12 12 12 12 12 12 12 12 12 12 12 12 12 12 12 12 12 12 12 12 12 12 12 12 12 12 12 12 12 12 12 12 12 12 12 12 12 12 12 12 12 12 12 12 12 12 12 12 12 12 12 12 12 12 12 9 9 10 10 10 10 10 10 10 10 10 10 10 10 10 10 10 10 10 10 10 10 10 10 10 10 10 10 10 10 10 10 10 10 10 10 10 10 10 10 10 10 10 10 10 10 10 10 10 10 10 10 10 10 10 10 10 10 10 10 10 10 10 10 10 10 10 10 10 10 10 10 10 10 10 10 10 10 10 10 10 10 10 10 10 10 10 10 10 10 10 11 1
ciInstanceKlass sun/misc/Unsafe 1 1 389 8 8 7 7 7 7 7 7 7 7 7 7 1 1 1 1 1 1 1 1 1 1 1 1 1 1 1 1 1 1 1 1 1 1 1 1 1 1 1 1 1 1 1 1 1 1 1 1 1 1 1 1 1 1 1 1 1 1 1 1 1 1 1 1 1 1 1 1 1 1 1 1 1 1 1 1 1 1 1 1 1 1 1 1 1 1 1 1 1 1 1 1 1 1 1 1 1 1 1 1 1 1 1 1 1 1 1 1 1 1 1 1 1 1 1 1 1 1 1 1 1 1 1 1 1 1 1 1 1 1 1 1 1 1 1 1 1 1 1 1 1 1 1 1 1 1 1 1 1 1 1 1 1 1 1 1 1 1 1 1 1 1 1 1 1 1 1 1 1 1 1 1 1 1 1 1 1 1 1 1 3 100 7 100 100 7 100 7 100 100 7 7 1 1 1 1 1 1 1 1 1 1 1 1 1 1 1 1 1 1 1 1 1 1 1 1 1 1 1 1 1 1 1 1 1 1 1 1 1 1 1 1 1 1 1 1 1 1 1 1 1 1 1 1 1 1 1 1 1 1 1 1 1 1 1 1 1 1 1 1 1 12 12 12 12 12 12 12 12 12 12 12 12 12 12 12 12 12 12 12 12 12 12 12 12 12 12 12 12 12 12 12 12 12 12 12 12 12 12 12 12 12 12 12 12 12 12 12 12 12 12 12 12 12 12 12 12 12 12 12 12 12 12 9 9 9 9 9 9 9 9 9 9 9 9 9 9 9 9 9 9 9 9 10 10 10 10 10 10 10 10 10 10 10 10 10 10 10 10 10 10 10 10 10 10 10 10 10 10 10 10 10 10 10 10 10 10 10 10 10 10 10 10 10 10 10 10 1
staticfield sun/misc/Unsafe theUnsafe Lsun/misc/Unsafe; sun/misc/Unsafe
staticfield sun/misc/Unsafe ARRAY_BOOLEAN_BASE_OFFSET I 16
staticfield sun/misc/Unsafe ARRAY_BYTE_BASE_OFFSET I 16
staticfield sun/misc/Unsafe ARRAY_SHORT_BASE_OFFSET I 16
staticfield sun/misc/Unsafe ARRAY_CHAR_BASE_OFFSET I 16
staticfield sun/misc/Unsafe ARRAY_INT_BASE_OFFSET I 16
staticfield sun/misc/Unsafe ARRAY_LONG_BASE_OFFSET I 16
staticfield sun/misc/Unsafe ARRAY_FLOAT_BASE_OFFSET I 16
staticfield sun/misc/Unsafe ARRAY_DOUBLE_BASE_OFFSET I 16
staticfield sun/misc/Unsafe ARRAY_OBJECT_BASE_OFFSET I 16
staticfield sun/misc/Unsafe ARRAY_BOOLEAN_INDEX_SCALE I 1
staticfield sun/misc/Unsafe ARRAY_BYTE_INDEX_SCALE I 1
staticfield sun/misc/Unsafe ARRAY_SHORT_INDEX_SCALE I 2
staticfield sun/misc/Unsafe ARRAY_CHAR_INDEX_SCALE I 2
staticfield sun/misc/Unsafe ARRAY_INT_INDEX_SCALE I 4
staticfield sun/misc/Unsafe ARRAY_LONG_INDEX_SCALE I 8
staticfield sun/misc/Unsafe ARRAY_FLOAT_INDEX_SCALE I 4
staticfield sun/misc/Unsafe ARRAY_DOUBLE_INDEX_SCALE I 8
staticfield sun/misc/Unsafe ARRAY_OBJECT_INDEX_SCALE I 4
staticfield sun/misc/Unsafe ADDRESS_SIZE I 8
instanceKlass java/util/zip/ZipFile$ZipFileInputStream
instanceKlass java/io/FilterInputStream
instanceKlass java/io/FileInputStream
instanceKlass java/io/ByteArrayInputStream
ciInstanceKlass java/io/InputStream 1 1 61 8 1 1 1 1 1 1 1 1 1 1 1 1 1 1 1 1 1 1 1 1 1 1 1 1 1 1 1 1 1 1 1 1 1 1 1 3 5 0 100 100 100 7 100 100 100 7 12 12 12 12 12 10 10 10 10 10 10 10 1
ciInstanceKlass java/io/ByteArrayInputStream 1 1 62 1 1 1 1 1 1 1 1 1 1 1 1 1 1 1 1 1 1 1 1 1 1 1 1 1 1 1 1 1 1 1 1 1 1 1 1 7 100 7 100 7 100 7 1 12 12 12 12 12 12 12 9 9 9 9 10 10 10 10 10 1
ciInstanceKlass java/io/File 1 1 578 8 8 8 8 8 8 8 8 8 8 8 8 8 8 8 8 8 8 8 7 1 1 1 1 1 1 1 1 1 1 1 1 1 1 1 1 1 1 1 1 1 1 1 1 1 1 1 1 1 1 1 1 1 1 1 1 1 1 1 1 1 1 1 1 1 1 1 1 1 1 1 1 1 1 1 1 1 1 1 1 1 1 1 1 1 1 1 1 1 1 1 1 1 1 1 1 1 1 1 1 1 1 1 1 1 1 1 1 1 1 1 1 1 1 1 1 1 1 1 1 1 1 1 1 1 1 1 1 1 1 1 1 1 1 1 1 1 1 1 1 1 1 1 1 1 1 1 1 1 1 1 1 1 1 1 1 1 1 1 1 1 1 1 1 1 1 1 1 1 1 1 1 1 1 1 1 1 1 1 1 1 1 1 1 1 1 1 1 1 1 1 1 1 1 1 1 1 1 1 1 1 1 1 1 1 1 1 1 1 1 1 1 1 1 1 1 1 1 1 1 1 1 1 1 1 1 1 1 1 1 1 1 1 1 1 1 1 5 0 100 100 7 100 7 100 100 7 100 100 100 100 100 100 100 7 100 100 100 100 100 7 100 100 100 100 7 7 7 100 100 7 100 100 100 100 100 100 100 7 1 1 1 1 1 1 1 1 1 1 1 1 1 1 1 1 1 1 1 1 1 1 1 1 1 1 1 1 1 1 1 1 1 1 1 1 1 1 1 1 1 1 1 1 1 1 1 1 1 1 1 1 1 1 12 12 12 12 12 12 12 12 12 12 12 12 12 12 12 12 12 12 12 12 12 12 12 12 12 12 12 12 12 12 12 12 12 12 12 12 12 12 12 12 12 12 12 12 12 12 12 12 12 12 12 12 12 12 12 12 12 12 12 12 12 12 12 12 12 12 12 12 12 12 12 12 12 12 12 12 12 12 12 12 12 12 12 12 12 12 12 12 12 12 12 12 12 12 12 12 12 12 12 12 12 12 12 12 12 12 12 12 12 12 12 12 12 12 9 9 9 9 9 9 9 9 9 9 9 9 9 9 9 10 10 10 10 10 10 10 10 10 10 10 10 10 10 10 10 10 10 10 10 10 10 10 10 10 10 10 10 10 10 10 10 10 10 10 10 10 10 10 10 10 10 10 10 10 10 10 10 10 10 10 10 10 10 10 10 10 10 10 10 10 10 10 10 10 10 10 10 10 10 10 10 10 10 10 10 10 10 10 10 10 10 10 10 10 10 10 10 10 10 10 10 10 10 10 10 10 10 10 10 10 10 10 10 10 10 11 11 11 11 11 1 1 1 1
staticfield java/io/File fs Ljava/io/FileSystem; java/io/WinNTFileSystem
staticfield java/io/File separatorChar C 92
staticfield java/io/File separator Ljava/lang/String; "\"
staticfield java/io/File pathSeparatorChar C 59
staticfield java/io/File pathSeparator Ljava/lang/String; ";"
staticfield java/io/File PATH_OFFSET J 16
staticfield java/io/File PREFIX_LENGTH_OFFSET J 12
staticfield java/io/File UNSAFE Lsun/misc/Unsafe; sun/misc/Unsafe
staticfield java/io/File $assertionsDisabled Z 1
instanceKlass sun/misc/Launcher$ExtClassLoader
instanceKlass sun/misc/Launcher$AppClassLoader
ciInstanceKlass java/net/URLClassLoader 1 1 522 8 8 8 8 8 8 8 8 8 8 8 8 1 1 1 1 1 1 1 1 1 1 1 1 1 1 1 1 1 1 1 1 1 1 1 1 1 1 1 1 1 1 1 1 1 1 1 1 1 1 1 1 1 1 1 1 1 1 1 1 1 1 1 1 1 1 1 1 1 1 1 1 1 1 1 1 1 1 1 1 1 1 1 1 1 1 1 1 1 1 1 1 1 1 1 1 1 1 1 1 1 1 1 1 1 1 1 1 1 1 1 1 1 1 1 1 1 1 1 1 1 1 1 1 1 1 1 1 1 1 1 1 1 1 1 1 1 1 1 1 1 1 1 1 1 1 1 1 1 1 1 1 1 1 1 1 1 1 1 1 1 1 1 1 1 1 1 1 1 1 1 1 1 1 1 1 1 1 1 1 1 1 1 1 1 1 1 1 1 1 1 1 1 100 100 7 7 100 100 100 7 7 7 100 100 7 100 100 100 7 100 7 100 100 100 7 7 7 7 7 100 100 100 7 7 100 100 100 7 7 7 7 100 7 100 100 100 7 7 7 100 7 7 7 7 7 100 100 1 1 1 1 1 1 1 1 1 1 1 1 1 1 1 1 1 1 1 1 1 1 1 1 1 1 1 1 1 1 1 1 1 1 1 1 1 1 1 1 1 1 1 1 1 1 1 1 1 1 1 1 1 1 1 1 1 1 1 1 1 1 1 1 1 1 1 1 1 12 12 12 12 12 12 12 12 12 12 12 12 12 12 12 12 12 12 12 12 12 12 12 12 12 12 12 12 12 12 12 12 12 12 12 12 12 12 12 12 12 12 12 12 12 12 12 12 12 12 12 12 12 12 12 12 12 12 12 12 12 12 12 12 12 12 12 12 12 12 12 12 12 12 12 12 12 12 12 12 12 12 12 12 12 12 12 12 12 12 12 12 12 12 12 12 12 12 9 9 9 9 9 9 9 9 9 9 9 9 10 10 10 10 10 10 10 10 10 10 10 10 10 10 10 10 10 10 10 10 10 10 10 10 10 10 10 10 10 10 10 10 10 10 10 10 10 10 10 10 10 10 10 10 10 10 10 10 10 10 10 10 10 10 10 10 10 10 10 10 10 10 10 10 10 10 10 10 10 10 10 10 10 10 10 10 10 10 10 10 10 10 10 10 10 10 11 11 11 11 11 11 11 11
ciInstanceKlass java/net/URL 1 1 550 8 8 8 8 8 8 8 8 8 8 8 8 8 8 8 8 8 8 8 8 8 8 8 8 8 7 1 1 1 1 1 1 1 1 1 1 1 1 1 1 1 1 1 1 1 1 1 1 1 1 1 1 1 1 1 1 1 1 1 1 1 1 1 1 1 1 1 1 1 1 1 1 1 1 1 1 1 1 1 1 1 1 1 1 1 1 1 1 1 1 1 1 1 1 1 1 1 1 1 1 1 1 1 1 1 1 1 1 1 1 1 1 1 1 1 1 1 1 1 1 1 1 1 1 1 1 1 1 1 1 1 1 1 1 1 1 1 1 1 1 1 1 1 1 1 1 1 1 1 1 1 1 1 1 1 1 1 1 1 1 1 1 1 1 1 1 1 1 1 1 1 1 1 1 1 1 1 1 1 1 1 1 1 1 1 1 1 1 1 1 1 1 1 1 1 1 1 1 1 1 1 1 1 1 1 1 1 1 1 1 1 1 1 1 1 1 1 1 1 1 1 1 1 5 0 100 100 100 100 100 100 7 100 7 7 100 100 100 100 100 7 7 100 7 7 100 100 100 100 7 100 100 100 100 7 7 7 100 100 7 7 7 100 7 100 1 1 1 1 1 1 1 1 1 1 1 1 1 1 1 1 1 1 1 1 1 1 1 1 1 1 1 1 1 1 1 1 1 1 1 1 1 1 1 1 1 1 1 1 1 1 1 1 1 1 1 1 1 12 12 12 12 12 12 12 12 12 12 12 12 12 12 12 12 12 12 12 12 12 12 12 12 12 12 12 12 12 12 12 12 12 12 12 12 12 12 12 12 12 12 12 12 12 12 12 12 12 12 12 12 12 12 12 12 12 12 12 12 12 12 12 12 12 12 12 12 12 12 12 12 12 12 12 12 12 12 12 12 12 12 12 12 12 12 12 12 12 12 12 12 12 12 12 12 12 12 12 12 12 12 12 12 12 12 12 12 9 9 9 9 9 9 9 9 9 9 9 9 9 9 9 9 9 9 9 9 9 10 10 10 10 10 10 10 10 10 10 10 10 10 10 10 10 10 10 10 10 10 10 10 10 10 10 10 10 10 10 10 10 10 10 10 10 10 10 10 10 10 10 10 10 10 10 10 10 10 10 10 10 10 10 10 10 10 10 10 10 10 10 10 10 10 10 10 10 10 10 10 10 10 10 10 10 10 10 10 10 10 10 10 10 10 10 10 10 10 10 10 10 10 10 10 10 10 10 10 10 11 1
staticfield java/net/URL serialPersistentFields [Ljava/io/ObjectStreamField; 7 [Ljava/io/ObjectStreamField;
ciInstanceKlass java/util/jar/Manifest 1 1 230 8 8 8 8 8 8 1 1 1 1 1 1 1 1 1 1 1 1 1 1 1 1 1 1 1 1 1 1 1 1 1 1 1 1 1 1 1 1 1 1 1 1 1 1 1 1 1 1 1 1 1 1 1 1 1 1 1 1 1 1 1 1 1 1 1 1 1 1 1 1 1 1 1 1 1 1 1 1 1 1 1 1 1 1 1 1 1 1 1 1 1 100 100 100 100 100 100 7 7 7 100 7 7 100 7 100 100 7 7 7 1 1 1 1 1 1 1 1 1 1 1 1 1 1 1 1 1 1 1 1 1 1 12 12 12 12 12 12 12 12 12 12 12 12 12 12 12 12 12 12 12 12 12 12 12 12 12 12 12 12 12 12 12 12 12 12 12 12 12 12 12 12 12 12 12 12 9 9 10 10 10 10 10 10 10 10 10 10 10 10 10 10 10 10 10 10 10 10 10 10 10 10 10 10 10 10 10 10 10 10 10 10 10 10 10 11 11 11 11 11 11 11 11 11 11 11 11 1 1
ciInstanceKlass sun/misc/Launcher 1 1 218 8 8 8 8 8 8 8 8 1 1 1 1 1 1 1 1 1 1 1 1 1 1 1 1 1 1 1 1 1 1 1 1 1 1 1 1 1 1 1 1 1 1 1 1 1 1 1 1 1 1 1 1 1 1 1 1 1 1 1 1 1 1 1 1 1 1 1 1 1 1 1 1 1 1 1 1 1 1 1 1 1 1 1 1 1 1 1 1 1 1 1 1 1 1 1 1 100 100 7 100 100 100 100 100 100 100 100 7 100 7 100 7 7 100 7 7 100 7 7 7 7 7 1 1 1 1 1 1 1 1 1 1 1 1 1 1 1 1 1 1 1 1 1 1 1 12 12 12 12 12 12 12 12 12 12 12 12 12 12 12 12 12 12 12 12 12 12 12 12 12 12 12 12 12 12 12 12 9 9 9 9 9 9 10 10 10 10 10 10 10 10 10 10 10 10 10 10 10 10 10 10 10 10 10 10 10 10 10 10 10 10 10 10 1 1 1 1
ciInstanceKlass sun/misc/Launcher$AppClassLoader 1 1 201 8 8 7 1 1 1 1 1 1 1 1 1 1 1 1 1 1 1 1 1 1 1 1 1 1 1 1 1 1 1 1 1 1 1 1 1 1 1 1 1 1 1 1 1 1 1 1 1 1 1 1 1 1 1 1 1 1 1 1 1 1 1 1 1 1 1 1 1 1 1 1 1 1 1 1 1 1 1 1 1 100 100 100 100 100 7 7 100 7 100 7 7 100 100 7 100 7 100 7 100 7 7 7 100 7 7 1 1 1 1 1 1 1 1 1 1 1 1 1 1 1 1 1 1 1 1 1 1 1 1 1 12 12 12 12 12 12 12 12 12 12 12 12 12 12 12 12 12 12 12 12 12 12 12 12 12 12 12 12 12 12 12 12 12 9 9 10 10 10 10 10 10 10 10 10 10 10 10 10 10 10 10 10 10 10 10 10 10 10 10 10 10 10 10 10 10 10 10 11 1
staticfield sun/misc/Launcher$AppClassLoader $assertionsDisabled Z 1
ciInstanceKlass sun/misc/Launcher$ExtClassLoader 1 1 209 8 8 8 1 1 1 1 1 1 1 1 1 1 1 1 1 1 1 1 1 1 1 1 1 1 1 1 1 1 1 1 1 1 1 1 1 1 1 1 1 1 1 1 1 1 1 1 1 1 1 1 1 1 1 1 1 1 1 1 1 1 1 1 1 1 1 1 1 1 1 1 1 1 1 1 1 1 1 1 1 1 1 100 100 100 100 7 100 7 7 7 7 7 100 7 100 100 100 7 7 7 7 7 7 100 7 7 100 1 1 1 1 1 1 1 1 1 1 1 1 1 1 1 1 1 1 1 1 1 1 1 12 12 12 12 12 12 12 12 12 12 12 12 12 12 12 12 12 12 12 12 12 12 12 12 12 12 12 12 12 12 12 12 12 12 12 12 12 9 10 10 10 10 10 10 10 10 10 10 10 10 10 10 10 10 10 10 10 10 10 10 10 10 10 10 10 10 10 10 10 10 10 10 10 10 10 11 1
ciInstanceKlass java/security/CodeSource 1 1 322 8 8 8 8 8 8 8 8 8 8 8 8 8 8 1 1 1 1 1 1 1 1 1 1 1 1 1 1 1 1 1 1 1 1 1 1 1 1 1 1 1 1 1 1 1 1 1 1 1 1 1 1 1 1 1 1 1 1 1 1 1 1 1 1 1 1 1 1 1 1 1 1 1 1 1 1 1 1 1 1 1 1 1 1 1 1 1 1 1 1 1 1 1 1 1 1 1 1 1 1 1 1 1 1 1 1 1 1 1 1 1 1 1 1 1 1 1 1 1 1 1 1 1 1 1 1 1 1 1 1 1 1 1 1 1 1 5 0 100 100 100 100 100 100 100 100 100 7 100 100 100 100 7 100 7 100 100 100 100 100 100 100 100 100 1 1 1 1 1 1 1 1 1 1 1 1 1 1 1 1 1 1 1 1 1 1 1 1 12 12 12 12 12 12 12 12 12 12 12 12 12 12 12 12 12 12 12 12 12 12 12 12 12 12 12 12 12 12 12 12 12 12 12 12 12 12 12 12 12 12 12 12 12 12 12 12 12 12 12 12 12 12 12 12 12 12 12 12 12 9 9 9 9 9 10 10 10 10 10 10 10 10 10 10 10 10 10 10 10 10 10 10 10 10 10 10 10 10 10 10 10 10 10 10 10 10 10 10 10 10 10 10 10 10 10 10 10 10 10 10 10 10 10 10 10 10 10 10 10 10 10 10 10 10 10 10 11 11 11 11 1
ciInstanceKlass java/lang/StackTraceElement 0 0 98 8 8 8 8 8 8 8 8 1 1 1 1 1 1 1 1 1 1 1 1 1 1 1 1 1 1 1 1 1 1 1 1 1 1 1 1 1 1 1 1 1 1 1 1 1 1 1 1 1 1 1 5 0 100 100 100 100 100 100 1 1 1 1 1 1 12 12 12 12 12 12 12 12 12 12 12 12 12 12 12 9 9 9 9 10 10 10 10 10 10 10 10 10 10 10 10 1
instanceKlass java/nio/LongBuffer
instanceKlass java/nio/CharBuffer
instanceKlass java/nio/ByteBuffer
ciInstanceKlass java/nio/Buffer 1 1 103 8 8 8 8 1 1 1 1 1 1 1 1 1 1 1 1 1 1 1 1 1 1 1 1 1 1 1 1 1 1 1 1 1 1 1 1 1 1 1 1 1 1 1 1 1 1 1 1 1 1 1 1 1 1 1 1 1 1 1 1 3 100 100 7 100 7 100 100 100 1 1 1 1 12 12 12 12 12 12 12 12 12 12 12 9 9 9 9 10 10 10 10 10 10 10 10 10 10 10 10 10 1
ciInstanceKlass java/lang/Boolean 1 1 110 8 8 8 1 1 1 1 1 1 1 1 1 1 1 1 1 1 1 1 1 1 1 1 1 1 1 1 1 1 1 1 1 1 1 1 1 1 1 1 1 1 1 1 1 1 1 1 1 1 1 1 1 1 1 1 1 1 1 1 1 5 0 100 7 7 100 100 100 7 100 7 7 1 1 1 1 1 1 1 1 12 12 12 12 12 12 12 12 12 12 12 12 12 12 9 9 9 9 10 10 10 10 10 10 10 10 10 10 1
staticfield java/lang/Boolean TRUE Ljava/lang/Boolean; java/lang/Boolean
staticfield java/lang/Boolean FALSE Ljava/lang/Boolean; java/lang/Boolean
staticfield java/lang/Boolean TYPE Ljava/lang/Class; java/lang/Class
ciInstanceKlass java/lang/Character 1 1 459 3 3 3 3 3 3 3 3 8 8 7 1 1 1 1 1 1 1 1 1 1 1 1 1 1 1 1 1 1 1 1 1 1 1 1 1 1 1 1 1 1 1 1 1 1 1 1 1 1 1 1 1 1 1 1 1 1 1 1 1 1 1 1 1 1 1 1 1 1 1 1 1 1 1 1 1 1 1 1 1 1 1 1 1 1 1 1 1 1 1 1 1 1 1 1 1 1 1 1 1 1 1 1 1 1 1 1 1 1 1 1 1 1 1 1 1 1 1 1 1 1 1 1 1 1 1 1 1 1 1 1 1 1 1 1 1 1 1 1 1 1 1 1 1 1 1 1 1 1 1 1 1 1 1 1 1 1 1 1 1 1 1 1 1 1 1 1 1 1 1 1 1 1 1 1 1 1 1 1 1 1 1 1 1 1 1 1 1 1 1 1 1 1 1 1 1 1 1 1 1 1 1 1 1 1 1 1 1 1 1 1 1 1 1 1 1 1 1 1 1 1 1 1 1 3 3 3 3 3 3 3 3 3 3 3 3 3 3 3 3 3 3 3 3 3 3 3 3 3 3 3 3 3 3 3 3 3 3 3 3 3 5 0 5 0 100 100 7 100 100 100 100 7 100 7 100 100 100 100 100 100 100 100 1 1 1 1 1 1 1 1 1 1 1 1 1 1 1 12 12 12 12 12 12 12 12 12 12 12 12 12 12 12 12 12 12 12 12 12 12 12 12 12 12 12 12 12 12 12 12 12 12 12 12 12 12 12 12 12 12 12 12 12 12 12 12 12 12 12 12 12 12 12 12 12 12 12 12 12 12 12 12 12 12 12 12 9 9 9 9 9 10 10 10 10 10 10 10 10 10 10 10 10 10 10 10 10 10 10 10 10 10 10 10 10 10 10 10 10 10 10 10 10 10 10 10 10 10 10 10 10 10 10 10 10 10 10 10 10 10 10 10 10 10 10 10 10 10 10 10 10 10 10 10 10 10 10 10 10 10 10 10 10 10 10 10 10 10 10 10 10 11 11 1 1 1 1 1
staticfield java/lang/Character TYPE Ljava/lang/Class; java/lang/Class
staticfield java/lang/Character $assertionsDisabled Z 1
instanceKlass java/util/concurrent/atomic/AtomicLong
instanceKlass java/util/concurrent/atomic/AtomicInteger
instanceKlass java/lang/Long
instanceKlass java/lang/Integer
instanceKlass java/lang/Short
instanceKlass java/lang/Byte
instanceKlass java/lang/Double
instanceKlass java/lang/Float
ciInstanceKlass java/lang/Number 1 1 34 1 1 1 1 1 1 1 1 1 1 1 1 1 1 1 1 1 1 1 1 1 1 1 5 0 100 100 7 12 12 10 10 1
ciInstanceKlass java/lang/Float 1 1 169 3 3 3 4 4 4 4 8 8 8 1 1 1 1 1 1 1 1 1 1 1 1 1 1 1 1 1 1 1 1 1 1 1 1 1 1 1 1 1 1 1 1 1 1 1 1 1 1 1 1 1 1 1 1 1 1 1 1 1 1 1 1 1 1 1 1 1 1 1 1 1 1 1 1 1 1 1 1 1 1 1 1 1 1 1 1 1 1 1 1 1 1 1 1 1 1 1 1 3 3 3 3 4 4 5 0 7 100 100 7 100 7 100 100 7 1 1 1 1 1 1 1 1 1 12 12 12 12 12 12 12 12 12 12 12 12 12 12 12 12 12 12 12 12 12 9 9 10 10 10 10 10 10 10 10 10 10 10 10 10 10 10 10 10 10 10 10 1
staticfield java/lang/Float TYPE Ljava/lang/Class; java/lang/Class
ciInstanceKlass java/lang/Double 1 1 223 8 8 8 8 8 8 8 8 8 8 1 1 1 1 1 1 1 1 1 1 1 1 1 1 1 1 1 1 1 1 1 1 1 1 1 1 1 1 1 1 1 1 1 1 1 1 1 1 1 1 1 1 1 1 1 1 1 1 1 1 1 1 1 1 1 1 1 1 1 1 1 1 1 1 1 1 1 1 1 1 1 1 1 1 1 1 1 1 1 1 1 1 1 1 1 1 1 1 1 1 1 1 1 1 1 1 1 1 1 1 1 3 3 3 3 5 0 5 0 5 0 5 0 5 0 6 0 6 0 6 0 6 0 6 0 6 0 6 0 7 100 7 100 100 100 100 100 100 100 1 1 1 1 1 1 1 1 1 1 1 12 12 12 12 12 12 12 12 12 12 12 12 12 12 12 12 12 12 12 12 12 12 12 12 12 12 12 12 12 12 9 9 10 10 10 10 10 10 10 10 10 10 10 10 10 10 10 10 10 10 10 10 10 10 10 10 10 10 10 10 10 1
staticfield java/lang/Double TYPE Ljava/lang/Class; java/lang/Class
ciInstanceKlass java/lang/Byte 1 1 153 8 8 8 8 8 1 1 1 1 1 1 1 1 1 1 1 1 1 1 1 1 1 1 1 1 1 1 1 1 1 1 1 1 1 1 1 1 1 1 1 1 1 1 1 1 1 1 1 1 1 1 1 1 1 1 1 1 1 1 1 1 1 1 1 1 1 1 1 1 1 1 1 1 1 1 1 1 3 3 3 3 5 0 5 0 7 100 7 100 100 100 100 100 1 1 1 1 1 1 1 1 1 1 1 1 1 1 12 12 12 12 12 12 12 12 12 12 12 12 12 12 12 12 12 12 12 12 12 9 9 9 10 10 10 10 10 10 10 10 10 10 10 10 10 10 10 10 10 10 10 1 1
staticfield java/lang/Byte TYPE Ljava/lang/Class; java/lang/Class
ciInstanceKlass java/lang/Short 1 1 159 3 3 8 8 8 8 8 1 1 1 1 1 1 1 1 1 1 1 1 1 1 1 1 1 1 1 1 1 1 1 1 1 1 1 1 1 1 1 1 1 1 1 1 1 1 1 1 1 1 1 1 1 1 1 1 1 1 1 1 1 1 1 1 1 1 1 1 1 1 1 1 1 1 1 1 1 1 1 1 1 1 3 3 3 3 5 0 5 0 7 100 100 7 100 7 100 100 1 1 1 1 1 1 1 1 1 1 1 1 1 1 12 12 12 12 12 12 12 12 12 12 12 12 12 12 12 12 12 12 12 12 12 12 9 9 9 10 10 10 10 10 10 10 10 10 10 10 10 10 10 10 10 10 10 10 10 1 1
staticfield java/lang/Short TYPE Ljava/lang/Class; java/lang/Class
ciInstanceKlass java/lang/Integer 1 1 309 3 3 3 3 3 3 3 3 3 3 3 3 3 3 3 8 8 8 8 8 8 8 8 8 8 8 8 8 8 8 8 1 1 1 1 1 1 1 1 1 1 1 1 1 1 1 1 1 1 1 1 1 1 1 1 1 1 1 1 1 1 1 1 1 1 1 1 1 1 1 1 1 1 1 1 1 1 1 1 1 1 1 1 1 1 1 1 1 1 1 1 1 1 1 1 1 1 1 1 1 1 1 1 1 1 1 1 1 1 1 1 1 1 1 1 1 1 1 1 1 1 1 1 1 1 1 1 1 1 1 1 1 1 1 1 1 1 1 1 1 1 1 1 1 1 1 1 1 1 1 1 1 1 1 1 1 1 1 1 1 1 1 1 1 1 1 1 1 1 3 3 5 0 5 0 5 0 100 7 7 100 100 7 7 100 100 100 7 100 100 100 7 100 7 1 1 1 1 1 1 1 1 1 1 1 1 1 1 1 1 1 12 12 12 12 12 12 12 12 12 12 12 12 12 12 12 12 12 12 12 12 12 12 12 12 12 12 12 12 12 12 12 12 12 12 12 12 12 12 12 12 12 12 12 12 12 12 12 9 9 9 9 9 9 9 9 10 10 10 10 10 10 10 10 10 10 10 10 10 10 10 10 10 10 10 10 10 10 10 10 10 10 10 10 10 10 10 10 10 10 10 10 10 10 10 10 1 1
staticfield java/lang/Integer TYPE Ljava/lang/Class; java/lang/Class
staticfield java/lang/Integer digits [C 36
staticfield java/lang/Integer DigitTens [C 100
staticfield java/lang/Integer DigitOnes [C 100
staticfield java/lang/Integer sizeTable [I 10
ciInstanceKlass java/lang/Long 1 1 356 3 3 8 8 8 8 8 8 8 8 8 8 8 8 8 8 8 8 8 1 1 1 1 1 1 1 1 1 1 1 1 1 1 1 1 1 1 1 1 1 1 1 1 1 1 1 1 1 1 1 1 1 1 1 1 1 1 1 1 1 1 1 1 1 1 1 1 1 1 1 1 1 1 1 1 1 1 1 1 1 1 1 1 1 1 1 1 1 1 1 1 1 1 1 1 1 1 1 1 1 1 1 1 1 1 1 1 1 1 1 1 1 1 1 1 1 1 1 1 1 1 1 1 1 1 1 1 1 1 1 1 1 1 1 1 1 1 1 1 1 1 1 1 1 1 1 1 1 1 1 1 1 1 1 1 1 1 1 1 1 1 1 1 3 3 5 0 5 0 5 0 5 0 5 0 5 0 5 0 5 0 5 0 5 0 5 0 5 0 5 0 5 0 5 0 100 100 7 100 100 7 7 7 7 100 7 100 100 100 7 100 100 100 1 1 1 1 1 1 1 1 1 1 1 1 1 1 1 1 1 1 1 1 1 1 12 12 12 12 12 12 12 12 12 12 12 12 12 12 12 12 12 12 12 12 12 12 12 12 12 12 12 12 12 12 12 12 12 12 12 12 12 12 12 12 12 12 12 12 12 12 12 12 12 12 12 12 12 12 12 12 12 12 9 9 9 9 9 9 10 10 10 10 10 10 10 10 10 10 10 10 10 10 10 10 10 10 10 10 10 10 10 10 10 10 10 10 10 10 10 10 10 10 10 10 10 10 10 10 10 10 10 10 10 10 10 10 10 10 10 10 10 10 1 1
staticfield java/lang/Long TYPE Ljava/lang/Class; java/lang/Class
ciInstanceKlass java/lang/NullPointerException 1 1 21 1 1 1 1 1 1 1 1 1 1 1 5 0 100 100 12 12 10 10 1
ciInstanceKlass java/lang/ArithmeticException 1 1 21 1 1 1 1 1 1 1 1 1 1 1 5 0 100 100 12 12 10 10 1
ciInstanceKlass java/util/Collection 1 1 87 1 1 1 1 1 1 1 1 1 1 1 1 1 1 1 1 1 1 1 1 1 1 1 1 1 1 1 1 1 1 1 1 1 1 1 1 1 1 1 1 1 1 100 100 100 100 100 100 100 100 1 1 1 1 1 1 1 1 1 1 1 1 1 1 1 1 1 12 12 12 12 12 12 12 12 12 10 10 10 11 11 11 11 11 11 1
ciInstanceKlass java/util/List 1 1 112 1 1 1 1 1 1 1 1 1 1 1 1 1 1 1 1 1 1 1 1 1 1 1 1 1 1 1 1 1 1 1 1 1 1 1 1 1 1 1 1 1 1 1 1 1 1 1 1 1 1 1 1 100 100 100 100 100 100 100 100 100 100 1 1 1 1 1 1 1 1 1 1 1 1 1 1 1 1 1 1 1 1 1 1 1 1 1 1 1 1 1 1 12 12 12 12 12 12 12 12 12 10 10 10 11 11 11 11 11 11 1
instanceKlass java/util/LinkedHashMap$LinkedValues
instanceKlass java/util/HashMap$Values
instanceKlass java/util/AbstractQueue
instanceKlass com/sun/tools/javac/util/List
instanceKlass java/util/ArrayDeque
instanceKlass java/util/AbstractSet
instanceKlass java/util/AbstractList
ciInstanceKlass java/util/AbstractCollection 1 1 143 3 3 8 8 8 1 1 1 1 1 1 1 1 1 1 1 1 1 1 1 1 1 1 1 1 1 1 1 1 1 1 1 1 1 1 1 1 1 1 1 1 1 1 1 1 1 1 1 1 1 1 1 1 1 1 1 1 1 1 1 1 1 1 1 1 7 7 7 100 100 100 100 7 7 100 7 7 7 1 1 1 1 1 1 1 1 1 1 1 1 1 1 1 1 1 12 12 12 12 12 12 12 12 12 12 12 12 12 12 12 12 12 12 12 12 12 10 10 10 10 10 10 10 10 10 10 10 10 10 10 10 10 10 10 10 10 11 11 11 11 11 1
instanceKlass java/util/AbstractSequentialList
instanceKlass java/util/Arrays$ArrayList
instanceKlass java/util/ArrayList$SubList
instanceKlass java/util/Collections$EmptyList
instanceKlass java/util/ArrayList
instanceKlass java/util/Vector
ciInstanceKlass java/util/AbstractList 1 1 167 8 8 1 1 1 1 1 1 1 1 1 1 1 1 1 1 1 1 1 1 1 1 1 1 1 1 1 1 1 1 1 1 1 1 1 1 1 1 1 1 1 1 1 1 1 1 1 1 1 1 1 1 1 1 1 1 1 1 1 1 1 1 1 1 1 1 1 1 1 100 100 100 100 7 7 100 7 100 100 100 100 100 100 100 100 1 1 1 1 1 1 1 1 1 1 1 1 1 1 1 1 1 1 1 1 12 12 12 12 12 12 12 12 12 12 12 12 12 12 12 12 12 12 12 12 12 12 12 12 12 12 9 10 10 10 10 10 10 10 10 10 10 10 10 10 10 10 10 10 10 10 10 10 11 11 11 11 11 11 11 11 11 11 11 1 1
ciInstanceKlass sun/reflect/ReflectionFactory 1 1 273 8 8 7 7 1 1 1 1 1 1 1 1 1 1 1 1 1 1 1 1 1 1 1 1 1 1 1 1 1 1 1 1 1 1 1 1 1 1 1 1 1 1 1 1 1 1 1 1 1 1 1 1 1 1 1 1 1 1 1 1 1 1 1 1 1 1 1 1 1 1 1 1 1 1 1 1 1 1 1 1 1 1 1 1 1 1 1 1 1 1 1 1 1 1 1 7 7 100 7 7 100 7 7 100 7 7 100 7 100 7 7 7 7 7 100 7 100 1 1 1 1 1 1 1 1 1 1 1 1 1 1 1 1 1 1 1 1 1 1 1 1 1 1 1 1 1 1 1 1 1 1 1 1 1 1 1 1 1 1 1 1 1 12 12 12 12 12 12 12 12 12 12 12 12 12 12 12 12 12 12 12 12 12 12 12 12 12 12 12 12 12 12 12 12 12 12 12 12 12 12 12 12 12 12 12 12 12 12 12 12 9 9 9 9 9 9 10 10 10 10 10 10 10 10 10 10 10 10 10 10 10 10 10 10 10 10 10 10 10 10 10 10 10 10 10 10 10 10 10 10 10 10 10 10 10 11 11 11 11 11 11 11 11 11 11 11 11 11 11 11 1 1
staticfield sun/reflect/ReflectionFactory reflectionFactoryAccessPerm Ljava/security/Permission; java/lang/RuntimePermission
staticfield sun/reflect/ReflectionFactory soleInstance Lsun/reflect/ReflectionFactory; sun/reflect/ReflectionFactory
ciInstanceKlass java/util/ArrayList 1 1 342 3 3 8 8 8 8 8 8 8 8 7 1 1 1 1 1 1 1 1 1 1 1 1 1 1 1 1 1 1 1 1 1 1 1 1 1 1 1 1 1 1 1 1 1 1 1 1 1 1 1 1 1 1 1 1 1 1 1 1 1 1 1 1 1 1 1 1 1 1 1 1 1 1 1 1 1 1 1 1 1 1 1 1 1 1 1 1 1 1 1 1 1 1 1 1 1 1 1 1 1 1 1 1 1 1 1 1 1 1 1 1 1 1 1 1 1 1 1 1 1 1 1 1 1 1 1 1 1 1 1 1 1 1 1 1 1 1 1 1 1 1 1 1 1 1 1 1 1 3 5 0 100 100 100 100 100 100 100 100 100 100 7 7 100 100 7 100 7 7 100 100 7 100 7 7 100 7 100 100 100 100 100 100 100 1 1 1 1 1 1 1 1 1 1 1 1 1 1 1 1 1 1 1 1 1 1 1 1 1 1 1 1 1 1 1 1 1 1 1 1 1 1 1 1 1 1 1 1 1 1 1 1 12 12 12 12 12 12 12 12 12 12 12 12 12 12 12 12 12 12 12 12 12 12 12 12 12 12 12 12 12 12 12 12 12 12 12 12 12 12 12 12 12 12 12 12 12 12 12 12 12 12 9 9 9 9 9 10 10 10 10 10 10 10 10 10 10 10 10 10 10 10 10 10 10 10 10 10 10 10 10 10 10 10 10 10 10 10 10 10 10 10 10 10 10 10 10 10 10 10 10 11 11 11 11 11 1 1 1 1 1
staticfield java/util/ArrayList EMPTY_ELEMENTDATA [Ljava/lang/Object; 0 [Ljava/lang/Object;
staticfield java/util/ArrayList DEFAULTCAPACITY_EMPTY_ELEMENTDATA [Ljava/lang/Object; 0 [Ljava/lang/Object;
instanceKlass java/util/IdentityHashMap
instanceKlass java/util/EnumMap
instanceKlass java/util/TreeMap
instanceKlass java/util/concurrent/ConcurrentHashMap
instanceKlass sun/util/PreHashedMap
instanceKlass java/util/WeakHashMap
instanceKlass java/util/HashMap
instanceKlass java/util/Collections$EmptyMap
ciInstanceKlass java/util/AbstractMap 1 1 152 8 8 1 1 1 1 1 1 1 1 1 1 1 1 1 1 1 1 1 1 1 1 1 1 1 1 1 1 1 1 1 1 1 1 1 1 1 1 1 1 1 1 1 1 1 1 1 1 1 1 1 1 1 1 1 1 1 1 1 1 1 100 100 100 7 100 100 7 100 100 100 100 100 7 7 7 7 1 1 1 1 1 1 1 1 1 1 1 1 1 1 1 1 1 1 1 12 12 12 12 12 12 12 12 12 12 12 12 12 12 12 12 12 12 12 12 12 12 12 9 9 10 10 10 10 10 10 10 10 10 10 10 10 10 10 11 11 11 11 11 11 11 11 11 11 11 11 11 1 1 1
ciInstanceKlass sun/reflect/Reflection 1 1 233 8 8 8 8 8 8 8 8 8 8 7 7 100 7 1 1 1 1 1 1 1 1 1 1 1 1 1 1 1 1 1 1 1 1 1 1 1 1 1 1 1 1 1 1 1 1 1 1 1 1 1 1 1 1 1 1 1 1 1 1 1 1 1 1 1 1 1 1 1 1 1 1 1 1 1 1 1 1 1 1 1 1 1 1 1 1 1 1 1 1 1 1 1 1 1 1 1 1 1 100 7 100 7 100 100 100 100 100 7 100 100 100 100 7 7 7 100 1 1 1 1 1 1 1 1 1 1 1 1 1 1 1 1 1 1 1 1 1 1 1 1 1 1 1 1 1 1 1 1 1 1 1 1 1 1 12 12 12 12 12 12 12 12 12 12 12 12 12 12 12 12 12 12 12 12 12 12 12 12 12 12 12 12 12 12 12 12 12 12 12 9 9 10 10 10 10 10 10 10 10 10 10 10 10 10 10 10 10 10 10 10 10 10 10 10 10 10 10 10 10 10 10 10 10 10 10 10 10 11 11 11 1
ciInstanceKlass java/lang/Math 1 1 281 3 3 3 3 3 3 4 4 4 4 4 8 8 7 1 1 1 1 1 1 1 1 1 1 1 1 1 1 1 1 1 1 1 1 1 1 1 1 1 1 1 1 1 1 1 1 1 1 1 1 1 1 1 1 1 1 1 1 1 1 1 1 1 1 1 1 1 1 1 1 1 1 1 1 1 1 1 1 1 1 1 1 1 1 1 1 1 1 1 1 1 1 1 1 1 1 1 1 1 1 1 1 1 1 1 1 1 1 1 1 1 1 1 1 1 1 1 1 1 1 1 1 1 1 1 5 0 5 0 5 0 5 0 5 0 5 0 5 0 5 0 5 0 5 0 6 0 6 0 6 0 6 0 6 0 6 0 6 0 6 0 6 0 100 100 7 7 7 100 100 100 100 1 12 12 12 12 12 12 12 12 12 12 12 12 12 12 12 12 12 12 12 12 12 12 12 12 12 12 12 12 12 12 12 12 12 12 12 12 12 12 12 12 12 12 12 12 12 12 12 12 12 12 12 12 9 9 9 9 9 9 10 10 10 10 10 10 10 10 10 10 10 10 10 10 10 10 10 10 10 10 10 10 10 10 10 10 10 10 10 10 10 10 10 10 10 10 10 10 10 10 10 10 10 10 10 10 10 1 1
staticfield java/lang/Math $assertionsDisabled Z 1
ciInstanceKlass java/util/Iterator 1 1 45 8 1 1 1 1 1 1 1 1 1 1 1 1 1 1 1 1 1 1 1 1 1 1 1 100 100 100 100 100 1 1 1 1 12 12 12 12 12 10 10 11 11 11 1
ciInstanceKlass java/lang/reflect/Modifier 1 1 152 3 8 8 8 8 8 8 8 8 8 8 8 8 8 1 1 1 1 1 1 1 1 1 1 1 1 1 1 1 1 1 1 1 1 1 1 1 1 1 1 1 1 1 1 1 1 1 1 1 1 1 1 1 1 1 1 1 1 1 1 1 1 1 1 1 1 1 1 1 1 1 1 1 1 1 1 1 1 1 1 1 1 1 1 1 1 1 1 1 1 1 1 1 1 1 1 1 1 1 1 1 3 3 3 3 3 3 3 3 3 3 3 3 3 3 3 3 3 3 3 3 100 100 100 100 7 7 7 7 1 1 1 12 12 12 12 12 12 12 10 10 10 10 10 10 10 10 10 10 1 1
ciInstanceKlass sun/reflect/misc/ReflectUtil 1 1 230 8 8 8 8 8 8 8 8 8 8 100 1 1 1 1 1 1 1 1 1 1 1 1 1 1 1 1 1 1 1 1 1 1 1 1 1 1 1 1 1 1 1 1 1 1 1 1 1 1 1 1 1 1 1 1 1 1 1 1 1 1 1 1 1 1 1 1 1 1 1 1 1 1 1 1 1 1 1 1 1 1 1 1 1 1 1 1 1 1 1 1 1 1 1 1 1 1 1 1 1 100 7 100 100 100 100 100 100 100 7 100 100 100 100 7 100 7 100 100 1 1 1 1 1 1 1 1 1 1 1 1 1 1 1 1 1 1 1 1 1 1 1 1 1 12 12 12 12 12 12 12 12 12 12 12 12 12 12 12 12 12 12 12 12 12 12 12 12 12 12 12 12 12 12 12 12 12 12 12 12 12 12 12 9 10 10 10 10 10 10 10 10 10 10 10 10 10 10 10 10 10 10 10 10 10 10 10 10 10 10 10 10 10 10 10 10 10 10 10 10 10 10 10 10 10 10 11 11 1
ciInstanceKlass java/util/Arrays 1 1 800 3 8 8 8 8 8 8 8 8 100 100 100 100 100 100 7 100 100 7 1 1 1 1 1 1 1 1 1 1 1 1 1 1 1 1 1 1 1 1 1 1 1 1 1 1 1 1 1 1 1 1 1 1 1 1 1 1 1 1 1 1 1 1 1 1 1 1 1 1 1 1 1 1 1 1 1 1 1 1 1 1 1 1 1 1 1 1 1 1 1 1 1 1 1 1 1 1 1 1 1 1 1 1 1 1 1 1 1 1 1 1 1 1 1 1 1 1 1 1 1 1 1 1 1 1 1 1 1 1 1 1 1 1 1 1 1 1 1 1 1 1 1 1 1 1 1 1 1 1 1 1 1 1 1 1 1 1 1 1 1 1 1 1 1 1 1 1 1 1 1 1 1 1 1 1 1 1 1 1 1 1 1 1 1 1 1 1 1 1 1 1 1 1 1 1 1 1 1 1 1 1 1 1 1 1 1 1 1 1 1 1 1 1 1 1 1 1 1 1 1 1 1 1 1 1 1 1 1 1 1 1 1 1 1 1 1 1 1 1 1 1 1 1 1 1 1 1 1 1 1 1 1 1 1 1 1 1 1 1 1 1 1 1 1 1 1 1 1 1 1 1 1 1 1 1 3 3 100 100 100 7 7 100 100 100 7 7 100 100 7 100 100 100 7 100 100 100 100 100 7 7 100 100 100 100 100 100 100 100 100 100 100 100 100 100 100 100 100 100 7 100 100 100 100 100 100 100 100 100 100 100 100 100 100 100 100 100 100 1 1 1 1 1 1 1 1 1 1 1 1 1 1 1 1 1 1 1 1 1 1 1 1 1 1 1 1 1 1 1 1 1 1 1 1 1 1 1 1 1 1 1 1 1 1 1 1 1 1 1 1 1 1 1 1 1 1 1 1 1 1 1 1 1 1 1 1 1 1 1 1 1 1 1 1 1 1 1 1 1 1 1 1 1 1 1 1 1 1 1 1 1 1 1 1 1 1 1 1 1 1 1 1 1 1 1 1 1 1 1 1 1 1 1 1 1 1 1 1 1 1 1 1 1 1 1 1 1 1 1 1 12 12 12 12 12 12 12 12 12 12 12 12 12 12 12 12 12 12 12 12 12 12 12 12 12 12 12 12 12 12 12 12 12 12 12 12 12 12 12 12 12 12 12 12 12 12 12 12 12 12 12 12 12 12 12 12 12 12 12 12 12 12 12 12 12 12 12 12 12 12 12 12 12 12 12 12 12 12 12 12 12 12 12 12 12 12 12 12 12 12 12 12 12 12 12 12 12 12 12 12 12 12 12 12 12 12 12 12 12 12 12 12 12 12 12 12 12 12 12 12 12 12 12 12 12 12 12 12 12 12 12 12 12 12 12 12 12 12 12 12 12 12 12 9 9 10 10 10 10 10 10 10 10 10 10 10 10 10 10 10 10 10 10 10 10 10 10 10 10 10 10 10 10 10 10 10 10 10 10 10 10 10 10 10 10 10 10 10 10 10 10 10 10 10 10 10 10 10 10 10 10 10 10 10 10 10 10 10 10 10 10 10 10 10 10 10 10 10 10 10 10 10 10 10 10 10 10 10 10 10 10 10 10 10 10 10 10 10 10 10 10 10 10 10 10 10 10 10 10 10 10 10 10 10 10 10 10 10 10 10 10 10 10 10 10 10 10 10 10 10 10 10 10 10 10 10 10 10 10 10 10 10 10 10 10 10 11 11 11 11 11 11 11 11 11 11 11 11 15 15 15 15 15 16 18 18 18 18 1 1 1 1 1 1 1 1 1 1 1 1 1 1 1 1 1 1 1 1 1
staticfield java/util/Arrays $assertionsDisabled Z 1
ciInstanceKlass java/lang/Class$1 1 1 43 1 1 1 1 1 1 1 1 1 1 1 1 1 1 1 1 1 1 1 1 1 100 7 7 7 100 1 1 1 1 12 12 12 12 12 12 9 9 10 10 10 1
instanceKlass com/sun/tools/javac/tree/JCTree$JCPolyExpression$PolyKind
instanceKlass lombok/core/AST$Kind
instanceKlass java/util/concurrent/TimeUnit
instanceKlass java/lang/annotation/RetentionPolicy
instanceKlass lombok/core/configuration/NullCheckExceptionType
instanceKlass lombok/core/configuration/CallSuperType
instanceKlass lombok/core/configuration/FlagUsageType
instanceKlass javax/tools/Diagnostic$Kind
instanceKlass com/sun/tools/javac/code/TypeAnnotationPosition$TypePathEntryKind
instanceKlass com/sun/tools/javac/code/TypeAnnotations$AnnotationType
instanceKlass com/sun/source/tree/Tree$Kind
instanceKlass javax/lang/model/element/ElementKind
instanceKlass com/sun/tools/javac/comp/Resolve$InterfaceLookupPhase
instanceKlass com/sun/tools/javac/util/MandatoryWarningHandler$DeferredDiagnosticKind
instanceKlass com/sun/tools/javac/code/Kinds$KindName
instanceKlass com/sun/tools/javac/code/BoundKind
instanceKlass com/sun/tools/javac/util/JCDiagnostic$DiagnosticType
instanceKlass com/sun/source/tree/MemberReferenceTree$ReferenceMode
instanceKlass javax/lang/model/SourceVersion
instanceKlass com/sun/tools/javac/code/TargetType
instanceKlass com/sun/tools/javac/parser/JavacParser$ParensResult
instanceKlass com/sun/tools/javac/parser/Tokens$Comment$CommentStyle
instanceKlass javax/lang/model/type/TypeKind
instanceKlass com/sun/tools/javac/util/RichDiagnosticFormatter$RichConfiguration$RichFormatterFeature
instanceKlass com/sun/tools/javac/util/RichDiagnosticFormatter$WhereClauseKind
instanceKlass com/sun/tools/javac/comp/CompileStates$CompileState
instanceKlass com/sun/tools/javac/main/JavaCompiler$ImplicitSourcePolicy
instanceKlass com/sun/tools/javac/jvm/Code$StackMapFormat
instanceKlass com/sun/tools/javac/parser/Tokens$Token$Tag
instanceKlass com/sun/tools/javac/parser/Tokens$TokenKind
instanceKlass com/sun/tools/javac/jvm/ClassFile$Version
instanceKlass com/sun/tools/javac/jvm/Profile
instanceKlass com/sun/tools/javac/comp/Resolve$VerboseResolutionMode
instanceKlass com/sun/tools/javac/comp/DeferredAttr$AttrMode
instanceKlass com/sun/tools/javac/tree/JCTree$Tag
instanceKlass com/sun/tools/javac/comp/Infer$IncorporationStep
instanceKlass com/sun/tools/javac/main/Option$PkgInfo
instanceKlass com/sun/tools/javac/comp/Resolve$MethodResolutionPhase
instanceKlass com/sun/tools/javac/code/TypeTag
instanceKlass com/sun/tools/javac/jvm/ClassReader$AttributeKind
instanceKlass javax/tools/StandardLocation
instanceKlass com/sun/tools/javac/main/JavaCompiler$CompilePolicy
instanceKlass com/sun/tools/javac/code/Source
instanceKlass com/sun/tools/javac/util/BasicDiagnosticFormatter$BasicConfiguration$SourcePosition
instanceKlass com/sun/tools/javac/util/BasicDiagnosticFormatter$BasicConfiguration$BasicFormatKind
instanceKlass com/sun/tools/javac/api/DiagnosticFormatter$Configuration$MultilineLimit
instanceKlass com/sun/tools/javac/api/DiagnosticFormatter$Configuration$DiagnosticPart
instanceKlass com/sun/tools/javac/util/JCDiagnostic$DiagnosticFlag
instanceKlass javax/tools/JavaFileObject$Kind
instanceKlass com/sun/tools/javac/code/Lint$LintCategory
instanceKlass com/sun/tools/javac/main/Option$ChoiceKind
instanceKlass com/sun/tools/javac/main/Option$OptionKind
instanceKlass com/sun/tools/javac/main/Option$OptionGroup
instanceKlass com/sun/tools/javac/main/Option
instanceKlass com/sun/tools/javac/jvm/Target
instanceKlass sun/security/util/DisabledAlgorithmConstraints$KeySizeConstraint$Operator
instanceKlass java/security/CryptoPrimitive
instanceKlass sun/launcher/LauncherHelper
instanceKlass java/io/File$PathStatus
ciInstanceKlass java/lang/Enum 1 1 119 8 8 8 8 7 1 1 1 1 1 1 1 1 1 1 1 1 1 1 1 1 1 1 1 1 1 1 1 1 1 1 1 1 1 1 1 1 1 1 1 1 1 1 1 1 1 1 1 1 1 1 1 1 1 1 1 1 1 1 1 100 100 100 100 7 100 100 100 100 100 100 7 100 7 1 1 1 1 1 1 1 1 1 1 12 12 12 12 12 12 12 12 12 12 12 12 12 12 9 9 10 10 10 10 10 10 10 10 10 10 10 10 10 10 10 10 11 1
instanceKlass java/lang/NumberFormatException
instanceKlass java/nio/charset/UnsupportedCharsetException
instanceKlass java/nio/charset/IllegalCharsetNameException
ciInstanceKlass java/lang/IllegalArgumentException 1 1 27 1 1 1 1 1 1 1 1 1 1 1 1 5 0 100 100 1 12 12 12 12 10 10 10 10 1
ciInstanceKlass java/util/concurrent/ConcurrentMap 1 1 181 1 1 1 1 1 1 1 1 1 1 1 1 1 1 1 1 1 1 1 1 1 1 1 1 1 1 1 1 1 1 1 1 1 1 1 1 1 1 1 1 1 1 1 1 1 1 1 1 1 1 1 1 100 100 100 100 100 100 100 100 100 100 100 100 100 100 1 1 1 1 1 1 1 1 1 1 1 1 1 1 1 1 1 1 1 1 12 12 12 12 12 12 12 12 12 12 12 12 12 12 12 12 12 12 12 10 10 11 11 11 11 11 11 11 11 11 11 11 11 11 11 11 11 15 15 16 18 1 1 1 100 1 8 1 1 12 10 1 1 1 8 1 1 8 1 1 1 8 1 1 1 8 1 1 1 8 1 1 1 8 1 1 1 8 1 1 1 8 1 1 1 8 1 1 8 1 1 1 8 1
ciInstanceKlass java/util/concurrent/ConcurrentHashMap 1 1 1012 3 3 3 4 8 8 8 8 7 7 100 100 7 7 1 1 1 1 1 1 1 1 1 1 1 1 1 1 1 1 1 1 1 1 1 1 1 1 1 1 1 1 1 1 1 1 1 1 1 1 1 1 1 1 1 1 1 1 1 1 1 1 1 1 1 1 1 1 1 1 1 1 1 1 1 1 1 1 1 1 1 1 1 1 1 1 1 1 1 1 1 1 1 1 1 1 1 1 1 1 1 1 1 1 1 1 1 1 1 1 1 1 1 1 1 1 1 1 1 1 1 1 1 1 1 1 1 1 1 1 1 1 1 1 1 1 1 1 1 1 1 1 1 1 1 1 1 1 1 1 1 1 1 1 1 1 1 1 1 1 1 1 1 1 1 1 1 1 1 1 1 1 1 1 1 1 1 1 1 1 1 1 1 1 1 1 1 1 1 1 1 1 1 1 1 1 1 1 1 1 1 1 1 1 1 1 1 1 1 1 1 1 1 1 1 1 1 1 1 1 1 1 1 1 1 1 1 1 1 1 1 1 1 1 1 1 1 1 1 1 1 1 1 1 1 1 1 1 1 1 1 1 1 1 1 1 1 1 1 1 1 1 1 1 1 1 1 1 1 1 1 1 1 1 1 1 1 1 1 1 1 1 1 1 1 1 1 1 1 1 1 1 1 1 1 1 1 1 1 1 1 1 1 1 1 1 1 1 1 1 1 1 1 1 1 1 1 1 1 1 3 3 3 3 3 3 3 3 5 0 5 0 5 0 5 0 5 0 5 0 8 8 8 8 8 8 100 100 100 100 100 100 7 100 100 7 100 100 100 100 100 7 100 100 7 7 100 100 100 100 100 7 100 100 100 100 100 100 100 100 100 7 100 100 100 100 100 100 100 100 100 7 100 100 100 100 100 100 100 100 100 100 100 100 100 100 100 100 100 100 100 100 7 100 100 100 100 100 100 100 100 100 100 100 100 100 100 100 100 100 100 100 100 100 100 100 7 1 1 1 1 1 1 1 1 1 1 1 1 1 1 1 1 1 1 1 1 1 1 1 1 1 1 1 1 1 1 1 1 1 1 1 1 1 1 1 1 1 1 1 1 1 1 1 1 1 1 1 1 1 1 1 1 1 1 1 1 1 1 1 1 1 1 1 1 1 1 1 1 1 1 1 1 1 1 1 1 1 1 1 1 1 1 1 1 1 1 1 1 1 1 1 1 1 1 1 1 1 1 1 1 1 1 1 1 1 1 1 1 1 1 1 1 1 1 1 1 1 1 1 1 1 1 1 1 1 1 1 1 1 1 1 1 1 1 1 1 1 1 1 1 1 1 1 1 1 1 1 1 1 1 1 1 1 1 1 1 1 1 1 1 1 1 1 1 1 1 1 1 12 12 12 12 12 12 12 12 12 12 12 12 12 12 12 12 12 12 12 12 12 12 12 12 12 12 12 12 12 12 12 12 12 12 12 12 12 12 12 12 12 12 12 12 12 12 12 12 12 12 12 12 12 12 12 12 12 12 12 12 12 12 12 12 12 12 12 12 12 12 12 12 12 12 12 12 12 12 12 12 12 12 12 12 12 12 12 12 12 12 12 12 12 12 12 12 12 12 12 12 12 12 12 12 12 12 12 12 12 12 12 12 12 12 12 12 12 12 12 12 12 12 12 12 12 12 12 12 12 12 12 12 12 12 12 12 12 12 12 12 12 12 12 12 12 12 12 12 12 12 9 9 9 9 9 9 9 9 9 9 9 9 9 9 9 9 9 9 9 9 9 9 9 9 9 9 9 9 9 9 9 9 9 9 9 9 10 10 10 10 10 10 10 10 10 10 10 10 10 10 10 10 10 10 10 10 10 10 10 10 10 10 10 10 10 10 10 10 10 10 10 10 10 10 10 10 10 10 10 10 10 10 10 10 10 10 10 10 10 10 10 10 10 10 10 10 10 10 10 10 10 10 10 10 10 10 10 10 10 10 10 10 10 10 10 10 10 10 10 10 10 10 10 10 10 10 10 10 10 10 10 10 10 10 10 10 10 10 10 10 10 10 10 10 10 10 10 10 10 10 10 10 10 10 10 10 10 10 10 10 10 10 10 10 10 10 10 10 10 10 10 10 10 10 10 10 10 10 10 10 10 10 10 10 11 11 11 11 11 11 11 11 11 11 11 11 11 11 1 1 1 1 1 1 1 1 1 1 1 1 1 1 1 1 1 1 1 1 1 1 1 1 1 1 1 1 1 1 1 1 1 1 1 1 1 1 1 1 1 1 1 1 1 1 1 1 1 1 1 1 1 1
staticfield java/util/concurrent/ConcurrentHashMap MAX_RESIZERS I 65535
staticfield java/util/concurrent/ConcurrentHashMap RESIZE_STAMP_SHIFT I 16
staticfield java/util/concurrent/ConcurrentHashMap NCPU I 2
staticfield java/util/concurrent/ConcurrentHashMap serialPersistentFields [Ljava/io/ObjectStreamField; 3 [Ljava/io/ObjectStreamField;
staticfield java/util/concurrent/ConcurrentHashMap U Lsun/misc/Unsafe; sun/misc/Unsafe
staticfield java/util/concurrent/ConcurrentHashMap SIZECTL J 20
staticfield java/util/concurrent/ConcurrentHashMap TRANSFERINDEX J 32
staticfield java/util/concurrent/ConcurrentHashMap BASECOUNT J 24
staticfield java/util/concurrent/ConcurrentHashMap CELLSBUSY J 36
staticfield java/util/concurrent/ConcurrentHashMap CELLVALUE J 144
staticfield java/util/concurrent/ConcurrentHashMap ABASE J 16
staticfield java/util/concurrent/ConcurrentHashMap ASHIFT I 2
instanceKlass java/util/concurrent/ConcurrentHashMap$ForwardingNode
ciInstanceKlass java/util/concurrent/ConcurrentHashMap$Node 1 1 87 8 1 1 1 1 1 1 1 1 1 1 1 1 1 1 1 1 1 1 1 1 1 1 1 1 1 1 1 1 1 1 1 1 1 1 1 1 1 1 1 1 1 1 7 100 100 100 100 100 7 1 1 1 1 1 1 1 1 1 12 12 12 12 12 12 12 12 12 12 12 12 9 9 9 9 10 10 10 10 10 10 10 10 11 11 1
ciInstanceKlass sun/util/locale/BaseLocale 1 1 143 8 8 8 8 8 8 8 8 8 8 8 8 1 1 1 1 1 1 1 1 1 1 1 1 1 1 1 1 1 1 1 1 1 1 1 1 1 1 1 1 1 1 1 1 1 1 1 1 1 1 1 1 1 1 1 1 1 1 1 1 1 1 1 1 1 1 1 1 1 1 1 1 1 1 1 1 8 7 7 100 7 100 7 7 7 1 1 1 1 1 1 1 1 1 12 12 12 12 12 12 12 12 12 12 12 12 12 12 12 12 12 12 12 12 12 9 9 9 9 9 9 10 10 10 10 10 10 10 10 10 10 10 10 10 10 10 10 10 10 10 1 1
staticfield sun/util/locale/BaseLocale CACHE Lsun/util/locale/BaseLocale$Cache; sun/util/locale/BaseLocale$Cache
ciInstanceKlass java/lang/IllegalStateException 0 0 27 1 1 1 1 1 1 1 1 1 1 1 1 5 0 100 100 1 12 12 12 12 10 10 10 10 1
ciInstanceKlass java/lang/AssertionError 0 0 65 1 1 1 1 1 1 1 1 1 1 1 1 1 1 1 1 1 1 1 1 1 1 1 1 1 5 0 100 100 100 100 100 1 1 1 1 1 1 1 1 12 12 12 12 12 12 12 12 12 12 12 10 10 10 10 10 10 10 10 10 10 10 10 1
instanceKlass java/lang/ArrayIndexOutOfBoundsException
instanceKlass java/lang/StringIndexOutOfBoundsException
ciInstanceKlass java/lang/IndexOutOfBoundsException 1 1 21 1 1 1 1 1 1 1 1 1 1 1 5 0 100 7 12 12 10 10 1
ciInstanceKlass java/util/NoSuchElementException 0 0 21 1 1 1 1 1 1 1 1 1 1 1 5 0 100 100 12 12 10 10 1
ciInstanceKlass java/lang/InternalError 0 0 27 1 1 1 1 1 1 1 1 1 1 1 1 5 0 100 100 1 12 12 12 12 10 10 10 10 1
ciInstanceKlass java/util/ResourceBundle$CacheKey 1 1 169 8 8 8 8 8 8 8 1 1 1 1 1 1 1 1 1 1 1 1 1 1 1 1 1 1 1 1 1 1 1 1 1 1 1 1 1 1 1 1 1 1 1 1 1 1 1 1 1 1 1 1 1 1 1 1 1 1 1 1 1 1 1 1 1 1 1 1 1 1 1 1 1 1 1 1 1 1 1 1 100 7 100 100 100 100 100 7 100 7 100 7 7 7 7 1 1 1 1 1 1 1 1 1 1 1 1 1 1 1 1 12 12 12 12 12 12 12 12 12 12 12 12 12 12 12 12 12 12 12 12 12 12 12 12 12 9 9 9 9 9 9 9 9 10 10 10 10 10 10 10 10 10 10 10 10 10 10 10 10 10 10 10 10 10 10 1 1 1
instanceKlass com/sun/tools/javac/util/List$1
ciInstanceKlass com/sun/tools/javac/util/List 1 1 308 8 8 8 8 1 1 1 1 1 1 1 1 1 1 1 1 1 1 1 1 1 1 1 1 1 1 1 1 1 1 1 1 1 1 1 1 1 1 1 1 1 1 1 1 1 1 1 1 1 1 1 1 1 1 1 1 1 1 1 1 1 1 1 1 1 1 1 1 1 1 1 1 1 1 1 1 1 1 1 1 1 1 1 1 1 1 1 1 1 1 1 1 1 1 1 1 1 1 1 1 1 100 7 7 7 7 7 100 100 100 100 100 7 100 100 100 100 7 100 100 100 100 100 1 1 1 1 1 1 1 1 1 1 1 1 1 1 1 1 1 1 1 1 1 1 1 1 1 1 1 1 1 1 1 1 1 1 1 1 1 1 1 1 1 1 1 1 1 1 1 1 1 1 1 1 1 1 1 1 1 1 1 1 1 1 1 1 1 1 1 1 1 1 1 1 1 1 12 12 12 12 12 12 12 12 12 12 12 12 12 12 12 12 12 12 12 12 12 12 12 12 12 12 12 12 12 12 12 12 12 12 12 12 12 12 12 12 12 12 12 12 12 12 12 12 12 12 9 9 9 9 10 10 10 10 10 10 10 10 10 10 10 10 10 10 10 10 10 10 10 10 10 10 10 10 10 10 10 10 10 10 10 10 10 10 10 10 10 10 10 10 10 10 10 10 10 10 10 10 11 11 11 11 11 11 11 1
staticfield com/sun/tools/javac/util/List EMPTY_LIST Lcom/sun/tools/javac/util/List; com/sun/tools/javac/util/List$1
staticfield com/sun/tools/javac/util/List EMPTYITERATOR Ljava/util/Iterator; com/sun/tools/javac/util/List$2
ciInstanceKlass com/sun/tools/javac/util/List$1 1 1 27 1 1 1 1 1 1 1 1 1 1 1 1 1 1 7 100 100 1 1 1 1 12 12 10 10 1
ciInstanceKlass com/sun/tools/javac/util/List$2 1 1 32 1 1 1 1 1 1 1 1 1 1 1 1 1 1 1 1 1 1 100 100 7 100 100 100 1 1 12 10 10 10 1
ciInstanceKlass com/sun/tools/javac/util/List$3 1 1 53 1 1 1 1 1 1 1 1 1 1 1 1 1 1 1 1 1 1 1 1 1 1 1 1 1 7 7 7 100 100 100 1 1 1 1 1 1 1 12 12 12 12 12 12 9 9 9 9 10 10 10 1
instanceKlass com/sun/tools/javac/tree/JCTree$TypeBoundKind
instanceKlass com/sun/tools/javac/tree/JCTree$JCCompilationUnit
instanceKlass com/sun/tools/javac/tree/JCTree$JCTypeParameter
instanceKlass com/sun/tools/javac/tree/JCTree$JCModifiers
instanceKlass com/sun/tools/javac/tree/JCTree$JCCatch
instanceKlass com/sun/tools/javac/tree/JCTree$JCImport
instanceKlass com/sun/tools/javac/tree/JCTree$JCMethodDecl
instanceKlass com/sun/tools/javac/tree/JCTree$JCStatement
instanceKlass com/sun/tools/javac/tree/JCTree$JCExpression
ciInstanceKlass com/sun/tools/javac/tree/JCTree 1 1 284 1 1 1 1 1 1 1 1 1 1 1 1 1 1 1 1 1 1 1 1 1 1 1 1 1 1 1 1 1 1 1 1 1 1 1 1 1 1 1 1 1 1 1 1 1 1 1 1 1 1 1 1 1 1 1 1 1 1 1 1 1 1 1 1 1 1 1 1 1 1 1 1 1 1 1 1 1 1 1 1 1 1 1 1 1 1 1 1 1 1 1 1 1 1 1 1 1 1 1 1 1 1 1 1 1 100 7 100 7 7 7 7 7 7 7 7 7 7 7 7 7 7 7 7 7 7 7 7 7 7 7 7 7 7 7 7 7 7 7 7 7 7 7 7 7 7 7 7 7 7 7 7 7 7 7 7 7 7 7 7 7 7 100 100 100 100 100 100 100 7 7 100 100 100 7 100 100 100 7 100 1 1 1 1 1 1 1 1 1 1 1 1 1 1 1 1 1 1 1 12 12 12 12 12 12 12 12 12 12 12 12 9 9 10 10 10 10 10 10 10 10 10 10 10 1 1 1 1 1 1 1 1 1 1 1 1 1 1 1 1 1 1 1 1 1 1 1 1 1 1 1 1 1 1 1 1 1 1 1 1 1 1 1 1 1 1 1 1 1 1 1 1 1 1 1 1 1 1 1 1 1 1 1
instanceKlass com/sun/tools/javac/tree/JCTree$JCTypeIntersection
instanceKlass com/sun/tools/javac/tree/JCTree$JCPrimitiveTypeTree
instanceKlass com/sun/tools/javac/tree/JCTree$LetExpr
instanceKlass com/sun/tools/javac/tree/JCTree$JCTypeUnion
instanceKlass com/sun/tools/javac/tree/JCTree$JCArrayTypeTree
instanceKlass com/sun/tools/javac/tree/JCTree$JCParens
instanceKlass com/sun/tools/javac/tree/JCTree$JCInstanceOf
instanceKlass com/sun/tools/javac/tree/JCTree$JCTypeApply
instanceKlass com/sun/tools/javac/tree/JCTree$JCArrayAccess
instanceKlass com/sun/tools/javac/tree/JCTree$JCAssignOp
instanceKlass com/sun/tools/javac/tree/JCTree$JCAssign
instanceKlass com/sun/tools/javac/tree/JCTree$JCAnnotatedType
instanceKlass com/sun/tools/javac/tree/JCTree$JCNewArray
instanceKlass com/sun/tools/javac/tree/JCTree$JCLiteral
instanceKlass com/sun/tools/javac/tree/JCTree$JCUnary
instanceKlass com/sun/tools/javac/tree/JCTree$JCTypeCast
instanceKlass com/sun/tools/javac/tree/JCTree$JCErroneous
instanceKlass com/sun/tools/javac/tree/JCTree$JCBinary
instanceKlass com/sun/tools/javac/tree/JCTree$JCWildcard
instanceKlass com/sun/tools/javac/tree/JCTree$JCAnnotation
instanceKlass com/sun/tools/javac/tree/JCTree$JCPolyExpression
instanceKlass com/sun/tools/javac/tree/JCTree$JCFieldAccess
instanceKlass com/sun/tools/javac/tree/JCTree$JCIdent
ciInstanceKlass com/sun/tools/javac/tree/JCTree$JCExpression 1 1 34 1 1 1 1 1 1 1 1 1 1 1 1 1 1 100 7 100 1 1 1 1 12 12 12 12 12 10 10 10 10 10 1 1
ciInstanceKlass com/sun/tools/javac/tree/JCTree$JCIdent 1 1 72 1 1 1 1 1 1 1 1 1 1 1 1 1 1 1 1 1 1 1 1 1 1 1 1 1 1 1 100 100 7 7 7 7 7 7 7 1 1 1 1 1 1 1 1 1 1 1 1 1 1 12 12 12 12 12 12 12 12 9 9 9 9 10 10 10 11 1 1 1 1 1
ciInstanceKlass com/sun/tools/javac/tree/JCTree$JCFieldAccess 1 1 81 1 1 1 1 1 1 1 1 1 1 1 1 1 1 1 1 1 1 1 1 1 1 1 1 1 1 1 1 1 100 100 7 7 7 7 7 7 7 1 1 1 1 1 1 1 1 1 1 1 1 1 1 1 1 1 12 12 12 12 12 12 12 12 12 12 9 9 9 9 9 10 10 10 10 11 1 1 1 1 1
instanceKlass com/sun/tools/javac/tree/JCTree$JCVariableDecl
instanceKlass com/sun/tools/javac/tree/JCTree$JCSkip
instanceKlass com/sun/tools/javac/tree/JCTree$JCLabeledStatement
instanceKlass com/sun/tools/javac/tree/JCTree$JCEnhancedForLoop
instanceKlass com/sun/tools/javac/tree/JCTree$JCExpressionStatement
instanceKlass com/sun/tools/javac/tree/JCTree$JCDoWhileLoop
instanceKlass com/sun/tools/javac/tree/JCTree$JCSynchronized
instanceKlass com/sun/tools/javac/tree/JCTree$JCSwitch
instanceKlass com/sun/tools/javac/tree/JCTree$JCTry
instanceKlass com/sun/tools/javac/tree/JCTree$JCReturn
instanceKlass com/sun/tools/javac/tree/JCTree$JCThrow
instanceKlass com/sun/tools/javac/tree/JCTree$JCWhileLoop
instanceKlass com/sun/tools/javac/tree/JCTree$JCForLoop
instanceKlass com/sun/tools/javac/tree/JCTree$JCContinue
instanceKlass com/sun/tools/javac/tree/JCTree$JCBreak
instanceKlass com/sun/tools/javac/tree/JCTree$JCCase
instanceKlass com/sun/tools/javac/tree/JCTree$JCBlock
instanceKlass com/sun/tools/javac/tree/JCTree$JCAssert
instanceKlass com/sun/tools/javac/tree/JCTree$JCIf
instanceKlass com/sun/tools/javac/tree/JCTree$JCClassDecl
ciInstanceKlass com/sun/tools/javac/tree/JCTree$JCStatement 1 1 31 1 1 1 1 1 1 1 1 1 1 1 100 7 100 1 1 1 1 12 12 12 12 12 10 10 10 10 10 1 1
ciInstanceKlass com/sun/tools/javac/tree/JCTree$JCClassDecl 1 1 152 1 1 1 1 1 1 1 1 1 1 1 1 1 1 1 1 1 1 1 1 1 1 1 1 1 1 1 1 1 1 1 1 1 1 1 1 1 1 1 1 1 1 1 1 1 1 1 1 5 0 5 0 5 0 100 100 7 100 100 100 7 7 100 7 7 100 7 7 1 1 1 1 1 1 1 1 1 1 1 1 1 1 1 1 1 1 1 1 1 1 1 1 1 1 1 1 1 1 12 12 12 12 12 12 12 12 12 12 12 12 12 12 12 12 12 12 12 12 12 12 9 9 9 9 9 9 9 9 9 9 9 9 9 10 10 10 10 10 10 10 10 11 1 1 1 1 1 1 1 1 1
ciInstanceKlass java/lang/IllegalAccessException 0 0 21 1 1 1 1 1 1 1 1 1 1 1 5 0 100 100 12 12 10 10 1
ciInstanceKlass com/sun/tools/javac/tree/JCTree$JCMethodDecl 1 1 159 1 1 1 1 1 1 1 1 1 1 1 1 1 1 1 1 1 1 1 1 1 1 1 1 1 1 1 1 1 1 1 1 1 1 1 1 1 1 1 1 1 1 1 1 1 1 1 1 1 100 100 100 100 100 100 7 100 100 7 100 100 100 7 7 1 1 1 1 1 1 1 1 1 1 1 1 1 1 1 1 1 1 1 1 1 1 1 1 1 1 1 1 1 1 1 1 1 1 1 1 12 12 12 12 12 12 12 12 12 12 12 12 12 12 12 12 12 12 12 12 12 12 12 12 9 9 9 9 9 9 9 9 9 9 9 9 10 10 10 10 10 10 10 10 10 10 10 11 1 1 1 1 1 1 1 1 1 1
ciInstanceKlass com/sun/tools/javac/tree/JCTree$JCAnnotation 1 1 90 1 1 1 1 1 1 1 1 1 1 1 1 1 1 1 1 1 1 1 1 1 1 1 1 1 1 1 1 1 1 1 100 100 100 100 100 100 100 7 7 100 7 100 1 1 1 1 1 1 1 1 1 1 1 1 1 1 1 1 1 1 1 1 12 12 12 12 12 12 12 12 12 12 9 9 9 10 10 10 10 10 10 11 1 1 1 1 1 1
ciInstanceKlass com/sun/tools/javac/tree/JCTree$JCImport 1 1 69 1 1 1 1 1 1 1 1 1 1 1 1 1 1 1 1 1 1 1 1 1 1 1 1 1 1 1 100 100 7 7 7 7 7 7 1 1 1 1 1 1 1 1 1 1 1 1 1 12 12 12 12 12 12 12 12 9 9 9 9 10 10 10 11 1 1 1 1
ciInstanceKlass com/sun/tools/javac/tree/JCTree$JCBlock 1 1 82 1 1 1 1 1 1 1 1 1 1 1 1 1 1 1 1 1 1 1 1 1 1 1 1 1 1 1 1 1 1 1 5 0 100 100 100 100 7 7 7 7 7 1 1 1 1 1 1 1 1 1 1 1 1 1 1 1 1 12 12 12 12 12 12 12 12 12 9 9 9 9 9 10 10 10 11 1 1 1 1 1
ciInstanceKlass com/sun/tools/javac/tree/JCTree$JCCatch 1 1 78 1 1 1 1 1 1 1 1 1 1 1 1 1 1 1 1 1 1 1 1 1 1 1 1 1 1 1 100 100 100 100 7 100 7 100 100 7 1 1 1 1 1 1 1 1 1 1 1 1 1 1 1 1 12 12 12 12 12 12 12 12 12 9 9 9 9 10 10 10 10 11 1 1 1 1 1 1
ciInstanceKlass com/sun/tools/javac/tree/JCTree$JCLiteral 1 1 111 8 1 1 1 1 1 1 1 1 1 1 1 1 1 1 1 1 1 1 1 1 1 1 1 1 1 1 1 1 1 1 1 1 1 1 1 1 1 1 1 1 1 100 100 100 100 100 7 100 7 7 7 7 100 100 100 100 1 1 1 1 1 1 1 1 1 1 1 1 1 1 1 1 1 1 12 12 12 12 12 12 12 12 12 12 12 12 12 12 12 9 9 9 9 10 10 10 10 10 10 10 10 10 10 11 1 1 1 1 1
ciInstanceKlass com/sun/tools/javac/tree/JCTree$JCModifiers 1 1 82 1 1 1 1 1 1 1 1 1 1 1 1 1 1 1 1 1 1 1 1 1 1 1 1 1 1 1 1 1 100 100 100 100 100 7 100 7 100 7 1 1 1 1 1 1 1 1 1 1 1 1 1 1 1 1 1 1 1 12 12 12 12 12 12 12 12 12 9 9 9 9 10 10 10 10 11 1 1 1 1 1
ciInstanceKlass com/sun/tools/javac/tree/JCTree$JCTry 1 1 100 1 1 1 1 1 1 1 1 1 1 1 1 1 1 1 1 1 1 1 1 1 1 1 1 1 1 1 1 1 1 1 1 1 1 100 100 100 100 100 100 100 7 7 100 7 1 1 1 1 1 1 1 1 1 1 1 1 1 1 1 1 1 1 1 1 1 12 12 12 12 12 12 12 12 12 12 12 12 12 9 9 9 9 9 9 10 10 10 10 10 10 11 1 1 1 1 1 1 1
ciInstanceKlass com/sun/tools/javac/tree/JCTree$JCExpressionStatement 1 1 95 1 1 1 1 1 1 1 1 1 1 1 1 1 1 1 1 1 1 1 1 1 1 1 1 1 1 1 1 1 1 1 1 1 1 100 100 100 100 7 100 7 7 7 7 100 100 100 100 1 1 1 1 1 1 1 1 1 1 1 1 1 1 1 1 1 12 12 12 12 12 12 12 12 12 12 12 9 9 9 10 10 10 10 10 10 10 10 11 1 1 1 1 1 1
ciInstanceKlass com/sun/tools/javac/tree/JCTree$JCMethodInvocation 1 1 105 1 1 1 1 1 1 1 1 1 1 1 1 1 1 1 1 1 1 1 1 1 1 1 1 1 1 1 1 1 1 1 1 1 1 1 1 100 100 100 100 7 100 7 7 7 7 7 1 1 1 1 1 1 1 1 1 1 1 1 1 1 1 1 1 1 1 1 1 1 1 12 12 12 12 12 12 12 12 12 12 12 12 12 12 9 9 9 9 9 10 10 10 10 10 10 10 10 11 1 1 1 1 1 1
ciInstanceKlass com/sun/tools/javac/tree/JCTree$JCVariableDecl 1 1 134 1 1 1 1 1 1 1 1 1 1 1 1 1 1 1 1 1 1 1 1 1 1 1 1 1 1 1 1 1 1 1 1 1 1 1 1 1 1 1 1 1 1 1 1 100 100 100 100 100 100 100 100 100 100 100 7 7 7 7 1 1 1 1 1 1 1 1 1 1 1 1 1 1 1 1 1 1 1 1 1 1 1 1 12 12 12 12 12 12 12 12 12 12 12 12 12 12 12 12 12 12 12 9 9 9 9 9 9 9 9 9 9 9 10 10 10 10 10 10 10 10 10 11 1 1 1 1 1 1 1 1 1 1
ciInstanceKlass com/sun/tools/javac/tree/JCTree$JCCompilationUnit 1 1 198 1 1 1 1 1 1 1 1 1 1 1 1 1 1 1 1 1 1 1 1 1 1 1 1 1 1 1 1 1 1 1 1 1 1 1 1 1 1 1 1 1 1 1 1 1 1 1 1 1 1 1 1 1 1 1 1 1 1 1 1 1 1 1 1 1 100 100 7 7 100 100 100 100 100 7 100 7 100 7 7 7 7 7 100 100 7 1 1 1 1 1 1 1 1 1 1 1 1 1 1 1 1 1 1 1 1 1 1 1 1 1 1 1 1 1 1 1 1 1 1 1 1 1 12 12 12 12 12 12 12 12 12 12 12 12 12 12 12 12 12 12 12 12 12 12 12 12 12 12 12 12 12 12 12 9 9 9 9 9 9 9 9 9 9 9 9 9 9 9 9 10 10 10 10 10 10 10 10 10 10 10 10 10 11 11 11 1 1 1 1 1 1 1 1 1 1 1
ciInstanceKlass java/net/URI 1 1 747 8 8 8 8 8 8 8 8 8 8 8 8 8 8 8 8 8 8 8 8 8 8 8 7 1 1 1 1 1 1 1 1 1 1 1 1 1 1 1 1 1 1 1 1 1 1 1 1 1 1 1 1 1 1 1 1 1 1 1 1 1 1 1 1 1 1 1 1 1 1 1 1 1 1 1 1 1 1 1 1 1 1 1 1 1 1 1 1 1 1 1 1 1 1 1 1 1 1 1 1 1 1 1 1 1 1 1 1 1 1 1 1 1 1 1 1 1 1 1 1 1 1 1 1 1 1 1 1 1 1 1 1 1 1 1 1 1 1 1 1 1 1 1 1 1 1 1 1 1 1 1 1 1 1 1 1 1 1 1 1 1 1 1 1 1 1 1 1 1 1 1 1 1 1 1 1 1 1 1 1 1 1 1 1 1 1 1 1 1 1 1 1 1 1 1 1 1 1 1 1 1 1 1 1 1 1 1 1 1 1 1 1 1 1 1 1 1 1 1 1 1 1 1 1 1 1 1 1 1 1 1 1 1 1 1 1 1 1 1 1 1 1 1 1 1 1 1 1 1 1 1 1 1 1 1 1 1 1 1 1 1 1 1 1 1 1 1 1 1 1 1 1 1 1 1 1 1 1 1 1 1 1 1 1 1 1 1 1 1 1 1 1 1 1 1 1 1 1 1 1 1 1 1 1 1 1 1 1 1 1 1 1 1 1 1 1 1 1 1 5 0 5 0 5 0 100 100 100 100 100 100 100 100 100 7 100 100 100 100 7 7 7 7 100 100 7 100 7 7 7 100 7 100 100 7 100 100 7 1 1 1 1 1 1 1 1 1 1 1 1 1 1 1 1 1 1 1 1 1 1 1 1 1 1 1 1 1 1 1 1 1 1 1 1 1 1 1 1 1 1 1 1 1 1 1 1 12 12 12 12 12 12 12 12 12 12 12 12 12 12 12 12 12 12 12 12 12 12 12 12 12 12 12 12 12 12 12 12 12 12 12 12 12 12 12 12 12 12 12 12 12 12 12 12 12 12 12 12 12 12 12 12 12 12 12 12 12 12 12 12 12 12 12 12 12 12 12 12 12 12 12 12 12 12 12 12 12 12 12 12 12 12 12 12 12 12 12 12 12 12 12 12 12 12 12 12 12 12 12 12 12 12 12 12 12 12 12 12 12 12 12 12 12 12 12 12 12 12 12 12 12 12 12 12 12 12 12 12 12 12 12 12 12 12 12 12 12 12 12 12 12 12 12 12 12 12 12 12 12 12 12 12 12 12 12 12 12 12 9 9 9 9 9 9 9 9 9 9 9 9 9 9 9 9 9 9 9 9 9 9 9 9 9 9 9 9 9 9 9 9 9 9 9 9 9 9 9 9 9 9 9 9 9 9 9 9 9 9 9 9 9 9 9 9 9 9 9 10 10 10 10 10 10 10 10 10 10 10 10 10 10 10 10 10 10 10 10 10 10 10 10 10 10 10 10 10 10 10 10 10 10 10 10 10 10 10 10 10 10 10 10 10 10 10 10 10 10 10 10 10 10 10 10 10 10 10 10 10 10 10 10 10 10 10 10 10 10 10 10 10 10 10 10 10 10 10 10 10 10 10 10 10 10 10 10 10 10 10 10 10 10 10 10 10 10 10 10 10 10 10 10 10 10 10 10 10 10 10 10 10 10 10 10 10 1 1
staticfield java/net/URI L_DIGIT J 287948901175001088
staticfield java/net/URI H_UPALPHA J 134217726
staticfield java/net/URI H_LOWALPHA J 576460743713488896
staticfield java/net/URI H_ALPHA J 576460743847706622
staticfield java/net/URI L_ALPHANUM J 287948901175001088
staticfield java/net/URI H_ALPHANUM J 576460743847706622
staticfield java/net/URI L_HEX J 287948901175001088
staticfield java/net/URI H_HEX J 541165879422
staticfield java/net/URI L_MARK J 113808043409408
staticfield java/net/URI H_MARK J 4611686020574871552
staticfield java/net/URI L_UNRESERVED J 288062709218410496
staticfield java/net/URI H_UNRESERVED J 5188146764422578174
staticfield java/net/URI L_RESERVED J -6052670429821140992
staticfield java/net/URI H_RESERVED J 671088641
staticfield java/net/URI L_URIC J -5764607720602730495
staticfield java/net/URI H_URIC J 5188146765093666815
staticfield java/net/URI L_PCHAR J 2882162826460266497
staticfield java/net/URI H_PCHAR J 5188146764422578175
staticfield java/net/URI L_PATH J 3458764316252045313
staticfield java/net/URI H_PATH J 5188146764422578175
staticfield java/net/URI L_DASH J 35184372088832
staticfield java/net/URI H_DASH J 0
staticfield java/net/URI L_DOT J 70368744177664
staticfield java/net/URI H_DOT J 0
staticfield java/net/URI L_USERINFO J 3458623578763689985
staticfield java/net/URI H_USERINFO J 5188146764422578174
staticfield java/net/URI L_REG_NAME J 3458623578763689985
staticfield java/net/URI H_REG_NAME J 5188146764422578175
staticfield java/net/URI L_SERVER J 3458623578763689985
staticfield java/net/URI H_SERVER J 5188146765093666815
staticfield java/net/URI L_SERVER_PERCENT J 3458623716202643457
staticfield java/net/URI H_SERVER_PERCENT J 5188146765093666815
staticfield java/net/URI L_LEFT_BRACKET J 0
staticfield java/net/URI H_LEFT_BRACKET J 134217728
staticfield java/net/URI L_SCHEME J 288063250384289792
staticfield java/net/URI H_SCHEME J 576460743847706622
staticfield java/net/URI L_URIC_NO_SLASH J -5764748458091085823
staticfield java/net/URI H_URIC_NO_SLASH J 5188146764422578175
staticfield java/net/URI hexDigits [C 16
staticfield java/net/URI $assertionsDisabled Z 1
ciInstanceKlass java/lang/StringIndexOutOfBoundsException 0 0 38 8 1 1 1 1 1 1 1 1 1 1 1 1 1 1 1 1 1 5 0 100 100 100 1 1 12 12 12 12 12 10 10 10 10 10 10 1
ciInstanceKlass sun/reflect/UnsafeFieldAccessorFactory 1 1 194 1 1 1 1 1 1 1 1 1 1 1 1 1 1 1 1 1 1 1 1 1 1 1 1 1 1 1 1 1 1 1 1 1 1 1 1 1 1 1 1 1 1 1 1 1 1 1 1 1 1 1 1 1 1 1 1 1 1 1 1 1 1 1 1 1 1 1 1 1 1 7 7 7 100 7 7 7 7 100 7 7 7 7 100 100 100 100 100 7 100 100 100 7 100 100 100 100 100 100 100 100 100 100 100 100 100 100 100 100 7 100 100 100 100 100 100 100 100 100 100 100 1 1 1 1 1 1 12 12 12 12 12 12 12 12 12 12 12 12 9 9 9 9 9 9 9 9 9 10 10 10 10 10 10 10 10 10 10 10 10 10 10 10 10 10 10 10 10 10 10 10 10 10 10 10 10 10 10 10 10 10 10 10 10 10 10 10 10 10 10 10 10 1
ciInstanceKlass java/util/IdentityHashMap 1 1 329 3 3 3 3 8 8 8 1 1 1 1 1 1 1 1 1 1 1 1 1 1 1 1 1 1 1 1 1 1 1 1 1 1 1 1 1 1 1 1 1 1 1 1 1 1 1 1 1 1 1 1 1 1 1 1 1 1 1 1 1 1 1 1 1 1 1 1 1 1 1 1 1 1 1 1 1 1 1 1 1 1 1 1 1 1 1 1 1 1 1 1 1 1 1 1 1 1 1 1 1 1 1 1 1 1 1 1 1 1 1 1 1 1 1 1 1 1 1 1 1 1 1 1 1 1 1 1 1 1 1 1 1 1 1 1 1 1 1 3 3 5 0 6 0 100 100 100 100 100 100 100 100 100 100 100 100 100 7 100 7 7 100 100 7 100 100 7 100 100 100 100 100 100 100 100 100 100 100 100 100 100 100 100 1 1 1 1 1 1 1 1 1 1 1 1 1 1 1 1 1 1 1 1 1 1 1 1 1 1 12 12 12 12 12 12 12 12 12 12 12 12 12 12 12 12 12 12 12 12 12 12 12 12 12 12 12 12 12 12 12 12 12 12 12 12 12 12 12 12 12 12 12 12 12 12 12 12 9 9 9 9 9 9 9 10 10 10 10 10 10 10 10 10 10 10 10 10 10 10 10 10 10 10 10 10 10 10 10 10 10 10 10 10 10 10 10 10 10 10 10 10 10 10 10 10 10 11 11 11 11 11 11 11 11 11 11 1 1 1 1 1 1 1 1 1 1 1 1
staticfield java/util/IdentityHashMap NULL_KEY Ljava/lang/Object; java/lang/Object
ciInstanceKlass sun/reflect/UnsafeObjectFieldAccessorImpl 1 1 157 1 1 1 1 1 1 1 1 1 1 1 1 1 1 1 1 1 1 1 1 1 1 1 1 1 1 1 1 1 1 1 1 1 1 1 1 1 1 1 1 1 1 1 1 1 1 1 1 1 1 1 1 1 1 1 1 1 1 1 1 1 1 1 1 1 1 1 7 100 100 7 7 7 7 7 1 1 1 1 1 1 1 1 1 1 1 1 1 1 1 1 1 1 1 1 1 1 12 12 12 12 12 12 12 12 12 12 12 12 12 12 12 12 12 12 12 12 12 12 12 12 12 12 12 12 12 9 9 9 9 10 10 10 10 10 10 10 10 10 10 10 10 10 10 10 10 10 10 10 10 10 10 10 10 10 1
ciInstanceKlass lombok/permit/Permit 1 1 167 7 1 100 1 1 1 1 1 1 1 1 1 1 7 1 8 1 10 12 1 1 9 12 7 1 8 1 10 7 1 12 1 1 10 12 1 1 5 0 9 12 9 12 100 1 8 1 10 12 1 1 10 12 1 1 100 1 1 1 1 1 1 1 1 1 10 12 1 1 1 1 1 1 10 12 1 1 10 12 1 1 1 1 1 1 1 1 100 1 1 10 12 1 1 10 12 1 1 7 1 10 12 1 1 10 7 1 12 1 1 10 8 1 10 12 1 1 8 1 10 12 1 10 10 12 7 1 1 1 1 1 1 1 1 1 1 1 1 1 7 1 1 10 7 1 1 1 1 1 10 12 1 1 100 1 1 1 10 10 12 1 1 100 1 1 1
staticfield lombok/permit/Permit ACCESSIBLE_OVERRIDE_FIELD_OFFSET J 12
staticfield lombok/permit/Permit INIT_ERROR Ljava/lang/IllegalAccessException; null
staticfield lombok/permit/Permit UNSAFE Lsun/misc/Unsafe; sun/misc/Unsafe
instanceKlass lombok/javac/JavacNode
ciInstanceKlass lombok/core/LombokNode 1 1 255 7 1 7 1 100 1 1 1 1 1 1 1 1 1 1 1 1 1 1 1 1 1 1 1 10 12 1 9 12 9 12 10 7 1 12 1 1 10 12 1 1 9 12 10 12 1 1 11 7 1 12 1 1 9 12 9 12 10 12 1 1 11 12 1 1 1 1 1 1 1 1 1 1 1 1 1 1 1 8 1 8 1 10 12 1 1 8 1 10 100 1 12 1 1 1 10 12 10 7 1 12 1 1 10 12 1 1 1 1 10 12 1 1 1 1 1 1 1 1 1 1 1 1 1 10 12 9 100 1 12 1 10 100 1 12 1 1 10 12 9 12 1 9 12 1 100 1 10 10 12 1 10 12 10 12 1 1 11 100 1 12 1 1 1 1 1 1 1 1 1 1 10 12 1 10 12 1 10 12 1 10 12 1 1 10 12 1 10 12 1 10 12 1 1 1 1 1 1 100 1 10 10 12 1 1 10 12 1 1 1 1 1 1 1 9 12 1 11 100 1 12 1 1 11 12 1 1 10 12 1 1 1 1 1 1 10 12 1 1 1 1 1 1 1 1 1 1 1 1 1 1 1 1 1
ciInstanceKlass lombok/javac/JavacNode 1 1 429 10 9 9 7 9 7 9 7 9 10 7 10 7 10 100 10 9 10 10 11 10 11 11 11 11 11 11 11 7 11 11 10 11 11 11 11 7 11 11 7 11 11 11 11 11 100 100 10 8 10 10 10 10 8 9 9 9 10 9 9 10 11 11 10 10 10 10 10 10 10 9 10 9 10 10 10 10 10 10 10 9 9 9 100 5 0 5 0 10 5 0 9 5 0 9 9 10 10 10 10 10 7 7 1 1 1 1 7 1 1 1 1 1 1 1 1 1 1 1 1 1 1 1 1 1 1 1 1 1 1 1 1 1 1 1 1 1 1 1 1 1 1 1 1 1 1 1 1 1 1 1 1 1 1 100 100 1 1 1 1 1 1 1 1 1 1 1 100 1 1 1 1 1 1 1 1 1 1 1 1 1 1 1 1 1 1 1 1 1 1 1 1 1 1 1 1 1 1 1 1 100 1 1 1 1 1 1 1 1 1 1 1 1 1 1 1 1 100 1 1 1 1 1 1 1 12 12 12 1 12 1 12 1 12 12 1 12 1 100 12 100 1 12 12 12 12 7 12 7 12 12 12 12 12 12 12 12 1 1 12 12 12 12 12 12 12 1 12 12 1 12 12 12 12 12 1 1 12 1 12 12 12 12 1 12 12 12 12 12 12 12 12 12 12 100 12 12 12 100 12 12 12 100 12 12 12 12 12 12 12 1 12 12 12 12 12 12 12 12 1 1 100 1 1 1 1 1 1 1 1 1 100 1 1 100 1 1 100 1 1 1 1 1 1 1 1 1 1 1 1 1 1 1 1 1 1 1 1 1 1 1 1 1 1 1 1 1 1 1 1 1 1 1 1 1 1 1 1 1 1 1 1 1 1 1 1 1 1 1 1 1 1 1 1 1 1 1 1 1 1 1 1 100 1 1 1 1 1 1 1 1 1 1 1 1 1 1 1 1 1 1 1 100 1 1 1 1 1
instanceKlass com/sun/proxy/$Proxy4
instanceKlass com/sun/proxy/$Proxy3
instanceKlass com/sun/proxy/$Proxy2
instanceKlass com/sun/proxy/$Proxy1
instanceKlass com/sun/proxy/$Proxy0
ciInstanceKlass java/lang/reflect/Proxy 1 1 286 3 8 8 8 8 7 7 1 1 1 1 1 1 1 1 1 1 1 1 1 1 1 1 1 1 1 1 1 1 1 1 1 1 1 1 1 1 1 1 1 1 1 1 1 1 1 1 1 1 1 1 1 1 1 1 1 1 1 1 1 1 1 1 1 1 1 1 1 1 1 1 1 1 1 1 1 1 1 1 1 1 1 1 1 1 1 1 1 1 1 1 1 1 1 1 1 1 1 1 1 1 1 1 1 1 1 1 1 1 1 1 1 1 1 1 1 1 5 0 7 100 7 100 100 100 100 100 100 7 100 100 100 100 100 7 100 7 100 7 100 100 100 7 100 7 100 7 100 7 100 100 100 100 1 1 1 1 1 1 1 1 1 1 1 1 1 1 1 1 1 1 1 1 1 1 1 1 1 1 1 1 1 1 1 1 1 1 1 12 12 12 12 12 12 12 12 12 12 12 12 12 12 12 12 12 12 12 12 12 12 12 12 12 12 12 12 12 12 12 12 12 12 12 12 12 12 12 12 12 12 12 9 9 9 9 9 10 10 10 10 10 10 10 10 10 10 10 10 10 10 10 10 10 10 10 10 10 10 10 10 10 10 10 10 10 10 10 10 10 10 10 10 10 10 10 10 10 10 10 10 1 1 1 1 1
staticfield java/lang/reflect/Proxy constructorParams [Ljava/lang/Class; 1 [Ljava/lang/Class;
staticfield java/lang/reflect/Proxy proxyClassCache Ljava/lang/reflect/WeakCache; java/lang/reflect/WeakCache
staticfield java/lang/reflect/Proxy key0 Ljava/lang/Object; java/lang/Object
ciInstanceKlass java/lang/reflect/WeakCache 1 1 128 1 1 1 1 1 1 1 1 1 1 1 1 1 1 1 1 1 1 1 1 1 1 1 1 1 1 1 1 1 1 1 1 1 1 1 1 1 1 1 1 1 1 1 1 1 1 1 7 7 7 7 100 7 100 100 7 7 7 7 7 1 1 1 1 1 1 1 1 1 1 1 1 1 1 1 1 1 1 1 1 12 12 12 12 12 12 12 12 12 12 12 12 12 12 12 12 12 12 12 12 9 9 9 9 9 10 10 10 10 10 10 10 10 10 10 11 11 11 11 11 11 11 1 1 1 1 1
ciInstanceKlass java/lang/reflect/WeakCache$CacheKey 1 1 85 1 1 1 1 1 1 1 1 1 1 1 1 1 1 1 1 1 1 1 1 1 1 1 1 1 1 1 1 1 1 1 1 1 1 1 1 1 1 7 7 7 100 7 100 100 100 1 1 1 1 1 1 1 1 1 1 1 12 12 12 12 12 12 12 12 12 12 12 12 9 9 10 10 10 10 10 10 11 11 11 11 11 1 1
staticfield java/lang/reflect/WeakCache$CacheKey NULL_KEY Ljava/lang/Object; java/lang/Object
ciInstanceKlass java/lang/reflect/Proxy$Key1 1 1 44 7 1 1 1 1 1 1 1 1 1 1 1 1 1 1 1 1 1 1 1 1 1 7 7 7 100 1 1 1 1 1 12 12 12 12 12 9 10 10 10 10 1 1
instanceKlass lombok/javac/JavacAST
ciInstanceKlass lombok/core/AST 1 1 444 7 1 7 1 1 1 1 1 1 1 1 1 1 1 1 1 1 1 1 1 1 1 1 1 1 1 1 1 1 1 1 8 1 10 7 1 12 1 1 100 1 8 1 10 12 1 1 9 12 7 1 10 12 9 12 1 1 1 1 10 7 1 10 9 12 9 12 9 12 8 1 9 12 9 12 9 12 9 12 1 1 1 1 1 1 1 1 1 1 1 1 1 9 12 1 1 1 1 1 1 1 10 7 1 12 1 1 11 7 1 12 1 1 1 1 1 1 1 1 1 1 1 1 1 1 1 1 1 11 12 1 1 1 1 1 1 1 7 1 10 9 12 1 1 10 100 1 12 1 1 11 7 1 12 1 10 12 11 7 1 12 1 9 12 1 11 12 1 10 12 1 1 1 1 1 1 1 1 1 1 1 1 1 1 1 11 7 1 7 1 10 12 1 1 11 12 1 7 1 11 12 1 1 11 12 1 1 1 1 1 1 1 1 10 7 1 12 1 1 10 7 1 12 1 10 7 1 12 1 1 10 12 1 1 10 12 1 10 12 1 10 12 1 1 10 12 1 7 1 10 12 1 1 10 12 1 10 12 1 1 10 7 1 12 1 1 10 12 1 11 10 12 1 1 1 1 1 1 1 1 7 1 11 12 1 1 1 1 1 1 11 1 1 1 1 1 1 1 10 12 1 1 1 1 1 1 1 1 1 1 1 1 10 12 1 10 12 10 12 1 1 1 1 1 9 12 1 10 10 12 1 1 9 12 10 12 1 10 12 1 10 12 1 1 10 100 1 12 1 1 100 1 1 1 1 1 1 10 12 1 10 12 1 1 1 1 1 1 1 1 1 1 1 11 12 1 1 10 100 1 12 1 1 10 12 1 10 12 1 1 1 1 1 9 7 1 12 1 1 10 12 10 12 1 10 12 1 1 10 12 1 1 1 100 1 1 1 1 1 10 12 1 1 10 7 1 12 1 1 10 12 1 1 1 1 1 1 1 1 1 1 1 1
staticfield lombok/core/AST configTracker Llombok/core/debug/HistogramTracker; null
staticfield lombok/core/AST fieldsOfASTClasses Ljava/util/concurrent/ConcurrentMap; java/util/concurrent/ConcurrentHashMap
ciInstanceKlass lombok/javac/JavacAST 1 1 778 10 10 7 10 10 10 10 10 9 10 9 10 9 10 9 7 10 10 9 10 9 10 9 10 10 7 10 7 10 9 11 100 10 10 10 10 11 11 10 10 10 10 10 10 10 10 9 10 7 10 7 10 7 10 7 10 10 10 7 10 100 100 10 8 10 10 10 10 7 10 9 10 7 10 9 10 10 9 9 9 9 10 9 9 10 9 9 7 8 10 9 100 10 10 7 10 11 9 9 10 9 7 9 10 9 9 7 9 9 9 9 9 9 9 10 10 10 8 10 10 10 10 10 7 10 10 9 11 100 8 7 10 100 11 10 10 11 100 10 8 10 8 10 10 8 10 10 11 7 10 11 10 10 10 10 9 10 10 10 10 10 100 10 10 10 11 10 10 7 10 11 10 11 11 7 10 10 10 7 10 7 7 7 1 100 1 100 1 7 1 1 1 1 1 1 1 1 1 1 1 1 1 1 1 1 1 1 1 1 1 1 1 1 1 1 1 1 1 1 1 1 1 1 1 1 1 1 1 1 1 1 1 1 7 1 1 1 1 1 1 1 1 1 1 1 7 1 1 1 1 1 1 1 1 1 1 1 1 1 1 1 1 1 7 1 1 1 1 1 1 1 1 1 1 1 1 1 1 1 1 1 1 1 1 1 1 1 1 1 1 1 1 1 1 1 1 1 1 1 1 1 1 1 1 1 1 1 1 1 1 1 1 1 1 1 1 1 1 1 1 1 1 1 1 1 1 1 1 1 1 1 1 1 1 1 1 1 1 1 1 1 1 1 1 1 1 1 1 100 1 1 1 1 1 1 100 1 1 1 1 1 1 1 1 1 1 1 1 1 1 100 1 1 1 100 1 1 1 1 1 1 1 1 7 100 1 1 1 1 1 1 1 1 1 1 1 1 1 1 1 1 1 100 1 1 1 1 1 1 1 1 1 1 1 1 1 1 1 1 1 100 1 1 1 1 1 1 1 1 12 7 12 1 12 12 12 12 12 12 7 12 12 12 12 7 12 12 1 7 12 12 12 7 12 12 7 12 12 12 12 1 12 1 12 12 12 1 12 12 12 7 12 12 12 100 12 12 12 12 100 12 100 12 12 12 12 12 1 12 1 12 1 12 1 12 12 12 1 12 1 1 12 1 12 12 12 1 12 1 12 12 12 12 12 7 12 12 12 12 12 12 12 1 1 7 12 12 1 100 12 7 12 1 12 12 12 12 12 1 12 12 12 12 1 12 12 12 12 12 12 12 12 1 12 12 12 12 12 1 12 12 12 100 1 1 12 1 12 12 12 12 1 12 1 12 1 12 12 1 12 12 12 1 12 12 12 12 12 12 12 12 12 12 12 1 12 12 12 12 12 12 1 12 12 12 12 12 1 12 12 12 1 1 1 1 1 1 1 1 1 1 1 1 100 1 100 1 1 1 1 1 1 1 1 1 1 1 1 1 1 1 1 1 1 1 1 1 1 1 1 1 1 1 1 1 1 1 1 1 1 1 1 1 1 1 1 1 1 1 1 1 1 1 1 1 1 1 1 1 1 1 1 1 1 1 1 1 1 1 1 1 1 1 1 1 1 1 1 1 1 1 1 1 1 1 1 1 1 1 1 1 1 1 1 1 1 1 1 1 1 1 1 1 1 1 1 1 1 1 1 1 1 1 1 1 1 1 1 1 1 1 1 1 1 1 1 1 1 1 1 1 1 1 1 1 1 1 1 1 1 1 1 1 1 1 1 1 1 1 1 1 1 1 1 1 1 1
staticfield lombok/javac/JavacAST getBodyMethods Ljava/util/concurrent/ConcurrentMap; java/util/concurrent/ConcurrentHashMap
ciInstanceKlass lombok/core/AST$Kind 1 1 78 7 1 7 1 1 1 1 1 1 1 1 1 1 1 1 1 1 1 1 1 8 10 12 1 1 9 12 8 9 12 8 9 12 8 9 12 8 9 12 8 9 12 8 9 12 8 9 12 8 9 12 9 12 1 1 10 1 1 1 10 7 1 12 1 1 1 1 10 12 1 1 1 1 1 100 1 1
staticfield lombok/core/AST$Kind COMPILATION_UNIT Llombok/core/AST$Kind; lombok/core/AST$Kind
staticfield lombok/core/AST$Kind TYPE Llombok/core/AST$Kind; lombok/core/AST$Kind
staticfield lombok/core/AST$Kind FIELD Llombok/core/AST$Kind; lombok/core/AST$Kind
staticfield lombok/core/AST$Kind INITIALIZER Llombok/core/AST$Kind; lombok/core/AST$Kind
staticfield lombok/core/AST$Kind METHOD Llombok/core/AST$Kind; lombok/core/AST$Kind
staticfield lombok/core/AST$Kind ANNOTATION Llombok/core/AST$Kind; lombok/core/AST$Kind
staticfield lombok/core/AST$Kind ARGUMENT Llombok/core/AST$Kind; lombok/core/AST$Kind
staticfield lombok/core/AST$Kind LOCAL Llombok/core/AST$Kind; lombok/core/AST$Kind
staticfield lombok/core/AST$Kind STATEMENT Llombok/core/AST$Kind; lombok/core/AST$Kind
staticfield lombok/core/AST$Kind ENUM$VALUES [Llombok/core/AST$Kind; 9 [Llombok/core/AST$Kind;
ciInstanceKlass lombok/core/LombokImmutableList 1 1 177 7 1 7 1 100 1 1 1 1 1 1 1 1 1 1 10 12 1 1 9 12 1 1 1 1 1 1 1 1 1 1 1 1 1 1 1 1 1 1 1 1 1 1 1 1 1 10 100 1 12 1 1 1 1 1 1 1 1 1 11 7 1 12 1 1 1 1 1 1 1 100 1 10 12 11 12 1 1 11 100 1 12 1 1 11 100 1 12 1 1 11 12 1 1 10 12 1 1 1 1 1 1 1 1 1 10 9 12 1 1 1 1 1 10 100 12 1 1 1 1 1 1 1 1 1 1 1 1 10 12 1 1 1 10 12 10 12 1 1 1 1 1 1 1 1 1 1 1 1 1 7 1 10 12 1 1 1 10 100 1 12 1 10 12 1 1 1 10 12 1 1 1 1 1 1 1
staticfield lombok/core/LombokImmutableList EMPTY Llombok/core/LombokImmutableList; lombok/core/LombokImmutableList
ciInstanceKlass lombok/core/LombokImmutableList$1 1 1 56 7 1 7 1 100 1 1 1 1 1 1 1 1 9 12 10 12 1 9 12 1 1 1 1 1 1 10 7 1 12 1 1 1 1 1 1 100 1 10 1 100 1 8 1 10 12 1 1 1 1 1 12 1 1 1
ciInstanceKlass lombok/core/AST$FieldAccess 1 1 29 7 1 7 1 1 1 1 1 1 1 1 10 12 1 9 12 9 12 1 1 1 1 1 1 1 100 1 1
ciInstanceKlass lombok/javac/JavacAST$1 1 1 88 10 9 9 10 100 9 9 9 10 9 9 10 9 9 9 9 9 9 9 9 7 100 1 1 1 1 1 1 1 1 1 1 1 1 100 7 12 12 12 12 1 12 12 12 7 12 12 12 12 12 12 12 12 12 12 12 1 1 1 1 100 1 1 1 1 1 1 1 1 1 1 1 100 1 1 1 1 1 1 1 1 1 1 1 1 1 1
staticfield lombok/javac/JavacAST$1 $SwitchMap$lombok$core$AST$Kind [I 9
staticfield lombok/javac/JavacAST$1 $SwitchMap$javax$tools$Diagnostic$Kind [I 5
compile lombok/javac/JavacAST buildStatementOrExpression (Lcom/sun/tools/javac/tree/JCTree;)Llombok/javac/JavacNode; -1 4 inline 210 0 -1 lombok/javac/JavacAST buildStatementOrExpression (Lcom/sun/tools/javac/tree/JCTree;)Llombok/javac/JavacNode; 1 46 lombok/javac/JavacAST buildLocalVar (Lcom/sun/tools/javac/tree/JCTree$JCVariableDecl;Llombok/core/AST$Kind;)Llombok/javac/JavacNode; 2 2 lombok/core/AST setAndGetAsHandled (Ljava/lang/Object;)Z 3 6 java/util/IdentityHashMap put (Ljava/lang/Object;Ljava/lang/Object;)Ljava/lang/Object; 4 1 java/util/IdentityHashMap maskNull (Ljava/lang/Object;)Ljava/lang/Object; 4 19 java/util/IdentityHashMap hash (Ljava/lang/Object;I)I 4 65 java/util/IdentityHashMap nextKeyIndex (II)I 4 96 java/util/IdentityHashMap resize (I)Z 5 99 java/util/IdentityHashMap hash (Ljava/lang/Object;I)I 5 115 java/util/IdentityHashMap nextKeyIndex (II)I 2 14 java/util/ArrayList <init> ()V 3 1 java/util/AbstractList <init> ()V 4 1 java/util/AbstractCollection <init> ()V 5 1 java/lang/Object <init> ()V 2 25 com/sun/tools/javac/util/List iterator ()Ljava/util/Iterator; 3 7 com/sun/tools/javac/util/List emptyIterator ()Ljava/util/Iterator; 3 16 com/sun/tools/javac/util/List$3 <init> (Lcom/sun/tools/javac/util/List;)V 4 6 java/lang/Object <init> ()V 2 60 lombok/javac/JavacAST addIfNotNull (Ljava/util/Collection;Llombok/javac/JavacNode;)V 3 6 java/util/ArrayList add (Ljava/lang/Object;)Z 4 7 java/util/ArrayList ensureCapacityInternal (I)V 5 19 java/util/ArrayList ensureExplicitCapacity (I)V 6 22 java/util/ArrayList grow (I)V 7 38 java/util/Arrays copyOf ([Ljava/lang/Object;I)[Ljava/lang/Object; 2 72 lombok/javac/JavacAST buildExpression (Lcom/sun/tools/javac/tree/JCTree$JCExpression;)Llombok/javac/JavacNode; 2 75 lombok/javac/JavacAST addIfNotNull (Ljava/util/Collection;Llombok/javac/JavacNode;)V 3 6 java/util/ArrayList add (Ljava/lang/Object;)Z 4 7 java/util/ArrayList ensureCapacityInternal (I)V 5 19 java/util/ArrayList ensureExplicitCapacity (I)V 6 22 java/util/ArrayList grow (I)V 7 38 java/util/Arrays copyOf ([Ljava/lang/Object;I)[Ljava/lang/Object; 2 87 lombok/javac/JavacNode <init> (Llombok/javac/JavacAST;Lcom/sun/tools/javac/tree/JCTree;Ljava/util/List;Llombok/core/AST$Kind;)V 3 5 lombok/core/LombokNode <init> (Ljava/lang/Object;Ljava/util/List;Llombok/core/AST$Kind;)V 4 1 java/lang/Object <init> ()V 4 20 lombok/core/LombokImmutableList copyOf (Ljava/util/Collection;)Llombok/core/LombokImmutableList; 5 5 java/util/ArrayList toArray ()[Ljava/lang/Object; 6 8 java/util/Arrays copyOf ([Ljava/lang/Object;I)[Ljava/lang/Object; 5 10 lombok/core/LombokImmutableList <init> ([Ljava/lang/Object;)V 6 1 java/lang/Object <init> ()V 4 36 lombok/core/LombokImmutableList iterator ()Ljava/util/Iterator; 5 5 lombok/core/LombokImmutableList$1 <init> (Llombok/core/LombokImmutableList;)V 6 6 java/lang/Object <init> ()V 4 82 lombok/core/LombokImmutableList$1 hasNext ()Z 5 8 lombok/core/LombokImmutableList access$0 (Llombok/core/LombokImmutableList;)[Ljava/lang/Object; 4 46 lombok/core/LombokImmutableList$1 next ()Ljava/lang/Object; 5 8 lombok/core/LombokImmutableList access$0 (Llombok/core/LombokImmutableList;)[Ljava/lang/Object; 5 19 lombok/core/LombokImmutableList access$0 (Llombok/core/LombokImmutableList;)[Ljava/lang/Object; 4 74 lombok/javac/JavacNode calculateIsStructurallySignificant (Ljava/lang/Object;)Z 5 5 lombok/javac/JavacNode calculateIsStructurallySignificant (Lcom/sun/tools/javac/tree/JCTree;)Z 4 93 lombok/javac/JavacNode calculateIsStructurallySignificant (Ljava/lang/Object;)Z 5 5 lombok/javac/JavacNode calculateIsStructurallySignificant (Lcom/sun/tools/javac/tree/JCTree;)Z 2 90 lombok/core/AST putInMap (Llombok/core/LombokNode;)Llombok/core/LombokNode; 3 5 lombok/core/LombokNode get ()Ljava/lang/Object; 3 9 java/util/IdentityHashMap put (Ljava/lang/Object;Ljava/lang/Object;)Ljava/lang/Object; 4 1 java/util/IdentityHashMap maskNull (Ljava/lang/Object;)Ljava/lang/Object; 4 19 java/util/IdentityHashMap hash (Ljava/lang/Object;I)I 4 65 java/util/IdentityHashMap nextKeyIndex (II)I 4 96 java/util/IdentityHashMap resize (I)Z 5 99 java/util/IdentityHashMap hash (Ljava/lang/Object;I)I 5 115 java/util/IdentityHashMap nextKeyIndex (II)I 3 20 lombok/core/LombokNode get ()Ljava/lang/Object; 3 24 lombok/core/LombokNode get ()Ljava/lang/Object; 3 27 java/util/IdentityHashMap put (Ljava/lang/Object;Ljava/lang/Object;)Ljava/lang/Object; 4 1 java/util/IdentityHashMap maskNull (Ljava/lang/Object;)Ljava/lang/Object; 4 19 java/util/IdentityHashMap hash (Ljava/lang/Object;I)I 4 65 java/util/IdentityHashMap nextKeyIndex (II)I 4 96 java/util/IdentityHashMap resize (I)Z 5 99 java/util/IdentityHashMap hash (Ljava/lang/Object;I)I 5 115 java/util/IdentityHashMap nextKeyIndex (II)I 1 70 java/lang/Class getSimpleName ()Ljava/lang/String; 2 34 java/lang/Class getSimpleBinaryName ()Ljava/lang/String; 3 1 java/lang/Class getEnclosingClass ()Ljava/lang/Class; 4 10 java/lang/Class getDeclaringClass ()Ljava/lang/Class; 5 13 java/lang/ClassLoader getClassLoader (Ljava/lang/Class;)Ljava/lang/ClassLoader; 6 7 java/lang/Class getClassLoader0 ()Ljava/lang/ClassLoader; 5 17 java/lang/Class checkPackageAccess (Ljava/lang/ClassLoader;Z)V 6 0 java/lang/System getSecurityManager ()Ljava/lang/SecurityManager; 4 51 java/lang/ClassLoader getClassLoader (Ljava/lang/Class;)Ljava/lang/ClassLoader; 5 7 java/lang/Class getClassLoader0 ()Ljava/lang/ClassLoader; 4 55 java/lang/Class checkPackageAccess (Ljava/lang/ClassLoader;Z)V 5 0 java/lang/System getSecurityManager ()Ljava/lang/SecurityManager; 3 12 java/lang/Class getName ()Ljava/lang/String; 3 16 java/lang/Class getName ()Ljava/lang/String; 3 19 java/lang/String length ()I 3 22 java/lang/String substring (I)Ljava/lang/String; 4 52 java/lang/String <init> ([CII)V 5 1 java/lang/Object <init> ()V 5 75 java/util/Arrays copyOfRange ([CII)[C 2 43 java/lang/Class getName ()Ljava/lang/String; 2 51 java/lang/String lastIndexOf (Ljava/lang/String;)I 3 7 java/lang/String lastIndexOf (Ljava/lang/String;I)I 4 21 java/lang/String lastIndexOf ([CII[CIII)I 2 61 java/lang/String length ()I 2 72 java/lang/String charAt (I)C 2 99 java/lang/String charAt (I)C 2 102 java/lang/Class isAsciiDigit (C)Z 2 116 java/lang/String substring (I)Ljava/lang/String; 3 52 java/lang/String <init> ([CII)V 4 1 java/lang/Object <init> ()V 4 75 java/util/Arrays copyOfRange ([CII)[C 1 89 lombok/core/AST setAndGetAsHandled (Ljava/lang/Object;)Z 2 6 java/util/IdentityHashMap put (Ljava/lang/Object;Ljava/lang/Object;)Ljava/lang/Object; 3 1 java/util/IdentityHashMap maskNull (Ljava/lang/Object;)Ljava/lang/Object; 3 19 java/util/IdentityHashMap hash (Ljava/lang/Object;I)I 3 65 java/util/IdentityHashMap nextKeyIndex (II)I 3 96 java/util/IdentityHashMap resize (I)Z 4 99 java/util/IdentityHashMap hash (Ljava/lang/Object;I)I 4 115 java/util/IdentityHashMap nextKeyIndex (II)I 1 99 lombok/javac/JavacAST drill (Lcom/sun/tools/javac/tree/JCTree;)Llombok/javac/JavacNode; 2 4 java/util/ArrayList <init> ()V 3 1 java/util/AbstractList <init> ()V 4 1 java/util/AbstractCollection <init> ()V 5 1 java/lang/Object <init> ()V 2 13 lombok/core/AST fieldsOf (Ljava/lang/Class;)[Llombok/core/AST$FieldAccess; 3 23 java/util/ArrayList <init> ()V 4 1 java/util/AbstractList <init> ()V 5 1 java/util/AbstractCollection <init> ()V 6 1 java/lang/Object <init> ()V 3 39 java/util/ArrayList size ()I 3 55 java/util/concurrent/ConcurrentHashMap putIfAbsent (Ljava/lang/Object;Ljava/lang/Object;)Ljava/lang/Object; 2 44 lombok/core/AST buildWithField (Ljava/lang/Class;Ljava/lang/Object;Llombok/core/AST$FieldAccess;)Ljava/util/Collection; 3 4 java/util/ArrayList <init> ()V 4 1 java/util/AbstractList <init> ()V 5 1 java/util/AbstractCollection <init> ()V 6 1 java/lang/Object <init> ()V 3 15 lombok/core/AST buildWithField0 (Ljava/lang/Class;Ljava/lang/Object;Llombok/core/AST$FieldAccess;Ljava/util/Collection;)V 4 5 java/lang/reflect/Field get (Ljava/lang/Object;)Ljava/lang/Object; 5 41 java/lang/reflect/Field getFieldAccessor (Ljava/lang/Object;)Lsun/reflect/FieldAccessor; 5 45 sun/reflect/UnsafeObjectFieldAccessorImpl get (Ljava/lang/Object;)Ljava/lang/Object; 6 2 sun/reflect/UnsafeFieldAccessorImpl ensureObj (Ljava/lang/Object;)V 7 4 java/lang/reflect/Field getDeclaringClass ()Ljava/lang/Class; 4 29 lombok/javac/JavacAST buildTree (Ljava/lang/Object;Llombok/core/AST$Kind;)Llombok/core/LombokNode; 5 6 lombok/javac/JavacAST buildTree (Lcom/sun/tools/javac/tree/JCTree;Llombok/core/AST$Kind;)Llombok/javac/JavacNode; 6 4 java/lang/Enum ordinal ()I 6 127 lombok/javac/JavacAST buildStatementOrExpression (Lcom/sun/tools/javac/tree/JCTree;)Llombok/javac/JavacNode; 7 46 lombok/javac/JavacAST buildLocalVar (Lcom/sun/tools/javac/tree/JCTree$JCVariableDecl;Llombok/core/AST$Kind;)Llombok/javac/JavacNode; 8 2 lombok/core/AST setAndGetAsHandled (Ljava/lang/Object;)Z 9 6 java/util/IdentityHashMap put (Ljava/lang/Object;Ljava/lang/Object;)Ljava/lang/Object; 10 1 java/util/IdentityHashMap maskNull (Ljava/lang/Object;)Ljava/lang/Object; 10 19 java/util/IdentityHashMap hash (Ljava/lang/Object;I)I 10 65 java/util/IdentityHashMap nextKeyIndex (II)I 10 96 java/util/IdentityHashMap resize (I)Z 8 14 java/util/ArrayList <init> ()V 9 1 java/util/AbstractList <init> ()V 10 1 java/util/AbstractCollection <init> ()V 8 25 com/sun/tools/javac/util/List iterator ()Ljava/util/Iterator; 9 7 com/sun/tools/javac/util/List emptyIterator ()Ljava/util/Iterator; 9 16 com/sun/tools/javac/util/List$3 <init> (Lcom/sun/tools/javac/util/List;)V 10 6 java/lang/Object <init> ()V 8 60 lombok/javac/JavacAST addIfNotNull (Ljava/util/Collection;Llombok/javac/JavacNode;)V 9 6 java/util/ArrayList add (Ljava/lang/Object;)Z 10 7 java/util/ArrayList ensureCapacityInternal (I)V 8 72 lombok/javac/JavacAST buildExpression (Lcom/sun/tools/javac/tree/JCTree$JCExpression;)Llombok/javac/JavacNode; 8 75 lombok/javac/JavacAST addIfNotNull (Ljava/util/Collection;Llombok/javac/JavacNode;)V 9 6 java/util/ArrayList add (Ljava/lang/Object;)Z 10 7 java/util/ArrayList ensureCapacityInternal (I)V 8 87 lombok/javac/JavacNode <init> (Llombok/javac/JavacAST;Lcom/sun/tools/javac/tree/JCTree;Ljava/util/List;Llombok/core/AST$Kind;)V 9 5 lombok/core/LombokNode <init> (Ljava/lang/Object;Ljava/util/List;Llombok/core/AST$Kind;)V 10 1 java/lang/Object <init> ()V 10 20 lombok/core/LombokImmutableList copyOf (Ljava/util/Collection;)Llombok/core/LombokImmutableList; 10 36 lombok/core/LombokImmutableList iterator ()Ljava/util/Iterator; 10 82 lombok/core/LombokImmutableList$1 hasNext ()Z 11 8 lombok/core/LombokImmutableList access$0 (Llombok/core/LombokImmutableList;)[Ljava/lang/Object; 10 46 lombok/core/LombokImmutableList$1 next ()Ljava/lang/Object; 11 8 lombok/core/LombokImmutableList access$0 (Llombok/core/LombokImmutableList;)[Ljava/lang/Object; 11 19 lombok/core/LombokImmutableList access$0 (Llombok/core/LombokImmutableList;)[Ljava/lang/Object; 10 74 lombok/javac/JavacNode calculateIsStructurallySignificant (Ljava/lang/Object;)Z 10 93 lombok/javac/JavacNode calculateIsStructurallySignificant (Ljava/lang/Object;)Z 8 90 lombok/core/AST putInMap (Llombok/core/LombokNode;)Llombok/core/LombokNode; 9 5 lombok/core/LombokNode get ()Ljava/lang/Object; 9 9 java/util/IdentityHashMap put (Ljava/lang/Object;Ljava/lang/Object;)Ljava/lang/Object; 10 1 java/util/IdentityHashMap maskNull (Ljava/lang/Object;)Ljava/lang/Object; 10 19 java/util/IdentityHashMap hash (Ljava/lang/Object;I)I 10 65 java/util/IdentityHashMap nextKeyIndex (II)I 10 96 java/util/IdentityHashMap resize (I)Z 9 20 lombok/core/LombokNode get ()Ljava/lang/Object; 9 24 lombok/core/LombokNode get ()Ljava/lang/Object; 9 27 java/util/IdentityHashMap put (Ljava/lang/Object;Ljava/lang/Object;)Ljava/lang/Object; 10 1 java/util/IdentityHashMap maskNull (Ljava/lang/Object;)Ljava/lang/Object; 10 19 java/util/IdentityHashMap hash (Ljava/lang/Object;I)I 10 65 java/util/IdentityHashMap nextKeyIndex (II)I 10 96 java/util/IdentityHashMap resize (I)Z 7 70 java/lang/Class getSimpleName ()Ljava/lang/String; 8 34 java/lang/Class getSimpleBinaryName ()Ljava/lang/String; 9 1 java/lang/Class getEnclosingClass ()Ljava/lang/Class; 10 10 java/lang/Class getDeclaringClass ()Ljava/lang/Class; 10 51 java/lang/ClassLoader getClassLoader (Ljava/lang/Class;)Ljava/lang/ClassLoader; 11 7 java/lang/Class getClassLoader0 ()Ljava/lang/ClassLoader; 10 55 java/lang/Class checkPackageAccess (Ljava/lang/ClassLoader;Z)V 9 12 java/lang/Class getName ()Ljava/lang/String; 9 16 java/lang/Class getName ()Ljava/lang/String; 9 19 java/lang/String length ()I 9 22 java/lang/String substring (I)Ljava/lang/String; 10 52 java/lang/String <init> ([CII)V 8 43 java/lang/Class getName ()Ljava/lang/String; 8 51 java/lang/String lastIndexOf (Ljava/lang/String;)I 9 7 java/lang/String lastIndexOf (Ljava/lang/String;I)I 10 21 java/lang/String lastIndexOf ([CII[CIII)I 8 61 java/lang/String length ()I 8 72 java/lang/String charAt (I)C 8 99 java/lang/String charAt (I)C 8 102 java/lang/Class isAsciiDigit (C)Z 8 116 java/lang/String substring (I)Ljava/lang/String; 9 52 java/lang/String <init> ([CII)V 10 1 java/lang/Object <init> ()V 10 75 java/util/Arrays copyOfRange ([CII)[C 7 89 lombok/core/AST setAndGetAsHandled (Ljava/lang/Object;)Z 8 6 java/util/IdentityHashMap put (Ljava/lang/Object;Ljava/lang/Object;)Ljava/lang/Object; 9 1 java/util/IdentityHashMap maskNull (Ljava/lang/Object;)Ljava/lang/Object; 9 19 java/util/IdentityHashMap hash (Ljava/lang/Object;I)I
